{
    "type": "FeatureCollection",
    "name": "localizacion_circuitos",
    "crs": {
        "type": "name",
        "properties": {
            "name": "urn:ogc:def:crs:EPSG::4979"
        }
    },
    "features": [
        {
            "type": "Feature",
            "properties": {
                "CIRCUITO": "Frontino - Nutibara",
                "LONG_INTER": 25,
                "ORDEN": 2,
                "NOMBRE_VIA": "El Boton - Frontino",
                "CODIGO_VIA": "62AN08",
                "MPIO_NOMBR": "FRONTINO",
                "SUBREGION": "OCCIDENTE",
                "Long_km": 25,
                "AV_FISICO": 0.03,
                "AV_FINAN": 0.03,
                "CONTRATIST": "CONSORCIO EL PROGRESO",
                "INTERV": "RENTAN - CONSORCIO TEMPORALES",
                "VALOR_CTO": 104855613958,
                "LOTE": 2,
                "PLAZO_MESE": 18,
                "FECHA_INI": "10/02/2026",
                "CTO": "25OO111B2821",
                "Shape_Leng": 24381.226553,
                "ESTABILIZADO": 0
            },
            "geometry": {
                "type": "MultiLineString",
                "coordinates": [
                    [
                        [
                            -76.13438366690848,
                            6.765335833482728
                        ],
                        [
                            -76.13638026960913,
                            6.763444712485152
                        ],
                        [
                            -76.14004229370346,
                            6.761178532550904
                        ],
                        [
                            -76.1410577233168,
                            6.758644885163567
                        ],
                        [
                            -76.1428517542852,
                            6.757882901576541
                        ],
                        [
                            -76.14327576972698,
                            6.757047953702391
                        ],
                        [
                            -76.14408675397374,
                            6.756392208610785
                        ],
                        [
                            -76.14490272941603,
                            6.754456123440843
                        ],
                        [
                            -76.1447267521535,
                            6.753954105688823
                        ],
                        [
                            -76.14520778700896,
                            6.75361914666399
                        ],
                        [
                            -76.14518150160146,
                            6.753122019661535
                        ],
                        [
                            -76.1457076150574,
                            6.752782478244855
                        ],
                        [
                            -76.14599595765269,
                            6.751822975688207
                        ],
                        [
                            -76.1453099067583,
                            6.749965578365662
                        ],
                        [
                            -76.14544283058419,
                            6.74780361328266
                        ],
                        [
                            -76.14681546333553,
                            6.742564802583169
                        ],
                        [
                            -76.14658963173154,
                            6.741215087806262
                        ],
                        [
                            -76.14740027540574,
                            6.741804124054552
                        ],
                        [
                            -76.1479597375248,
                            6.743353583540167
                        ],
                        [
                            -76.14787519163062,
                            6.744096703681131
                        ],
                        [
                            -76.14841325955582,
                            6.744460983824452
                        ],
                        [
                            -76.14891054734579,
                            6.745596412304417
                        ],
                        [
                            -76.14911797485328,
                            6.747829054690187
                        ],
                        [
                            -76.14986987085213,
                            6.749929562857574
                        ],
                        [
                            -76.15091461761143,
                            6.75063823937018
                        ],
                        [
                            -76.1512729458227,
                            6.750559923221818
                        ],
                        [
                            -76.15166430967875,
                            6.749655723331576
                        ],
                        [
                            -76.15295127106951,
                            6.749351674039134
                        ],
                        [
                            -76.15316041927186,
                            6.748209244434045
                        ],
                        [
                            -76.1543153619057,
                            6.747123441543911
                        ],
                        [
                            -76.15452064168687,
                            6.747345553159015
                        ],
                        [
                            -76.15434327842962,
                            6.748189286715783
                        ],
                        [
                            -76.15589630791587,
                            6.748873809905276
                        ],
                        [
                            -76.15533860417719,
                            6.749619433982839
                        ],
                        [
                            -76.15563301052384,
                            6.750036615920106
                        ],
                        [
                            -76.15663205563231,
                            6.74971005371038
                        ],
                        [
                            -76.15721157073025,
                            6.749889783916547
                        ],
                        [
                            -76.15903491831668,
                            6.749680240557002
                        ],
                        [
                            -76.16072169257568,
                            6.750419747782026
                        ],
                        [
                            -76.16194137144335,
                            6.749468907875025
                        ],
                        [
                            -76.16302084198897,
                            6.75016862855986
                        ],
                        [
                            -76.16357009950038,
                            6.750014435595873
                        ],
                        [
                            -76.16396448399851,
                            6.750278624233397
                        ],
                        [
                            -76.16490441140652,
                            6.749390429421304
                        ],
                        [
                            -76.16557852726547,
                            6.749365487587369
                        ],
                        [
                            -76.1664372701359,
                            6.748302315233604
                        ],
                        [
                            -76.16692278728318,
                            6.748516483076624
                        ],
                        [
                            -76.16758311548541,
                            6.749456683599449
                        ],
                        [
                            -76.16801850063524,
                            6.748328114301644
                        ],
                        [
                            -76.16836250692403,
                            6.74858519639775
                        ],
                        [
                            -76.16911001501713,
                            6.748505199138971
                        ],
                        [
                            -76.16952769394528,
                            6.749368962091459
                        ],
                        [
                            -76.17088571164699,
                            6.748985044318782
                        ],
                        [
                            -76.17094666459418,
                            6.749749541607511
                        ],
                        [
                            -76.1717713770873,
                            6.750350214545739
                        ],
                        [
                            -76.17207861776073,
                            6.751450054549005
                        ],
                        [
                            -76.17273737590632,
                            6.749994415514847
                        ],
                        [
                            -76.17341760711165,
                            6.749229603970682
                        ],
                        [
                            -76.17437911862395,
                            6.749167924362544
                        ],
                        [
                            -76.17429652196903,
                            6.748533417564254
                        ],
                        [
                            -76.17457334240765,
                            6.748078095141302
                        ],
                        [
                            -76.17418039881476,
                            6.747707007221873
                        ],
                        [
                            -76.17407050652376,
                            6.747047852993123
                        ],
                        [
                            -76.17336067700963,
                            6.74672819227113
                        ],
                        [
                            -76.17310163802408,
                            6.74610049829643
                        ],
                        [
                            -76.17330129727337,
                            6.745311885258332
                        ],
                        [
                            -76.17488940587367,
                            6.744795235842449
                        ],
                        [
                            -76.17619996341996,
                            6.745008850645554
                        ],
                        [
                            -76.1755696279839,
                            6.742546909880651
                        ],
                        [
                            -76.17441602087546,
                            6.741971401991438
                        ],
                        [
                            -76.17542621379606,
                            6.741299562850488
                        ],
                        [
                            -76.17532496804768,
                            6.740384342012759
                        ],
                        [
                            -76.1758939048442,
                            6.739556417737256
                        ],
                        [
                            -76.17632348786799,
                            6.741040691954041
                        ],
                        [
                            -76.17816074812202,
                            6.743705718190509
                        ],
                        [
                            -76.17833821332451,
                            6.745152358813232
                        ],
                        [
                            -76.17955224179119,
                            6.746699182520238
                        ],
                        [
                            -76.17947141451646,
                            6.748105167016863
                        ],
                        [
                            -76.18018980430531,
                            6.751467398149334
                        ],
                        [
                            -76.1812763553858,
                            6.752227276414276
                        ],
                        [
                            -76.18256412520626,
                            6.752130051377533
                        ],
                        [
                            -76.18405032291034,
                            6.751569347445582
                        ],
                        [
                            -76.18655785539134,
                            6.753758308412904
                        ],
                        [
                            -76.18756340786778,
                            6.754081492185684
                        ],
                        [
                            -76.18767909328238,
                            6.755095396069424
                        ],
                        [
                            -76.18731005349386,
                            6.756056835326018
                        ],
                        [
                            -76.18750538507332,
                            6.756629645508159
                        ],
                        [
                            -76.1870772767698,
                            6.757387257538302
                        ],
                        [
                            -76.1871564295017,
                            6.757964191160085
                        ],
                        [
                            -76.18813837375183,
                            6.758293809564176
                        ],
                        [
                            -76.18880984482473,
                            6.760269564813457
                        ],
                        [
                            -76.19035616966556,
                            6.762032499374687
                        ],
                        [
                            -76.19085732289335,
                            6.763455734265414
                        ],
                        [
                            -76.19277944383387,
                            6.766056370504177
                        ],
                        [
                            -76.19571472477261,
                            6.767663992558282
                        ],
                        [
                            -76.19656776756895,
                            6.767779719747064
                        ],
                        [
                            -76.19728561631793,
                            6.768753924063951
                        ],
                        [
                            -76.1990196337175,
                            6.769704231901654
                        ],
                        [
                            -76.19905389939892,
                            6.77010393430679
                        ],
                        [
                            -76.1978811739288,
                            6.772408584221894
                        ],
                        [
                            -76.19828804485722,
                            6.77393114893715
                        ],
                        [
                            -76.19869726429518,
                            6.77441670048359
                        ],
                        [
                            -76.19996942394,
                            6.774996721388685
                        ],
                        [
                            -76.20061134906312,
                            6.775868979873342
                        ],
                        [
                            -76.20253281118232,
                            6.776259923389587
                        ],
                        [
                            -76.2032618651382,
                            6.776975493441642
                        ],
                        [
                            -76.20451548054282,
                            6.777559769966861
                        ],
                        [
                            -76.2068196817792,
                            6.78183193771734
                        ],
                        [
                            -76.20802847749209,
                            6.783092574688444
                        ],
                        [
                            -76.20959806444755,
                            6.791790510716671
                        ],
                        [
                            -76.2102719757397,
                            6.793343325055389
                        ],
                        [
                            -76.20966993991749,
                            6.794022760035343
                        ],
                        [
                            -76.20883746285045,
                            6.794420618578896
                        ],
                        [
                            -76.20791883113438,
                            6.794153791934521
                        ],
                        [
                            -76.2073721393452,
                            6.795109557135917
                        ],
                        [
                            -76.20782872225782,
                            6.796251736783695
                        ],
                        [
                            -76.2075522617947,
                            6.798032911752768
                        ],
                        [
                            -76.20785961058394,
                            6.799178460699641
                        ],
                        [
                            -76.20765937281197,
                            6.800425738081726
                        ],
                        [
                            -76.2079327164272,
                            6.800853363347088
                        ],
                        [
                            -76.20897571022095,
                            6.801127213241783
                        ],
                        [
                            -76.20967730959453,
                            6.804143001505934
                        ],
                        [
                            -76.21003874899539,
                            6.804623990073578
                        ],
                        [
                            -76.21093131779833,
                            6.80503460800635
                        ],
                        [
                            -76.21134749511498,
                            6.805948117381188
                        ],
                        [
                            -76.21121737588751,
                            6.80672623144521
                        ],
                        [
                            -76.21050463593426,
                            6.80779963667509
                        ],
                        [
                            -76.21059752300688,
                            6.809132850902191
                        ],
                        [
                            -76.21008808172,
                            6.811756254206294
                        ],
                        [
                            -76.2097332386361,
                            6.812385119961003
                        ],
                        [
                            -76.20965314608002,
                            6.813993345173289
                        ],
                        [
                            -76.21111940123897,
                            6.815310411663647
                        ],
                        [
                            -76.21260120583979,
                            6.815576368086668
                        ],
                        [
                            -76.21438165539254,
                            6.815393072798559
                        ],
                        [
                            -76.21570561695472,
                            6.814795218100231
                        ],
                        [
                            -76.21602377445842,
                            6.81528512924141
                        ],
                        [
                            -76.21679844169716,
                            6.815667853441263
                        ],
                        [
                            -76.21770565842536,
                            6.814724435475815
                        ],
                        [
                            -76.21929245035126,
                            6.814584860640392
                        ],
                        [
                            -76.2202271130729,
                            6.815312452542776
                        ],
                        [
                            -76.22011861864512,
                            6.817252038597666
                        ],
                        [
                            -76.2213907433787,
                            6.819398632928961
                        ],
                        [
                            -76.22158203895266,
                            6.820291445329584
                        ],
                        [
                            -76.2224552781476,
                            6.81988326824702
                        ]
                    ]
                ]
            }
        },
        {
            "type": "Feature",
            "properties": {
                "CIRCUITO": "Frontino - Nutibara",
                "LONG_INTER": 25,
                "ORDEN": 2,
                "NOMBRE_VIA": "Paso Ancho - Nutibara - Murrí",
                "CODIGO_VIA": "05284VT66",
                "MPIO_NOMBR": "FRONTINO",
                "SUBREGION": "OCCIDENTE",
                "Long_km": 0,
                "AV_FISICO": 0.03,
                "AV_FINAN": 0.03,
                "CONTRATIST": "CONSORCIO EL PROGRESO",
                "INTERV": "RENTAN - CONSORCIO TEMPORALES",
                "VALOR_CTO": 104855613958,
                "LOTE": 2,
                "PLAZO_MESE": 18,
                "FECHA_INI": "10/02/2026",
                "CTO": "25OO111B2821",
                "Shape_Leng": 24381.226553,
                "ESTABILIZADO": 0
            },
            "geometry": {
                "type": "MultiLineString",
                "coordinates": [
                    [
                        [
                            -76.22358051959503,
                            6.82027077319521
                        ],
                        [
                            -76.22341768045816,
                            6.819906863820256
                        ],
                        [
                            -76.22364539834435,
                            6.819279284771503
                        ],
                        [
                            -76.22298993123566,
                            6.819169118601129
                        ],
                        [
                            -76.22270353575328,
                            6.818518990135333
                        ],
                        [
                            -76.22280448586095,
                            6.81740288336822
                        ],
                        [
                            -76.22310202220996,
                            6.816571478945299
                        ],
                        [
                            -76.22448531786195,
                            6.815428059796035
                        ],
                        [
                            -76.2289269568998,
                            6.813794298818938
                        ],
                        [
                            -76.22961373156217,
                            6.814741951991712
                        ]
                    ]
                ]
            }
        },
        {
            "type": "Feature",
            "properties": {
                "CIRCUITO": "Valparaíso - Támesis",
                "LONG_INTER": 22.51,
                "ORDEN": 3,
                "NOMBRE_VIA": "Valparaíso - Tamesis",
                "CODIGO_VIA": "25AN01-2",
                "MPIO_NOMBR": "TÁMESIS",
                "SUBREGION": "SUROESTE",
                "Long_km": 14.94,
                "AV_FISICO": 0.03,
                "AV_FINAN": 0.03,
                "CONTRATIST": "CONSORCIO VIAS ANTIOQUIA MM 2025",
                "INTERV": "RENTAN - SADING GROUP S.A.S",
                "VALOR_CTO": 72870090400,
                "LOTE": 5,
                "PLAZO_MESE": 12,
                "FECHA_INI": "05/02/2026",
                "CTO": "25OO111B2824",
                "Shape_Leng": 14412.6390146,
                "ESTABILIZADO": 0
            },
            "geometry": {
                "type": "MultiLineString",
                "coordinates": [
                    [
                        [
                            -75.672100100333,
                            5.611540994443867
                        ],
                        [
                            -75.67272821614,
                            5.612416942972495
                        ],
                        [
                            -75.6723712644871,
                            5.612982262614142
                        ],
                        [
                            -75.67245716879529,
                            5.61417409828025
                        ],
                        [
                            -75.67418564069204,
                            5.6154632679263
                        ],
                        [
                            -75.67494377146065,
                            5.617101867572145
                        ],
                        [
                            -75.67567919415379,
                            5.617514212585277
                        ],
                        [
                            -75.67541603058957,
                            5.617946585153614
                        ],
                        [
                            -75.67567217049474,
                            5.618842137778822
                        ],
                        [
                            -75.67485944120152,
                            5.619059369744849
                        ],
                        [
                            -75.67441449568605,
                            5.619666315781561
                        ],
                        [
                            -75.67452548674201,
                            5.620984881279071
                        ],
                        [
                            -75.67556179684776,
                            5.622524116793356
                        ],
                        [
                            -75.67650550996795,
                            5.622987794839124
                        ],
                        [
                            -75.67679215541823,
                            5.62288378089015
                        ],
                        [
                            -75.67685432783787,
                            5.622270071305302
                        ],
                        [
                            -75.67626882496384,
                            5.621145434330939
                        ],
                        [
                            -75.67653299525429,
                            5.620648501230886
                        ],
                        [
                            -75.67710599317618,
                            5.620823433672645
                        ],
                        [
                            -75.67745957672172,
                            5.620621643031982
                        ],
                        [
                            -75.67756419427839,
                            5.618250560951891
                        ],
                        [
                            -75.67855784704527,
                            5.616771858390646
                        ],
                        [
                            -75.67763363853491,
                            5.615138028201849
                        ],
                        [
                            -75.67785050676524,
                            5.614817093562131
                        ],
                        [
                            -75.67876695404749,
                            5.614948532526725
                        ],
                        [
                            -75.67891546926042,
                            5.615954311399202
                        ],
                        [
                            -75.67940743571005,
                            5.61631687643933
                        ],
                        [
                            -75.67963812238122,
                            5.616086160260402
                        ],
                        [
                            -75.67954617889352,
                            5.615505754439906
                        ],
                        [
                            -75.67989806804869,
                            5.615500268952056
                        ],
                        [
                            -75.6803342054061,
                            5.617001214333631
                        ],
                        [
                            -75.67936012450694,
                            5.61807877260417
                        ],
                        [
                            -75.67944706493267,
                            5.61836172474542
                        ],
                        [
                            -75.6807886659597,
                            5.617937147625071
                        ],
                        [
                            -75.6812036720049,
                            5.616977063990776
                        ],
                        [
                            -75.68176766412213,
                            5.616992054613988
                        ],
                        [
                            -75.68130599677528,
                            5.618004099830838
                        ],
                        [
                            -75.68224350420637,
                            5.618210124200992
                        ],
                        [
                            -75.68248785043475,
                            5.619844000645114
                        ],
                        [
                            -75.68319969385556,
                            5.619406627595131
                        ],
                        [
                            -75.68327309360151,
                            5.61876535281774
                        ],
                        [
                            -75.6843705292927,
                            5.619138615386841
                        ],
                        [
                            -75.68378353109345,
                            5.618268502318625
                        ],
                        [
                            -75.68411229961504,
                            5.61782553845315
                        ],
                        [
                            -75.6847962210106,
                            5.618368743500622
                        ],
                        [
                            -75.68674464737403,
                            5.617985167983496
                        ],
                        [
                            -75.68766783717409,
                            5.618809730232126
                        ],
                        [
                            -75.68834816629848,
                            5.62015144939217
                        ],
                        [
                            -75.68821552435304,
                            5.621517549860911
                        ],
                        [
                            -75.68899090921927,
                            5.622541926062736
                        ],
                        [
                            -75.68901208190775,
                            5.624053812008404
                        ],
                        [
                            -75.68946055309259,
                            5.624619115955094
                        ],
                        [
                            -75.68978757144079,
                            5.630301123248915
                        ],
                        [
                            -75.69018235769846,
                            5.630704951090068
                        ],
                        [
                            -75.69109715070964,
                            5.630185175804497
                        ],
                        [
                            -75.69117369839509,
                            5.629619456561977
                        ],
                        [
                            -75.69200584785865,
                            5.628860824089657
                        ],
                        [
                            -75.69380176749532,
                            5.628230043350134
                        ],
                        [
                            -75.69523467459425,
                            5.628095172336979
                        ],
                        [
                            -75.69713536642318,
                            5.628623119007001
                        ],
                        [
                            -75.69773509748819,
                            5.628483453819808
                        ],
                        [
                            -75.69831338503637,
                            5.627180391486668
                        ],
                        [
                            -75.6996983432348,
                            5.626239616262049
                        ],
                        [
                            -75.7003771921833,
                            5.624486515726266
                        ],
                        [
                            -75.70122559280597,
                            5.624108172421071
                        ],
                        [
                            -75.70172393848787,
                            5.624392530837348
                        ],
                        [
                            -75.70210817145542,
                            5.625206960700289
                        ],
                        [
                            -75.70232699146791,
                            5.627996365244665
                        ],
                        [
                            -75.7032940879949,
                            5.628202152669203
                        ],
                        [
                            -75.70351620488641,
                            5.628678511477851
                        ],
                        [
                            -75.70290448502361,
                            5.629602960854758
                        ],
                        [
                            -75.70309483069245,
                            5.630064149228742
                        ],
                        [
                            -75.70291701553302,
                            5.631242776576221
                        ],
                        [
                            -75.70329855906478,
                            5.632138227993972
                        ],
                        [
                            -75.7026050779551,
                            5.632852059945384
                        ],
                        [
                            -75.70185945025338,
                            5.637022378728736
                        ],
                        [
                            -75.70150190972078,
                            5.637853398434533
                        ],
                        [
                            -75.70093338602494,
                            5.63828925375981
                        ],
                        [
                            -75.70241269478637,
                            5.639960641971577
                        ],
                        [
                            -75.70326829375017,
                            5.640345289597712
                        ],
                        [
                            -75.70277592467454,
                            5.641054614804907
                        ],
                        [
                            -75.70219345475601,
                            5.641177279051103
                        ],
                        [
                            -75.70091026126819,
                            5.642409294533316
                        ],
                        [
                            -75.69996234934551,
                            5.643830084166103
                        ],
                        [
                            -75.70072539133419,
                            5.644517373082696
                        ],
                        [
                            -75.70112442267848,
                            5.646334515592317
                        ],
                        [
                            -75.70304103921404,
                            5.648250011589952
                        ],
                        [
                            -75.70565469561984,
                            5.648709293932963
                        ],
                        [
                            -75.70665773459275,
                            5.648287987309748
                        ],
                        [
                            -75.70728050813211,
                            5.648755132954845
                        ],
                        [
                            -75.70834636267006,
                            5.648676280143887
                        ],
                        [
                            -75.7089230508662,
                            5.64910202864338
                        ],
                        [
                            -75.7107704864277,
                            5.64931735884573
                        ],
                        [
                            -75.71067298387422,
                            5.65003839347051
                        ],
                        [
                            -75.70949388361164,
                            5.651001923407846
                        ],
                        [
                            -75.70984000561464,
                            5.651746895340009
                        ],
                        [
                            -75.7084345014124,
                            5.654905346011161
                        ],
                        [
                            -75.70870361872383,
                            5.655440723231937
                        ],
                        [
                            -75.71015308514542,
                            5.654532865891142
                        ],
                        [
                            -75.7108676282337,
                            5.652959896122987
                        ],
                        [
                            -75.71115338563001,
                            5.652885892655311
                        ],
                        [
                            -75.71098298940186,
                            5.653754134018159
                        ],
                        [
                            -75.71130608168518,
                            5.654502108363643
                        ],
                        [
                            -75.71045490273161,
                            5.656012930299087
                        ],
                        [
                            -75.70989855623247,
                            5.657976048900776
                        ],
                        [
                            -75.71037149931277,
                            5.658767833000823
                        ]
                    ]
                ]
            }
        },
        {
            "type": "Feature",
            "properties": {
                "CIRCUITO": "Valparaíso - Támesis",
                "LONG_INTER": 22.51,
                "ORDEN": 3,
                "NOMBRE_VIA": "Valparaíso - Tamesis",
                "CODIGO_VIA": "25AN01-2",
                "MPIO_NOMBR": "VALPARAISO",
                "SUBREGION": "SUROESTE",
                "Long_km": 7.57,
                "AV_FISICO": 0.03,
                "AV_FINAN": 0.03,
                "CONTRATIST": "CONSORCIO VIAS ANTIOQUIA MM 2025",
                "INTERV": "RENTAN - SADING GROUP S.A.S",
                "VALOR_CTO": 72870090400,
                "LOTE": 5,
                "PLAZO_MESE": 12,
                "FECHA_INI": "05/02/2026",
                "CTO": "25OO111B2824",
                "Shape_Leng": 7336.15961955,
                "ESTABILIZADO": 0
            },
            "geometry": {
                "type": "MultiLineString",
                "coordinates": [
                    [
                        [
                            -75.63632606265264,
                            5.614683599488076
                        ],
                        [
                            -75.63725223494285,
                            5.615943682105998
                        ],
                        [
                            -75.63683197407354,
                            5.616657901649168
                        ],
                        [
                            -75.63697849404073,
                            5.616989951452508
                        ],
                        [
                            -75.6394162604245,
                            5.618099871830681
                        ],
                        [
                            -75.64089497080182,
                            5.617750135550924
                        ],
                        [
                            -75.6414421719947,
                            5.617088676946901
                        ],
                        [
                            -75.64094094692726,
                            5.615857207020305
                        ],
                        [
                            -75.64155846858698,
                            5.614626047797334
                        ],
                        [
                            -75.64324281392948,
                            5.613395384666848
                        ],
                        [
                            -75.64345724473839,
                            5.611931755935557
                        ],
                        [
                            -75.64404772887484,
                            5.611457789418448
                        ],
                        [
                            -75.6442218823947,
                            5.61054148162215
                        ],
                        [
                            -75.6446552593059,
                            5.610131042323792
                        ],
                        [
                            -75.64744067606837,
                            5.609523306660263
                        ],
                        [
                            -75.64822411565828,
                            5.608131755183759
                        ],
                        [
                            -75.6499003510147,
                            5.60888371390883
                        ],
                        [
                            -75.6508375575452,
                            5.608851114322944
                        ],
                        [
                            -75.6516528833841,
                            5.609562759642477
                        ],
                        [
                            -75.65203934727116,
                            5.6125765847025
                        ],
                        [
                            -75.65283434633834,
                            5.611613347723676
                        ],
                        [
                            -75.65352482618803,
                            5.611462572944277
                        ],
                        [
                            -75.65366039727154,
                            5.610611762685598
                        ],
                        [
                            -75.65450708661047,
                            5.609634290352517
                        ],
                        [
                            -75.65581010090656,
                            5.610199145892652
                        ],
                        [
                            -75.65662212042002,
                            5.609373392685902
                        ],
                        [
                            -75.65727052712282,
                            5.60972420325318
                        ],
                        [
                            -75.6573112593489,
                            5.610129268634419
                        ],
                        [
                            -75.65671524658696,
                            5.610804252907093
                        ],
                        [
                            -75.65717938481981,
                            5.611396069293095
                        ],
                        [
                            -75.65690386695942,
                            5.612204475225302
                        ],
                        [
                            -75.65713463960364,
                            5.612388715388049
                        ],
                        [
                            -75.65946103237951,
                            5.611541131304243
                        ],
                        [
                            -75.6597345593694,
                            5.61040296163914
                        ],
                        [
                            -75.66055561928003,
                            5.609231277573086
                        ],
                        [
                            -75.6628331995644,
                            5.608751057398721
                        ],
                        [
                            -75.6646635734952,
                            5.609203862225401
                        ],
                        [
                            -75.66570924391108,
                            5.610936928975137
                        ],
                        [
                            -75.6669228588489,
                            5.610344388973278
                        ],
                        [
                            -75.66717988793057,
                            5.608706687533701
                        ],
                        [
                            -75.66833489911784,
                            5.608750613160718
                        ],
                        [
                            -75.66854959321238,
                            5.609977292047852
                        ],
                        [
                            -75.66780065380021,
                            5.610418657621572
                        ],
                        [
                            -75.6689334932977,
                            5.611984001061475
                        ],
                        [
                            -75.66752507313494,
                            5.613374646862949
                        ],
                        [
                            -75.66762505296086,
                            5.614064703848975
                        ],
                        [
                            -75.66887047222198,
                            5.613476278087149
                        ],
                        [
                            -75.66902507760402,
                            5.613011061200367
                        ],
                        [
                            -75.66990495749671,
                            5.612446986080369
                        ],
                        [
                            -75.67007564639256,
                            5.611712357387414
                        ],
                        [
                            -75.672100100333,
                            5.611540994443867
                        ]
                    ]
                ]
            }
        },
        {
            "type": "Feature",
            "properties": {
                "CIRCUITO": "Carolina del Principe - Angostura",
                "LONG_INTER": 13.62,
                "ORDEN": 2,
                "NOMBRE_VIA": "La Ese - Angostura - La Ye (Partidas Angostura)",
                "CODIGO_VIA": "25AN09-1",
                "MPIO_NOMBR": "ANGOSTURA",
                "SUBREGION": "NORTE",
                "Long_km": 13.62,
                "AV_FISICO": 0.03,
                "AV_FINAN": 0.03,
                "CONTRATIST": "CONSORCIO VIAS ANTIOQUIA NORTE",
                "INTERV": "RENTAN - CONSORCIO INTERVIALES 2025",
                "VALOR_CTO": 124487403196,
                "LOTE": 8,
                "PLAZO_MESE": 18,
                "FECHA_INI": "11/02/2026",
                "CTO": "25OO111B2826",
                "Shape_Leng": 13104.4955419,
                "ESTABILIZADO": 0
            },
            "geometry": {
                "type": "MultiLineString",
                "coordinates": [
                    [
                        [
                            -75.29489844054069,
                            6.820830170460257
                        ],
                        [
                            -75.29471537533621,
                            6.82119802666541
                        ],
                        [
                            -75.29567463331574,
                            6.822150441985293
                        ],
                        [
                            -75.29670790548253,
                            6.822661441385358
                        ],
                        [
                            -75.29702208251948,
                            6.823480375605254
                        ],
                        [
                            -75.29788972731559,
                            6.823444136156902
                        ],
                        [
                            -75.29837142559307,
                            6.823833792779924
                        ],
                        [
                            -75.29861637101482,
                            6.823248145645103
                        ],
                        [
                            -75.2993624339307,
                            6.823511635798072
                        ],
                        [
                            -75.29975654927341,
                            6.823052686885617
                        ],
                        [
                            -75.30051766022844,
                            6.824097505862158
                        ],
                        [
                            -75.30028847087168,
                            6.8247168442979
                        ],
                        [
                            -75.29906824646645,
                            6.825301284756102
                        ],
                        [
                            -75.29910361568152,
                            6.825718416028105
                        ],
                        [
                            -75.29874682934017,
                            6.826123386802752
                        ],
                        [
                            -75.29929685895675,
                            6.827694126385822
                        ],
                        [
                            -75.3013785310583,
                            6.827978675100685
                        ],
                        [
                            -75.30246333582923,
                            6.826892527743015
                        ],
                        [
                            -75.30301207661888,
                            6.827121035836212
                        ],
                        [
                            -75.30420870088439,
                            6.826802687740963
                        ],
                        [
                            -75.30473743439576,
                            6.827412993773974
                        ],
                        [
                            -75.30649383520662,
                            6.827922969626633
                        ],
                        [
                            -75.30699327702182,
                            6.828463749784775
                        ],
                        [
                            -75.30668966104842,
                            6.829797898945826
                        ],
                        [
                            -75.30773512056638,
                            6.830041361959641
                        ],
                        [
                            -75.30767929625159,
                            6.830742895347893
                        ],
                        [
                            -75.30851201936662,
                            6.831149155785039
                        ],
                        [
                            -75.3089310077664,
                            6.831746408367517
                        ],
                        [
                            -75.31077844442049,
                            6.831215753971628
                        ],
                        [
                            -75.31122161775144,
                            6.831906841646829
                        ],
                        [
                            -75.31208714226004,
                            6.831846028688191
                        ],
                        [
                            -75.3127477286855,
                            6.832543347531415
                        ],
                        [
                            -75.31232702665093,
                            6.835019797203087
                        ],
                        [
                            -75.31367411332953,
                            6.835109143323182
                        ],
                        [
                            -75.31280142057551,
                            6.836057442812949
                        ],
                        [
                            -75.31329780915993,
                            6.836915303504274
                        ],
                        [
                            -75.31524889493494,
                            6.837067138067271
                        ],
                        [
                            -75.31653965587586,
                            6.837934400930643
                        ],
                        [
                            -75.31647863808986,
                            6.839890986815781
                        ],
                        [
                            -75.31783774899296,
                            6.839434043624236
                        ],
                        [
                            -75.3185009080391,
                            6.839535957170097
                        ],
                        [
                            -75.31930009211663,
                            6.84059184127831
                        ],
                        [
                            -75.32141055504012,
                            6.840543988731106
                        ],
                        [
                            -75.3219919711751,
                            6.840896138283633
                        ],
                        [
                            -75.32229242710176,
                            6.841557760675513
                        ],
                        [
                            -75.32228594664831,
                            6.842619547493372
                        ],
                        [
                            -75.32207701547148,
                            6.844006406488382
                        ],
                        [
                            -75.32143206529986,
                            6.844991345375421
                        ],
                        [
                            -75.32149707742225,
                            6.845595371637725
                        ],
                        [
                            -75.31939938372523,
                            6.847741223904397
                        ],
                        [
                            -75.31955279841786,
                            6.848187173743464
                        ],
                        [
                            -75.31897939317415,
                            6.849154235185225
                        ],
                        [
                            -75.31808252309868,
                            6.849392993586304
                        ],
                        [
                            -75.31801750617274,
                            6.850828489181693
                        ],
                        [
                            -75.31861807690542,
                            6.850740252454178
                        ],
                        [
                            -75.31898207195957,
                            6.850036217935853
                        ],
                        [
                            -75.31996628283306,
                            6.849846983544309
                        ],
                        [
                            -75.32149787677447,
                            6.848670989306609
                        ],
                        [
                            -75.32368515381691,
                            6.84837279073927
                        ],
                        [
                            -75.32418628507219,
                            6.848845226121659
                        ],
                        [
                            -75.32524227065107,
                            6.848705862567454
                        ],
                        [
                            -75.32554327136144,
                            6.848914502491921
                        ],
                        [
                            -75.32522247041354,
                            6.849593262512146
                        ],
                        [
                            -75.32563565553305,
                            6.85074211907328
                        ],
                        [
                            -75.3252056241571,
                            6.851820472351097
                        ],
                        [
                            -75.32605670546668,
                            6.851858747453267
                        ],
                        [
                            -75.32676252931586,
                            6.851291397595113
                        ],
                        [
                            -75.32758464578764,
                            6.851760362834652
                        ],
                        [
                            -75.32898074972466,
                            6.8518816226337
                        ],
                        [
                            -75.32997749369724,
                            6.85343119673556
                        ],
                        [
                            -75.3295292830227,
                            6.854523337492928
                        ],
                        [
                            -75.32985223269576,
                            6.856077429592006
                        ],
                        [
                            -75.3296614316134,
                            6.856702324579819
                        ],
                        [
                            -75.3309810825142,
                            6.857115042363747
                        ],
                        [
                            -75.33265939039022,
                            6.859942481040943
                        ],
                        [
                            -75.33360917156783,
                            6.859929445017431
                        ],
                        [
                            -75.33419750249949,
                            6.859588706454791
                        ],
                        [
                            -75.33444681074074,
                            6.859115761744803
                        ],
                        [
                            -75.33433664826518,
                            6.858570920934933
                        ],
                        [
                            -75.33487872545017,
                            6.858234978646012
                        ],
                        [
                            -75.3364158381245,
                            6.85904560685146
                        ],
                        [
                            -75.33711026884319,
                            6.860141345012964
                        ],
                        [
                            -75.3377329623547,
                            6.860513655042174
                        ],
                        [
                            -75.33824927143742,
                            6.860390439707981
                        ],
                        [
                            -75.33788645086686,
                            6.859541317330103
                        ],
                        [
                            -75.33822751167753,
                            6.859418433144334
                        ],
                        [
                            -75.33876019113654,
                            6.861245902731799
                        ],
                        [
                            -75.33655518449605,
                            6.861246850271847
                        ],
                        [
                            -75.33567592526721,
                            6.861830846385308
                        ],
                        [
                            -75.33536023754023,
                            6.862689991513428
                        ],
                        [
                            -75.33522692984663,
                            6.863445314583587
                        ],
                        [
                            -75.33591333670226,
                            6.865840384867981
                        ],
                        [
                            -75.33544065260058,
                            6.866541750386298
                        ],
                        [
                            -75.33576070892524,
                            6.867566506799281
                        ],
                        [
                            -75.33543670732392,
                            6.868099901080725
                        ],
                        [
                            -75.33541647595521,
                            6.868976659175552
                        ],
                        [
                            -75.33418262682503,
                            6.87006808763294
                        ],
                        [
                            -75.33400355600884,
                            6.871061238408129
                        ],
                        [
                            -75.33245110193836,
                            6.873628793379758
                        ],
                        [
                            -75.33316975018776,
                            6.876310155139004
                        ],
                        [
                            -75.33274400460772,
                            6.876828140016204
                        ],
                        [
                            -75.3327004262388,
                            6.877472546255229
                        ]
                    ]
                ]
            }
        },
        {
            "type": "Feature",
            "properties": {
                "CIRCUITO": "Abejorral - Santa Barbara",
                "LONG_INTER": 26.2,
                "ORDEN": 3,
                "NOMBRE_VIA": "Montebello - El Cairo",
                "CODIGO_VIA": "25AN03-2",
                "MPIO_NOMBR": "ABEJORRAL",
                "SUBREGION": "ORIENTE",
                "Long_km": 23.77,
                "AV_FISICO": 0.03,
                "AV_FINAN": 0.03,
                "CONTRATIST": "POR DEFINIR (RENTAN)",
                "INTERV": "RENTAN - POR DEFINIR",
                "VALOR_CTO": 108554215084.00002,
                "LOTE": 1,
                "PLAZO_MESE": 15,
                "FECHA_INI": "20/01/2026",
                "CTO": "4600018900",
                "Shape_Leng": 22959.0220953,
                "ESTABILIZADO": 0
            },
            "geometry": {
                "type": "MultiLineString",
                "coordinates": [
                    [
                        [
                            -75.43080545107755,
                            5.794928972718886
                        ],
                        [
                            -75.43143611706485,
                            5.79534700974702
                        ],
                        [
                            -75.43163765334027,
                            5.796356119143114
                        ],
                        [
                            -75.43225930599142,
                            5.797192412873057
                        ],
                        [
                            -75.43313461965484,
                            5.797452205740821
                        ],
                        [
                            -75.43458925018493,
                            5.79719957165591
                        ],
                        [
                            -75.4350973851016,
                            5.797616961332592
                        ],
                        [
                            -75.43649828577664,
                            5.797289018427012
                        ],
                        [
                            -75.43748614714708,
                            5.797836408245184
                        ],
                        [
                            -75.43769123198867,
                            5.799669122021437
                        ],
                        [
                            -75.43835188906132,
                            5.799628854447734
                        ],
                        [
                            -75.43963352922879,
                            5.800158311008861
                        ],
                        [
                            -75.44027774856116,
                            5.802066569785256
                        ],
                        [
                            -75.44115509844487,
                            5.802913094115764
                        ],
                        [
                            -75.44087944137286,
                            5.803696613616191
                        ],
                        [
                            -75.44112958512977,
                            5.804281073320697
                        ],
                        [
                            -75.44092640196554,
                            5.804783425819092
                        ],
                        [
                            -75.44125087733978,
                            5.805397973730125
                        ],
                        [
                            -75.44112527492318,
                            5.806655436818138
                        ],
                        [
                            -75.44077218418944,
                            5.807227398341223
                        ],
                        [
                            -75.44185594567372,
                            5.808384881189819
                        ],
                        [
                            -75.44228163676328,
                            5.809273912479725
                        ],
                        [
                            -75.44456011337994,
                            5.810237319499646
                        ],
                        [
                            -75.44441439714915,
                            5.811314636024408
                        ],
                        [
                            -75.44563366213096,
                            5.811552336996554
                        ],
                        [
                            -75.44619573538547,
                            5.812421680536725
                        ],
                        [
                            -75.44736093442006,
                            5.813341691709951
                        ],
                        [
                            -75.44889606240862,
                            5.813043895056973
                        ],
                        [
                            -75.44897384974392,
                            5.813936156463426
                        ],
                        [
                            -75.44931116573304,
                            5.814202358585851
                        ],
                        [
                            -75.45017576423724,
                            5.813847481470034
                        ],
                        [
                            -75.45125257216097,
                            5.814103175677353
                        ],
                        [
                            -75.45215958085427,
                            5.815995743686377
                        ],
                        [
                            -75.45410862402076,
                            5.814812229979092
                        ],
                        [
                            -75.4549889187089,
                            5.816052063361903
                        ],
                        [
                            -75.45551121328117,
                            5.817592601733819
                        ],
                        [
                            -75.45509466093291,
                            5.818165519824865
                        ],
                        [
                            -75.45521893306454,
                            5.819224220604984
                        ],
                        [
                            -75.45680345565195,
                            5.819349403714325
                        ],
                        [
                            -75.4573560226139,
                            5.820257965094195
                        ],
                        [
                            -75.45715379761263,
                            5.821476321520531
                        ],
                        [
                            -75.45812615291366,
                            5.821315034628641
                        ],
                        [
                            -75.45869415207711,
                            5.821912724129573
                        ],
                        [
                            -75.4593082434032,
                            5.821878993276939
                        ],
                        [
                            -75.45915781286611,
                            5.822527337613111
                        ],
                        [
                            -75.45956802609507,
                            5.823258376899955
                        ],
                        [
                            -75.46042161143559,
                            5.823777426505346
                        ],
                        [
                            -75.46181127788583,
                            5.824072668118696
                        ],
                        [
                            -75.46213419642208,
                            5.824660524775068
                        ],
                        [
                            -75.46270658338537,
                            5.824845105962686
                        ],
                        [
                            -75.46274472861576,
                            5.825759847728732
                        ],
                        [
                            -75.46362945258832,
                            5.825678477828242
                        ],
                        [
                            -75.46397082905916,
                            5.825926144506204
                        ],
                        [
                            -75.46418051016552,
                            5.826258871022845
                        ],
                        [
                            -75.4640671393218,
                            5.827130225235194
                        ],
                        [
                            -75.46500151718294,
                            5.82711505263648
                        ],
                        [
                            -75.46589857254304,
                            5.827773080391718
                        ],
                        [
                            -75.46680439510617,
                            5.829069079615566
                        ],
                        [
                            -75.46668306068855,
                            5.830697073712524
                        ],
                        [
                            -75.4676351773677,
                            5.830242459526649
                        ],
                        [
                            -75.46746777753623,
                            5.829478459788937
                        ],
                        [
                            -75.46906557947467,
                            5.829406636213231
                        ],
                        [
                            -75.46915546940163,
                            5.828681141783161
                        ],
                        [
                            -75.46944759237482,
                            5.828680730022176
                        ],
                        [
                            -75.46971769297008,
                            5.82950388102554
                        ],
                        [
                            -75.46951099454124,
                            5.829974437873083
                        ],
                        [
                            -75.4689643519985,
                            5.830234830134369
                        ],
                        [
                            -75.46877057545555,
                            5.830820330955671
                        ],
                        [
                            -75.47004120924835,
                            5.833403396651232
                        ],
                        [
                            -75.46897815069623,
                            5.834447383562188
                        ],
                        [
                            -75.46915888107682,
                            5.835520970536917
                        ],
                        [
                            -75.46979738483647,
                            5.836203942386684
                        ],
                        [
                            -75.47110756658141,
                            5.836640583062096
                        ],
                        [
                            -75.47128781438963,
                            5.837425293292258
                        ],
                        [
                            -75.4719842305398,
                            5.837613593840921
                        ],
                        [
                            -75.47277206525065,
                            5.838963884175432
                        ],
                        [
                            -75.47387319066537,
                            5.839066216615004
                        ],
                        [
                            -75.47542617856367,
                            5.839831353880028
                        ],
                        [
                            -75.47539098277366,
                            5.840138191922708
                        ],
                        [
                            -75.47480519292881,
                            5.840387509818245
                        ],
                        [
                            -75.47527520450306,
                            5.841525297377343
                        ],
                        [
                            -75.47400980547026,
                            5.842987808098504
                        ],
                        [
                            -75.47518450900054,
                            5.845057087257469
                        ],
                        [
                            -75.4758526864058,
                            5.845535429915021
                        ],
                        [
                            -75.4764586590667,
                            5.847681802329725
                        ],
                        [
                            -75.47765540039838,
                            5.848101013050411
                        ],
                        [
                            -75.47793014799855,
                            5.848967247899366
                        ],
                        [
                            -75.47883968166117,
                            5.849667841027373
                        ],
                        [
                            -75.47913260912195,
                            5.850705732969023
                        ],
                        [
                            -75.47990930935883,
                            5.851026924705817
                        ],
                        [
                            -75.48041379455032,
                            5.850562392136677
                        ],
                        [
                            -75.48109193465515,
                            5.851452772040822
                        ],
                        [
                            -75.48192733533328,
                            5.851495931711901
                        ],
                        [
                            -75.48213136348684,
                            5.852233768872152
                        ],
                        [
                            -75.48272386899156,
                            5.852523575116838
                        ],
                        [
                            -75.48383036629464,
                            5.850938100198158
                        ],
                        [
                            -75.48466199391693,
                            5.850381977017679
                        ],
                        [
                            -75.48486677039045,
                            5.851151245584317
                        ],
                        [
                            -75.48464731793483,
                            5.851587550485486
                        ],
                        [
                            -75.48511721070834,
                            5.851878579133276
                        ],
                        [
                            -75.48531992075895,
                            5.852912296748975
                        ],
                        [
                            -75.48615882142782,
                            5.853244573377401
                        ],
                        [
                            -75.48560694214659,
                            5.854378423431722
                        ],
                        [
                            -75.48608369852771,
                            5.85569073818468
                        ],
                        [
                            -75.48678373310366,
                            5.85569534871569
                        ],
                        [
                            -75.4875972757299,
                            5.856285727603092
                        ],
                        [
                            -75.48806147894678,
                            5.856073146573161
                        ],
                        [
                            -75.48869131963333,
                            5.856352692543235
                        ],
                        [
                            -75.48915278995075,
                            5.855677459870862
                        ],
                        [
                            -75.4908590992488,
                            5.854742046439961
                        ],
                        [
                            -75.49148967485804,
                            5.85374165762964
                        ],
                        [
                            -75.49198260358902,
                            5.854061267207867
                        ],
                        [
                            -75.49375076661154,
                            5.853738773221792
                        ],
                        [
                            -75.49397846986477,
                            5.85337854256893
                        ],
                        [
                            -75.49527694171974,
                            5.852794227263553
                        ],
                        [
                            -75.49586981888821,
                            5.852983476528003
                        ],
                        [
                            -75.49632094223955,
                            5.852622190405258
                        ],
                        [
                            -75.49705150229643,
                            5.852682470604405
                        ],
                        [
                            -75.49945995546513,
                            5.851633358448404
                        ],
                        [
                            -75.4995313717027,
                            5.850922052645672
                        ],
                        [
                            -75.49907035551699,
                            5.850460304578512
                        ],
                        [
                            -75.49970771942135,
                            5.850005737490362
                        ],
                        [
                            -75.50109908852708,
                            5.84974442704183
                        ],
                        [
                            -75.5020640682831,
                            5.850132946634384
                        ],
                        [
                            -75.50243845458755,
                            5.849613502760199
                        ],
                        [
                            -75.50325909643605,
                            5.849324580667759
                        ],
                        [
                            -75.50613544660752,
                            5.849173119000428
                        ],
                        [
                            -75.50672327394172,
                            5.848535170998209
                        ],
                        [
                            -75.50864140606294,
                            5.848731802299617
                        ],
                        [
                            -75.50962122085933,
                            5.848513104457711
                        ],
                        [
                            -75.51025728156952,
                            5.848661187748389
                        ],
                        [
                            -75.51387227749973,
                            5.851113441975901
                        ],
                        [
                            -75.51594940176841,
                            5.851244999291496
                        ],
                        [
                            -75.51764271851866,
                            5.850336798711679
                        ],
                        [
                            -75.51816057025482,
                            5.849209666048181
                        ],
                        [
                            -75.51878366749685,
                            5.849022635730586
                        ],
                        [
                            -75.5193494416321,
                            5.848078516961098
                        ],
                        [
                            -75.5198404740059,
                            5.848032588443107
                        ],
                        [
                            -75.51993012427641,
                            5.848800760950891
                        ],
                        [
                            -75.51960853176804,
                            5.849476526349671
                        ],
                        [
                            -75.51982180126171,
                            5.850163205349331
                        ],
                        [
                            -75.51909448227595,
                            5.850516476980311
                        ],
                        [
                            -75.51964899544888,
                            5.85126994401304
                        ],
                        [
                            -75.51892116921509,
                            5.85179575770934
                        ],
                        [
                            -75.51904869061738,
                            5.853846138010349
                        ],
                        [
                            -75.51860815026744,
                            5.854188884595612
                        ],
                        [
                            -75.51786189189852,
                            5.854245317018956
                        ],
                        [
                            -75.51800193759466,
                            5.855382478265461
                        ],
                        [
                            -75.51727345571877,
                            5.855958998100624
                        ],
                        [
                            -75.51840423572861,
                            5.857421485740292
                        ],
                        [
                            -75.51795860284473,
                            5.858688712463071
                        ],
                        [
                            -75.51862402015163,
                            5.859848685873764
                        ],
                        [
                            -75.51948575396334,
                            5.858382496190463
                        ],
                        [
                            -75.51985677399601,
                            5.856899773947728
                        ],
                        [
                            -75.52057029838289,
                            5.856934566439171
                        ],
                        [
                            -75.52004504367781,
                            5.857713829128222
                        ],
                        [
                            -75.5202032542657,
                            5.860064275547783
                        ],
                        [
                            -75.52093126336327,
                            5.860885121709328
                        ],
                        [
                            -75.5205685106165,
                            5.862228671621329
                        ],
                        [
                            -75.52078116712528,
                            5.862959312111232
                        ],
                        [
                            -75.52182557332218,
                            5.863835488075081
                        ],
                        [
                            -75.52153334144242,
                            5.864472352691944
                        ],
                        [
                            -75.51892459676027,
                            5.864090295239208
                        ],
                        [
                            -75.51761394899472,
                            5.864384986950549
                        ],
                        [
                            -75.51730579119199,
                            5.863985941500757
                        ],
                        [
                            -75.51758432960042,
                            5.86310873056036
                        ],
                        [
                            -75.51705018604939,
                            5.86262127402714
                        ],
                        [
                            -75.5169913141177,
                            5.862190274724867
                        ],
                        [
                            -75.51647570687919,
                            5.86202245706407
                        ],
                        [
                            -75.5162925830319,
                            5.86145976925576
                        ],
                        [
                            -75.51570000605179,
                            5.861528639508993
                        ],
                        [
                            -75.51462578630618,
                            5.860895782822687
                        ],
                        [
                            -75.51399668194948,
                            5.860908372684107
                        ],
                        [
                            -75.51420040215612,
                            5.859969606022235
                        ],
                        [
                            -75.51389548713165,
                            5.859569324231614
                        ],
                        [
                            -75.51270275916757,
                            5.860015189948938
                        ],
                        [
                            -75.51156928337457,
                            5.861349971631422
                        ],
                        [
                            -75.51089349078465,
                            5.861320255857819
                        ],
                        [
                            -75.51122326865342,
                            5.862237031705234
                        ],
                        [
                            -75.51221595713568,
                            5.861513490991499
                        ],
                        [
                            -75.51256851874089,
                            5.861575382056071
                        ],
                        [
                            -75.51235989668008,
                            5.86286643210453
                        ],
                        [
                            -75.51309283743502,
                            5.862870148498605
                        ],
                        [
                            -75.51385079841391,
                            5.863283794773932
                        ],
                        [
                            -75.51338501961871,
                            5.864213334135357
                        ],
                        [
                            -75.51406032560794,
                            5.864654669421872
                        ],
                        [
                            -75.51456602389315,
                            5.866245504383195
                        ],
                        [
                            -75.51538721657624,
                            5.86702498843067
                        ]
                    ]
                ]
            }
        },
        {
            "type": "Feature",
            "properties": {
                "CIRCUITO": "Abejorral - Santa Barbara",
                "LONG_INTER": 26.2,
                "ORDEN": 3,
                "NOMBRE_VIA": "Montebello - El Cairo",
                "CODIGO_VIA": "25AN03-2",
                "MPIO_NOMBR": "MONTEBELLO",
                "SUBREGION": "SUROESTE",
                "Long_km": 2.43,
                "AV_FISICO": 0.03,
                "AV_FINAN": 0.03,
                "CONTRATIST": "CONSORCIO VIAS ANTIOQUIA MM 2025",
                "INTERV": "RENTAN - SADING GROUP S.A.S",
                "VALOR_CTO": 72870090400,
                "LOTE": 5,
                "PLAZO_MESE": 12,
                "FECHA_INI": "05/02/2026",
                "CTO": "25OO111B2824",
                "Shape_Leng": 2374.08772111,
                "ESTABILIZADO": 0
            },
            "geometry": {
                "type": "MultiLineString",
                "coordinates": [
                    [
                        [
                            -75.51538721657624,
                            5.86702498843067
                        ],
                        [
                            -75.51761687123614,
                            5.867748179015538
                        ],
                        [
                            -75.52023305298677,
                            5.869867493113238
                        ],
                        [
                            -75.52169756749745,
                            5.869946474166089
                        ],
                        [
                            -75.52411770410583,
                            5.869369342133141
                        ]
                    ],
                    [
                        [
                            -75.52612114377898,
                            5.869509178294366
                        ],
                        [
                            -75.52817762862405,
                            5.868625659858382
                        ],
                        [
                            -75.52942311839962,
                            5.867515912807338
                        ],
                        [
                            -75.53031943701544,
                            5.86547971536442
                        ],
                        [
                            -75.5318226046607,
                            5.864528221502865
                        ],
                        [
                            -75.53272499453466,
                            5.862294672544045
                        ],
                        [
                            -75.53365322655908,
                            5.863419257627965
                        ]
                    ]
                ]
            }
        },
        {
            "type": "Feature",
            "properties": {
                "CIRCUITO": "Abejorral - La Frontera",
                "LONG_INTER": 25.49,
                "ORDEN": 2,
                "NOMBRE_VIA": "La Ceja - Guaico Grande - Abejorral",
                "CODIGO_VIA": "56AN05",
                "MPIO_NOMBR": "ABEJORRAL",
                "SUBREGION": "ORIENTE",
                "Long_km": 20.26,
                "AV_FISICO": 0.03,
                "AV_FINAN": 0.03,
                "CONTRATIST": "POR DEFINIR (RENTAN)",
                "INTERV": "RENTAN - POR DEFINIR",
                "VALOR_CTO": 108554215084.00002,
                "LOTE": 1,
                "PLAZO_MESE": 15,
                "FECHA_INI": "20/01/2026",
                "CTO": "4600018900",
                "Shape_Leng": 19326.0735081,
                "ESTABILIZADO": 0
            },
            "geometry": {
                "type": "MultiLineString",
                "coordinates": [
                    [
                        [
                            -75.34660826627203,
                            5.883451479236119
                        ],
                        [
                            -75.34749535521439,
                            5.883794182962002
                        ],
                        [
                            -75.34752787209746,
                            5.8852725834759
                        ],
                        [
                            -75.34785476237535,
                            5.885621270977587
                        ],
                        [
                            -75.34948647281384,
                            5.885469847827032
                        ],
                        [
                            -75.35160810028067,
                            5.883667064520787
                        ],
                        [
                            -75.35183157317955,
                            5.883193046248284
                        ],
                        [
                            -75.35140315766004,
                            5.882920012783591
                        ],
                        [
                            -75.35165261444122,
                            5.882423311352461
                        ],
                        [
                            -75.35152412073111,
                            5.881942550391035
                        ],
                        [
                            -75.35243295899511,
                            5.881868995605252
                        ],
                        [
                            -75.35326626103257,
                            5.880789696424432
                        ],
                        [
                            -75.35266728295143,
                            5.87981188079934
                        ],
                        [
                            -75.35272379801424,
                            5.879263088039955
                        ],
                        [
                            -75.35157260463697,
                            5.878573102563741
                        ],
                        [
                            -75.3521680106546,
                            5.878071778032162
                        ],
                        [
                            -75.35171023317153,
                            5.875960185948745
                        ],
                        [
                            -75.35178300035767,
                            5.875062480734042
                        ],
                        [
                            -75.3513936608784,
                            5.874786662675835
                        ],
                        [
                            -75.35138548789241,
                            5.874371231396595
                        ],
                        [
                            -75.3529425494165,
                            5.874122041110745
                        ],
                        [
                            -75.35246459956552,
                            5.873203763083146
                        ],
                        [
                            -75.35362119604838,
                            5.872861736267439
                        ],
                        [
                            -75.35376400278533,
                            5.872417370053524
                        ],
                        [
                            -75.35347983389232,
                            5.871815825926393
                        ],
                        [
                            -75.35374200045551,
                            5.871444703194102
                        ],
                        [
                            -75.35375259964584,
                            5.870396702165309
                        ],
                        [
                            -75.35478830247683,
                            5.870479068527887
                        ],
                        [
                            -75.35501516054963,
                            5.869826707453094
                        ],
                        [
                            -75.35478856301258,
                            5.86905356796361
                        ],
                        [
                            -75.35584016582173,
                            5.868786090568118
                        ],
                        [
                            -75.35640234638865,
                            5.8689377931457
                        ],
                        [
                            -75.35627048516278,
                            5.868278763608513
                        ],
                        [
                            -75.35583336736272,
                            5.867873743337588
                        ],
                        [
                            -75.35585536424007,
                            5.86712011631578
                        ],
                        [
                            -75.35622904571204,
                            5.866910243826713
                        ],
                        [
                            -75.35714829434409,
                            5.86704113242313
                        ],
                        [
                            -75.35814720250784,
                            5.866361651983399
                        ],
                        [
                            -75.35824818641888,
                            5.865145548788349
                        ],
                        [
                            -75.35878836089951,
                            5.865126952213388
                        ],
                        [
                            -75.3602730933126,
                            5.863914987373031
                        ],
                        [
                            -75.3609186723047,
                            5.863916370244864
                        ],
                        [
                            -75.361542407758,
                            5.863140557382058
                        ],
                        [
                            -75.3616236451263,
                            5.862389725014121
                        ],
                        [
                            -75.36295665155808,
                            5.862292598906008
                        ],
                        [
                            -75.36299271039256,
                            5.86112251307411
                        ],
                        [
                            -75.36398076981028,
                            5.861459055736135
                        ],
                        [
                            -75.36479842270681,
                            5.861102928102617
                        ],
                        [
                            -75.36472966480036,
                            5.860338363895596
                        ],
                        [
                            -75.36522296617345,
                            5.860122768930357
                        ],
                        [
                            -75.36532241105857,
                            5.858980531256066
                        ],
                        [
                            -75.36678526879729,
                            5.858569879001528
                        ],
                        [
                            -75.36733020187181,
                            5.85806911814917
                        ],
                        [
                            -75.36807697625345,
                            5.858468073518884
                        ],
                        [
                            -75.36851122078203,
                            5.857107746796291
                        ],
                        [
                            -75.36912810848743,
                            5.857391475279584
                        ],
                        [
                            -75.36949488141725,
                            5.858111415058663
                        ],
                        [
                            -75.37039723325098,
                            5.857699397339561
                        ],
                        [
                            -75.37095197581979,
                            5.858144977443839
                        ],
                        [
                            -75.37144878064379,
                            5.857704148074351
                        ],
                        [
                            -75.3719936247871,
                            5.857949365001351
                        ],
                        [
                            -75.37199771052873,
                            5.856135263292245
                        ],
                        [
                            -75.37265086459537,
                            5.855588359456189
                        ],
                        [
                            -75.37329757357152,
                            5.855532033951326
                        ],
                        [
                            -75.37348828132913,
                            5.855105784382943
                        ],
                        [
                            -75.37416997304234,
                            5.854743869038616
                        ],
                        [
                            -75.37500025453457,
                            5.855244791020877
                        ],
                        [
                            -75.37560251959115,
                            5.853199293464161
                        ],
                        [
                            -75.37621352829447,
                            5.853897060232424
                        ],
                        [
                            -75.37705431104652,
                            5.854182554098417
                        ],
                        [
                            -75.37886330332249,
                            5.852512070600541
                        ],
                        [
                            -75.37929200269734,
                            5.852801871995212
                        ],
                        [
                            -75.37885502842101,
                            5.853285866534977
                        ],
                        [
                            -75.37895691717112,
                            5.853518544701136
                        ],
                        [
                            -75.38055840901538,
                            5.852932946433269
                        ],
                        [
                            -75.38135631421123,
                            5.853385469575229
                        ],
                        [
                            -75.38210690342649,
                            5.852297761408808
                        ],
                        [
                            -75.38186085603508,
                            5.851539061236847
                        ],
                        [
                            -75.38294030464002,
                            5.851938571854249
                        ],
                        [
                            -75.38325949852663,
                            5.851786504841202
                        ],
                        [
                            -75.38340197104911,
                            5.849774447574194
                        ],
                        [
                            -75.38370367526552,
                            5.849671689850669
                        ],
                        [
                            -75.38414292152076,
                            5.850027554841429
                        ],
                        [
                            -75.38523948142472,
                            5.849157372721269
                        ],
                        [
                            -75.38572899241562,
                            5.849075104173905
                        ],
                        [
                            -75.38574860710565,
                            5.848312381730771
                        ],
                        [
                            -75.38634821623066,
                            5.847791427221674
                        ],
                        [
                            -75.38779873515915,
                            5.847444219526371
                        ],
                        [
                            -75.38786204279222,
                            5.8467088676807
                        ],
                        [
                            -75.3883734994987,
                            5.845906403527515
                        ],
                        [
                            -75.38900864631883,
                            5.845777771752301
                        ],
                        [
                            -75.39012254164706,
                            5.844863510747724
                        ],
                        [
                            -75.39101885761086,
                            5.845039167205924
                        ],
                        [
                            -75.39094736091953,
                            5.844263121103999
                        ],
                        [
                            -75.39220862456871,
                            5.843942914075228
                        ],
                        [
                            -75.3925710550338,
                            5.843286950148326
                        ],
                        [
                            -75.3919923239261,
                            5.843113682568491
                        ],
                        [
                            -75.39201673397854,
                            5.842378709035879
                        ],
                        [
                            -75.3915111742546,
                            5.84138707993186
                        ],
                        [
                            -75.39316507229785,
                            5.841695286563165
                        ],
                        [
                            -75.39360639412094,
                            5.841165600397085
                        ],
                        [
                            -75.39456148945196,
                            5.841022625010855
                        ],
                        [
                            -75.39511939127928,
                            5.841494747708113
                        ],
                        [
                            -75.39547025667673,
                            5.843688908616993
                        ],
                        [
                            -75.39573216014688,
                            5.843818663891948
                        ],
                        [
                            -75.39631697896401,
                            5.841711173842949
                        ],
                        [
                            -75.39743945563062,
                            5.841496227069274
                        ],
                        [
                            -75.39934315199059,
                            5.839628252834686
                        ],
                        [
                            -75.4006198036272,
                            5.840009272435347
                        ],
                        [
                            -75.40080876900906,
                            5.839522637099577
                        ],
                        [
                            -75.401669065862,
                            5.838954927361203
                        ],
                        [
                            -75.40222304919573,
                            5.838850702357028
                        ],
                        [
                            -75.40280094968526,
                            5.8391853602816
                        ],
                        [
                            -75.40345487041567,
                            5.83846066417602
                        ],
                        [
                            -75.4039134501321,
                            5.838453473201037
                        ],
                        [
                            -75.4041532284829,
                            5.838149845592477
                        ],
                        [
                            -75.40395826246342,
                            5.837109574009376
                        ],
                        [
                            -75.40468375378866,
                            5.835893186642974
                        ],
                        [
                            -75.40501314633715,
                            5.8357649801308
                        ],
                        [
                            -75.40552682614167,
                            5.83622233830306
                        ],
                        [
                            -75.40616053205218,
                            5.836219625096267
                        ],
                        [
                            -75.4067057477957,
                            5.835422786597152
                        ],
                        [
                            -75.40681133640709,
                            5.83411970237403
                        ],
                        [
                            -75.40774349425241,
                            5.833210955586743
                        ],
                        [
                            -75.40775250395554,
                            5.832257305308929
                        ],
                        [
                            -75.40853338739339,
                            5.832094450788451
                        ],
                        [
                            -75.40907163483324,
                            5.831349664266102
                        ],
                        [
                            -75.4095985908488,
                            5.829480472962698
                        ],
                        [
                            -75.4091216078747,
                            5.8281374256255
                        ],
                        [
                            -75.40923539778004,
                            5.827586125583762
                        ],
                        [
                            -75.40952655491937,
                            5.827606666698602
                        ],
                        [
                            -75.4104387031029,
                            5.829568298347771
                        ],
                        [
                            -75.41037325852479,
                            5.830133416069873
                        ],
                        [
                            -75.41090589090254,
                            5.830647864218027
                        ],
                        [
                            -75.41124712165102,
                            5.830450311088402
                        ],
                        [
                            -75.41080492585161,
                            5.829062813000703
                        ],
                        [
                            -75.41098474851403,
                            5.828483327963887
                        ],
                        [
                            -75.4103834715015,
                            5.827455925346325
                        ],
                        [
                            -75.41073111039992,
                            5.827540092860585
                        ],
                        [
                            -75.41137856445827,
                            5.829062571237166
                        ],
                        [
                            -75.41195457959479,
                            5.829087091981753
                        ],
                        [
                            -75.41151678714074,
                            5.8283257010149
                        ],
                        [
                            -75.4114382414673,
                            5.825922388129267
                        ],
                        [
                            -75.41206851490685,
                            5.824727211057388
                        ],
                        [
                            -75.41182923640359,
                            5.823829023836733
                        ],
                        [
                            -75.41201951845402,
                            5.823461616007903
                        ],
                        [
                            -75.41131624609895,
                            5.823007353186049
                        ],
                        [
                            -75.41249924481507,
                            5.822048138636666
                        ],
                        [
                            -75.41264669261561,
                            5.821149789992607
                        ],
                        [
                            -75.41345870194367,
                            5.820874721442916
                        ],
                        [
                            -75.41403769227331,
                            5.819870143713327
                        ],
                        [
                            -75.41406555245298,
                            5.819083425699787
                        ],
                        [
                            -75.41461793537505,
                            5.818708854097224
                        ],
                        [
                            -75.4144750549952,
                            5.817627042089546
                        ],
                        [
                            -75.41490216754868,
                            5.816634085816494
                        ],
                        [
                            -75.41357758406984,
                            5.814874481747037
                        ],
                        [
                            -75.41364790918432,
                            5.814614064775041
                        ],
                        [
                            -75.4141978909261,
                            5.814505150420871
                        ],
                        [
                            -75.41416709257223,
                            5.814079286978085
                        ],
                        [
                            -75.41322173639271,
                            5.813234935983417
                        ],
                        [
                            -75.41449056432472,
                            5.812599405640013
                        ],
                        [
                            -75.41455815752953,
                            5.81146540762979
                        ],
                        [
                            -75.41510532552064,
                            5.811609832530776
                        ],
                        [
                            -75.4153648312246,
                            5.812790505610408
                        ],
                        [
                            -75.41654120811106,
                            5.812773180908011
                        ],
                        [
                            -75.41658954628119,
                            5.811600136141521
                        ],
                        [
                            -75.41765231730899,
                            5.811887227144788
                        ],
                        [
                            -75.41838611280916,
                            5.810209876497065
                        ],
                        [
                            -75.41885756961248,
                            5.811761555442812
                        ],
                        [
                            -75.42010316224496,
                            5.812139723337717
                        ],
                        [
                            -75.42076521586804,
                            5.813366955616416
                        ],
                        [
                            -75.4218178933241,
                            5.813200309441357
                        ],
                        [
                            -75.42241192216902,
                            5.813490952143502
                        ],
                        [
                            -75.42213929347241,
                            5.815113420763841
                        ],
                        [
                            -75.42286933761184,
                            5.815291934323676
                        ]
                    ]
                ]
            }
        },
        {
            "type": "Feature",
            "properties": {
                "CIRCUITO": "Abejorral - La Frontera",
                "LONG_INTER": 25.49,
                "ORDEN": 2,
                "NOMBRE_VIA": "La Ceja - Guaico Grande - Abejorral",
                "CODIGO_VIA": "56AN05",
                "MPIO_NOMBR": "LA UNIÃ“N",
                "SUBREGION": "ORIENTE",
                "Long_km": 5.23,
                "AV_FISICO": 0.03,
                "AV_FINAN": 0.03,
                "CONTRATIST": "POR DEFINIR (RENTAN)",
                "INTERV": "RENTAN - POR DEFINIR",
                "VALOR_CTO": 108554215084.00002,
                "LOTE": 1,
                "PLAZO_MESE": 15,
                "FECHA_INI": "20/01/2026",
                "CTO": "4600018900",
                "Shape_Leng": 4957.5127992,
                "ESTABILIZADO": 0
            },
            "geometry": {
                "type": "MultiLineString",
                "coordinates": [
                    [
                        [
                            -75.31776988065693,
                            5.886857283952223
                        ],
                        [
                            -75.31784697323938,
                            5.887993111023656
                        ],
                        [
                            -75.31891479775781,
                            5.887599288570728
                        ],
                        [
                            -75.31942543969997,
                            5.887880324727521
                        ],
                        [
                            -75.31921895537877,
                            5.887130646812848
                        ],
                        [
                            -75.32051017619393,
                            5.886140685377498
                        ],
                        [
                            -75.32058971079199,
                            5.885516728239777
                        ],
                        [
                            -75.32139188978067,
                            5.886847570372016
                        ],
                        [
                            -75.32212292985719,
                            5.886127035423421
                        ],
                        [
                            -75.32259600992543,
                            5.886185072047947
                        ],
                        [
                            -75.32230683051277,
                            5.885407059132246
                        ],
                        [
                            -75.32259733905498,
                            5.884323929449179
                        ],
                        [
                            -75.32352936917373,
                            5.884054737241582
                        ],
                        [
                            -75.32425349736823,
                            5.883186727350752
                        ],
                        [
                            -75.32351249093819,
                            5.883048805591107
                        ],
                        [
                            -75.32366795205398,
                            5.88205662965641
                        ],
                        [
                            -75.32505837712074,
                            5.881283398999227
                        ],
                        [
                            -75.32612285591058,
                            5.881404513406408
                        ],
                        [
                            -75.32704889009209,
                            5.880168472606733
                        ],
                        [
                            -75.32740865046938,
                            5.880433234799726
                        ],
                        [
                            -75.32730563045621,
                            5.881326379519092
                        ],
                        [
                            -75.32838736902399,
                            5.881376736946819
                        ],
                        [
                            -75.32904757286677,
                            5.882208806569245
                        ],
                        [
                            -75.32968533334248,
                            5.881572973024813
                        ],
                        [
                            -75.33049212611715,
                            5.881555477402689
                        ],
                        [
                            -75.33162609780486,
                            5.882025687098608
                        ],
                        [
                            -75.33185973287306,
                            5.882485871414173
                        ],
                        [
                            -75.33242190875833,
                            5.881358239042013
                        ],
                        [
                            -75.33391638855493,
                            5.881398929039917
                        ],
                        [
                            -75.33594368549753,
                            5.87983965697807
                        ],
                        [
                            -75.33645315855641,
                            5.879974204297571
                        ],
                        [
                            -75.33661430407638,
                            5.880421590647719
                        ],
                        [
                            -75.33725966632456,
                            5.880535109614238
                        ],
                        [
                            -75.33841403177136,
                            5.880129494723145
                        ],
                        [
                            -75.33886486003773,
                            5.880500568831091
                        ],
                        [
                            -75.34025572231282,
                            5.880234633681868
                        ],
                        [
                            -75.34112414535741,
                            5.879690770833969
                        ],
                        [
                            -75.34238730846766,
                            5.880659188473223
                        ],
                        [
                            -75.3434306432175,
                            5.882894920023478
                        ],
                        [
                            -75.3441910408481,
                            5.88268674096549
                        ],
                        [
                            -75.3446229364832,
                            5.88304731442508
                        ],
                        [
                            -75.3460449049702,
                            5.883104468063896
                        ],
                        [
                            -75.34628611938025,
                            5.883532288415555
                        ],
                        [
                            -75.34660826627203,
                            5.883451479236119
                        ]
                    ]
                ]
            }
        },
        {
            "type": "Feature",
            "properties": {
                "CIRCUITO": "Andes - San José - Pueblo Rico",
                "LONG_INTER": 22.39,
                "ORDEN": 3,
                "NOMBRE_VIA": "Pueblorrico - San José - Ye a la Bodega - La Bodega (Andes)",
                "CODIGO_VIA": "60AN04-1",
                "MPIO_NOMBR": "ANDES",
                "SUBREGION": "SUROESTE",
                "Long_km": 13.95,
                "AV_FISICO": 0.03,
                "AV_FINAN": 0.03,
                "CONTRATIST": "CONSORCIO VIAS ANTIOQUIA MM 2025",
                "INTERV": "RENTAN - SADING GROUP S.A.S",
                "VALOR_CTO": 72870090400,
                "LOTE": 5,
                "PLAZO_MESE": 12,
                "FECHA_INI": "05/02/2026",
                "CTO": "25OO111B2824",
                "Shape_Leng": 13410.5927315,
                "ESTABILIZADO": 0
            },
            "geometry": {
                "type": "MultiLineString",
                "coordinates": [
                    [
                        [
                            -75.8675500146774,
                            5.752713823947146
                        ],
                        [
                            -75.86752016215895,
                            5.750552208169524
                        ],
                        [
                            -75.86536683404908,
                            5.749046306099478
                        ],
                        [
                            -75.8649225475674,
                            5.748954436889615
                        ],
                        [
                            -75.86445817888519,
                            5.74930319740805
                        ],
                        [
                            -75.86412033370355,
                            5.749110010531169
                        ],
                        [
                            -75.86425917208317,
                            5.748741140911826
                        ],
                        [
                            -75.86470879570882,
                            5.748625829262407
                        ],
                        [
                            -75.86716416378916,
                            5.749252813589661
                        ],
                        [
                            -75.86790701350695,
                            5.748946504693731
                        ],
                        [
                            -75.86771661553831,
                            5.748762979946645
                        ],
                        [
                            -75.86717353769771,
                            5.748979304751036
                        ],
                        [
                            -75.8649679443671,
                            5.747333656740206
                        ],
                        [
                            -75.86415053759814,
                            5.747126766865214
                        ],
                        [
                            -75.86440869457594,
                            5.745941420144483
                        ],
                        [
                            -75.86493200124288,
                            5.745348962278266
                        ],
                        [
                            -75.8647697808085,
                            5.744805501901858
                        ],
                        [
                            -75.86548349952999,
                            5.745160981176445
                        ],
                        [
                            -75.86581577714999,
                            5.744798339310774
                        ],
                        [
                            -75.86564964796855,
                            5.744389937674036
                        ],
                        [
                            -75.86465394843098,
                            5.744353073402593
                        ],
                        [
                            -75.86464085860395,
                            5.743985268590553
                        ],
                        [
                            -75.86587600872951,
                            5.744005036727709
                        ],
                        [
                            -75.86657559703374,
                            5.744767274136154
                        ],
                        [
                            -75.86755175871131,
                            5.744252797465826
                        ],
                        [
                            -75.8681671262497,
                            5.744254670708332
                        ],
                        [
                            -75.86854403597565,
                            5.745841471221418
                        ],
                        [
                            -75.86946355617924,
                            5.746847585947331
                        ],
                        [
                            -75.86965040240895,
                            5.748384918478991
                        ],
                        [
                            -75.87059420056947,
                            5.748765144190109
                        ],
                        [
                            -75.87080186359951,
                            5.749825253769635
                        ],
                        [
                            -75.87159818280988,
                            5.750118669818595
                        ],
                        [
                            -75.87185680828001,
                            5.749810590684027
                        ],
                        [
                            -75.8709299940397,
                            5.749287269862585
                        ],
                        [
                            -75.87085614009175,
                            5.747405069544414
                        ],
                        [
                            -75.87031363125034,
                            5.746975184125354
                        ],
                        [
                            -75.87057032580877,
                            5.746278763626375
                        ],
                        [
                            -75.86949918481008,
                            5.745416023187545
                        ],
                        [
                            -75.86939286677223,
                            5.743512723033958
                        ],
                        [
                            -75.86896203525733,
                            5.742496177339108
                        ],
                        [
                            -75.86739906682422,
                            5.742382692696668
                        ],
                        [
                            -75.86715422923288,
                            5.740659653774804
                        ],
                        [
                            -75.86671163716669,
                            5.740331701076525
                        ],
                        [
                            -75.86566209509378,
                            5.740198791595339
                        ],
                        [
                            -75.86513059661387,
                            5.739613527798329
                        ],
                        [
                            -75.86532689344048,
                            5.739388220173234
                        ],
                        [
                            -75.86603026080202,
                            5.739605435988962
                        ],
                        [
                            -75.86648512023338,
                            5.738890367805106
                        ],
                        [
                            -75.86708177863937,
                            5.738879457098435
                        ],
                        [
                            -75.86768979502767,
                            5.73817847471055
                        ],
                        [
                            -75.86835977471178,
                            5.737978770073159
                        ]
                    ],
                    [
                        [
                            -75.87075652523247,
                            5.735158951363704
                        ],
                        [
                            -75.86996193978024,
                            5.735298363928545
                        ],
                        [
                            -75.86965147189177,
                            5.736078552439631
                        ],
                        [
                            -75.86924834518469,
                            5.736037193429482
                        ],
                        [
                            -75.86889106995278,
                            5.734987566956169
                        ],
                        [
                            -75.86960217236982,
                            5.734783732082694
                        ],
                        [
                            -75.86992514989464,
                            5.734331130239762
                        ],
                        [
                            -75.8683627355535,
                            5.734603623113784
                        ],
                        [
                            -75.86886356006177,
                            5.732711856425456
                        ],
                        [
                            -75.86920563442459,
                            5.732291091995873
                        ],
                        [
                            -75.86993647584613,
                            5.732316688783276
                        ],
                        [
                            -75.87254755151048,
                            5.730033925055136
                        ],
                        [
                            -75.8724489940812,
                            5.729110910462993
                        ],
                        [
                            -75.8731779613127,
                            5.728458591594301
                        ],
                        [
                            -75.87398771388813,
                            5.728914383198854
                        ],
                        [
                            -75.87439268353529,
                            5.728736636429909
                        ],
                        [
                            -75.87488299394944,
                            5.726474522009879
                        ],
                        [
                            -75.8766810315007,
                            5.726861860240583
                        ],
                        [
                            -75.87863145244077,
                            5.728559758438792
                        ],
                        [
                            -75.879403348542,
                            5.728124324087924
                        ],
                        [
                            -75.88010962725915,
                            5.728503012894183
                        ],
                        [
                            -75.88090364838891,
                            5.728138414201474
                        ],
                        [
                            -75.88190472752422,
                            5.728517581473744
                        ],
                        [
                            -75.88210327968824,
                            5.728021058036859
                        ],
                        [
                            -75.88126068625895,
                            5.726782348290647
                        ],
                        [
                            -75.88196264302944,
                            5.726784096276745
                        ],
                        [
                            -75.88282614470181,
                            5.727269863902457
                        ],
                        [
                            -75.88271064610022,
                            5.726234788464652
                        ],
                        [
                            -75.88234437353424,
                            5.725743923316071
                        ],
                        [
                            -75.88386393907098,
                            5.724914308466455
                        ],
                        [
                            -75.88363800796009,
                            5.723615390265406
                        ],
                        [
                            -75.88285922861195,
                            5.723356677627351
                        ],
                        [
                            -75.88173042845527,
                            5.72179054618761
                        ],
                        [
                            -75.88074867245136,
                            5.72151357063737
                        ],
                        [
                            -75.88137291530273,
                            5.7209819258122
                        ],
                        [
                            -75.88137180134244,
                            5.72064291087795
                        ],
                        [
                            -75.87922377897233,
                            5.719469393259407
                        ],
                        [
                            -75.87786050823796,
                            5.71744242386266
                        ],
                        [
                            -75.87750644849173,
                            5.716396129436499
                        ],
                        [
                            -75.87753716390391,
                            5.715110770333081
                        ],
                        [
                            -75.87805930856742,
                            5.714078678342987
                        ],
                        [
                            -75.87747240600451,
                            5.712751759677039
                        ],
                        [
                            -75.87882983842731,
                            5.712566935830176
                        ],
                        [
                            -75.87969967183342,
                            5.710792886460546
                        ],
                        [
                            -75.88124549761685,
                            5.709460319033565
                        ],
                        [
                            -75.88115534541686,
                            5.707853588780952
                        ],
                        [
                            -75.88049066158369,
                            5.705551776357481
                        ],
                        [
                            -75.87999465946834,
                            5.704754858646078
                        ],
                        [
                            -75.88047560006117,
                            5.703313283557442
                        ],
                        [
                            -75.87990323939137,
                            5.703074041180831
                        ],
                        [
                            -75.87988644564206,
                            5.702664206731232
                        ],
                        [
                            -75.88052826708795,
                            5.700724800324041
                        ],
                        [
                            -75.88010210901597,
                            5.699847809355583
                        ],
                        [
                            -75.87860802517025,
                            5.698989949988404
                        ],
                        [
                            -75.87926849230313,
                            5.698177076208698
                        ],
                        [
                            -75.87921727731973,
                            5.696347507911558
                        ]
                    ]
                ]
            }
        },
        {
            "type": "Feature",
            "properties": {
                "CIRCUITO": "Andes - San José - Pueblo Rico",
                "LONG_INTER": 22.39,
                "ORDEN": 3,
                "NOMBRE_VIA": "Pueblorrico - San José - Ye a la Bodega - La Bodega (Andes)",
                "CODIGO_VIA": "60AN04-1",
                "MPIO_NOMBR": "PUEBLORRICO",
                "SUBREGION": "SUROESTE",
                "Long_km": 8.44,
                "AV_FISICO": 0.03,
                "AV_FINAN": 0.03,
                "CONTRATIST": "CONSORCIO VIAS ANTIOQUIA MM 2025",
                "INTERV": "RENTAN - SADING GROUP S.A.S",
                "VALOR_CTO": 72870090400,
                "LOTE": 5,
                "PLAZO_MESE": 12,
                "FECHA_INI": "05/02/2026",
                "CTO": "25OO111B2824",
                "Shape_Leng": 8126.11941614,
                "ESTABILIZADO": 0
            },
            "geometry": {
                "type": "MultiLineString",
                "coordinates": [
                    [
                        [
                            -75.8343916205696,
                            5.77955602792686
                        ],
                        [
                            -75.83381139553433,
                            5.778686574535651
                        ],
                        [
                            -75.83393495692756,
                            5.77841637265334
                        ],
                        [
                            -75.83468196862188,
                            5.778562392563224
                        ],
                        [
                            -75.83521056558166,
                            5.778290011871628
                        ],
                        [
                            -75.83647582753046,
                            5.778648184018562
                        ],
                        [
                            -75.83686377300138,
                            5.778145120424574
                        ],
                        [
                            -75.83706163134305,
                            5.778823741552028
                        ],
                        [
                            -75.83757622102296,
                            5.778385546435787
                        ],
                        [
                            -75.83759169020583,
                            5.777893044872678
                        ],
                        [
                            -75.83709713485422,
                            5.777133397525423
                        ],
                        [
                            -75.8371354478438,
                            5.775732705604925
                        ],
                        [
                            -75.83752865145225,
                            5.775041288469374
                        ],
                        [
                            -75.83685733498659,
                            5.77489932651658
                        ],
                        [
                            -75.83734022391367,
                            5.774219644226112
                        ],
                        [
                            -75.83754326909687,
                            5.773227070709128
                        ],
                        [
                            -75.83838698852179,
                            5.772299072706934
                        ],
                        [
                            -75.83846943922796,
                            5.771628759703054
                        ],
                        [
                            -75.83788681776463,
                            5.771388695132034
                        ],
                        [
                            -75.83792441258707,
                            5.771121988041075
                        ],
                        [
                            -75.83879892836215,
                            5.771075643120838
                        ],
                        [
                            -75.83991084358072,
                            5.772237046187957
                        ],
                        [
                            -75.84076878313066,
                            5.77239070723954
                        ],
                        [
                            -75.84138552281291,
                            5.773401365892163
                        ],
                        [
                            -75.8437622163294,
                            5.774619607092211
                        ],
                        [
                            -75.84388992043974,
                            5.773727094857747
                        ],
                        [
                            -75.8477992574139,
                            5.771028936561622
                        ],
                        [
                            -75.848303313914,
                            5.770057807431265
                        ],
                        [
                            -75.84888148774878,
                            5.770054538471494
                        ],
                        [
                            -75.84951069654048,
                            5.770710829980335
                        ],
                        [
                            -75.84994076564936,
                            5.771970131431072
                        ],
                        [
                            -75.85043146707808,
                            5.77189840234021
                        ],
                        [
                            -75.85181611998621,
                            5.77014604850316
                        ],
                        [
                            -75.85197799264495,
                            5.770652900732746
                        ],
                        [
                            -75.85249482544461,
                            5.770595286422962
                        ],
                        [
                            -75.85325482056514,
                            5.771461514250306
                        ],
                        [
                            -75.8555489890781,
                            5.768297964219888
                        ],
                        [
                            -75.85662827984476,
                            5.768865721072097
                        ],
                        [
                            -75.85800168255362,
                            5.768294270545395
                        ],
                        [
                            -75.85752016659669,
                            5.767310302406342
                        ],
                        [
                            -75.85750227299654,
                            5.766372381719489
                        ],
                        [
                            -75.85670465404895,
                            5.765153953436082
                        ],
                        [
                            -75.85666284313398,
                            5.763908265420351
                        ],
                        [
                            -75.85738617924518,
                            5.763519997825711
                        ],
                        [
                            -75.8588319410005,
                            5.763401035688449
                        ],
                        [
                            -75.85915094149351,
                            5.762536128429036
                        ],
                        [
                            -75.8604206998201,
                            5.761720397284323
                        ],
                        [
                            -75.86085906760647,
                            5.761094008374489
                        ],
                        [
                            -75.86061897915825,
                            5.76066206077213
                        ],
                        [
                            -75.8594507720898,
                            5.76060494651387
                        ],
                        [
                            -75.86077337501665,
                            5.75981375102218
                        ],
                        [
                            -75.86099851647184,
                            5.759313820667516
                        ],
                        [
                            -75.86011909001557,
                            5.75857877609205
                        ],
                        [
                            -75.86047122867365,
                            5.758003229723617
                        ],
                        [
                            -75.86038321456569,
                            5.757420189777426
                        ],
                        [
                            -75.86076320369614,
                            5.756253085854312
                        ],
                        [
                            -75.86010399504632,
                            5.754154599030716
                        ],
                        [
                            -75.86093895068366,
                            5.754583389214097
                        ],
                        [
                            -75.86161702276134,
                            5.754302932782623
                        ],
                        [
                            -75.86243984068878,
                            5.754563311375555
                        ],
                        [
                            -75.86304093244573,
                            5.754130577763354
                        ],
                        [
                            -75.86427618763832,
                            5.755467365685328
                        ],
                        [
                            -75.8649930544757,
                            5.755685871200666
                        ],
                        [
                            -75.8659006597056,
                            5.755271313760738
                        ],
                        [
                            -75.86578764975737,
                            5.754573418169425
                        ],
                        [
                            -75.86609052200957,
                            5.753986038445381
                        ],
                        [
                            -75.86717565668965,
                            5.753528377649723
                        ],
                        [
                            -75.8675500146774,
                            5.752713823947146
                        ]
                    ]
                ]
            }
        },
        {
            "type": "Feature",
            "properties": {
                "CIRCUITO": "Sopetrán - Horizontes - Belmira",
                "LONG_INTER": 39.59,
                "ORDEN": 3,
                "NOMBRE_VIA": "Sopetrán - Horizontes - Belmira",
                "CODIGO_VIA": "62AN15",
                "MPIO_NOMBR": "BELMIRA",
                "SUBREGION": "NORTE",
                "Long_km": 4.4,
                "AV_FISICO": 0.03,
                "AV_FINAN": 0.03,
                "CONTRATIST": "CONSORCIO VIAS ANTIOQUIA NORTE",
                "INTERV": "RENTAN - CONSORCIO INTERVIALES 2025",
                "VALOR_CTO": 124487403196,
                "LOTE": 8,
                "PLAZO_MESE": 18,
                "FECHA_INI": "11/02/2026",
                "CTO": "25OO111B2826",
                "Shape_Leng": 4244.86157328,
                "ESTABILIZADO": 0
            },
            "geometry": {
                "type": "MultiLineString",
                "coordinates": [
                    [
                        [
                            -75.6962081203105,
                            6.608357891000921
                        ],
                        [
                            -75.69466137065571,
                            6.608830998602628
                        ],
                        [
                            -75.69437606093459,
                            6.609436679179743
                        ],
                        [
                            -75.69376520190482,
                            6.609772240103884
                        ],
                        [
                            -75.69379499223892,
                            6.610287715098946
                        ],
                        [
                            -75.69346328096672,
                            6.610675185654483
                        ],
                        [
                            -75.69189048964223,
                            6.610503485956758
                        ],
                        [
                            -75.69047493852281,
                            6.61105498631666
                        ],
                        [
                            -75.68915019865186,
                            6.611178760008447
                        ],
                        [
                            -75.6881847111916,
                            6.611063999963362
                        ],
                        [
                            -75.68761719387668,
                            6.610622560104827
                        ],
                        [
                            -75.68708364432624,
                            6.610901343231091
                        ],
                        [
                            -75.68572991413393,
                            6.609392041390405
                        ],
                        [
                            -75.68405300774616,
                            6.609616068529289
                        ],
                        [
                            -75.6836457712399,
                            6.608786194508951
                        ],
                        [
                            -75.68368743158567,
                            6.607817491271305
                        ],
                        [
                            -75.68268368554499,
                            6.607326675375325
                        ],
                        [
                            -75.68130830650072,
                            6.606929158273114
                        ],
                        [
                            -75.6809638069911,
                            6.60735336014609
                        ],
                        [
                            -75.68019457194755,
                            6.607333969965229
                        ],
                        [
                            -75.67887621611614,
                            6.606673128661023
                        ],
                        [
                            -75.67862166368393,
                            6.606841208301125
                        ],
                        [
                            -75.67860427364846,
                            6.607440645181834
                        ],
                        [
                            -75.6783076008739,
                            6.607448764492257
                        ],
                        [
                            -75.6776287326996,
                            6.605912224523744
                        ],
                        [
                            -75.67680330138828,
                            6.605419797255879
                        ],
                        [
                            -75.67719090919329,
                            6.604575498238885
                        ],
                        [
                            -75.67698619090704,
                            6.604386226528669
                        ],
                        [
                            -75.6760135106551,
                            6.605576648594933
                        ],
                        [
                            -75.67519892986542,
                            6.605343388860606
                        ],
                        [
                            -75.67408917021035,
                            6.605873039052241
                        ],
                        [
                            -75.6737421395512,
                            6.60669009346395
                        ],
                        [
                            -75.67419921075889,
                            6.607728126005641
                        ],
                        [
                            -75.6724426393834,
                            6.608773889687044
                        ],
                        [
                            -75.67172794989514,
                            6.609685528823149
                        ],
                        [
                            -75.67150117571349,
                            6.610918546039924
                        ],
                        [
                            -75.67048999503727,
                            6.612078455829468
                        ]
                    ]
                ]
            }
        },
        {
            "type": "Feature",
            "properties": {
                "CIRCUITO": "Sopetrán - Horizontes - Belmira",
                "LONG_INTER": 39.59,
                "ORDEN": 3,
                "NOMBRE_VIA": "Sopetrán - Horizontes - Belmira",
                "CODIGO_VIA": "62AN15",
                "MPIO_NOMBR": "SOPETRÁN",
                "SUBREGION": "OCCIDENTE",
                "Long_km": 35.19,
                "AV_FISICO": 0.03,
                "AV_FINAN": 0.03,
                "CONTRATIST": "CONSORCIO EL PROGRESO",
                "INTERV": "RENTAN - CONSORCIO TEMPORALES",
                "VALOR_CTO": 104855613958,
                "LOTE": 2,
                "PLAZO_MESE": 18,
                "FECHA_INI": "10/02/2026",
                "CTO": "25OO111B2821",
                "Shape_Leng": 31981.6176455,
                "ESTABILIZADO": 0
            },
            "geometry": {
                "type": "MultiLineString",
                "coordinates": [
                    [
                        [
                            -75.73709305591545,
                            6.601120212191218
                        ],
                        [
                            -75.73653908021986,
                            6.602490821012323
                        ],
                        [
                            -75.73554467214915,
                            6.602663623233696
                        ],
                        [
                            -75.73414966223947,
                            6.604095809088639
                        ],
                        [
                            -75.73239522509978,
                            6.604207765181013
                        ],
                        [
                            -75.7315782788973,
                            6.604726473381526
                        ],
                        [
                            -75.73027755109868,
                            6.604827857753937
                        ],
                        [
                            -75.72806429372376,
                            6.605678309039614
                        ],
                        [
                            -75.7267825889291,
                            6.605507945749559
                        ],
                        [
                            -75.72609649996566,
                            6.606013159550076
                        ],
                        [
                            -75.72534097584017,
                            6.60609411207714
                        ],
                        [
                            -75.72524808121352,
                            6.606781962486129
                        ],
                        [
                            -75.72444430106488,
                            6.607101484610192
                        ],
                        [
                            -75.72334939204428,
                            6.605805457317275
                        ],
                        [
                            -75.72111304453959,
                            6.609849812454796
                        ],
                        [
                            -75.72032038360578,
                            6.610535303111925
                        ],
                        [
                            -75.71947815590715,
                            6.610478670682122
                        ],
                        [
                            -75.71865364178721,
                            6.611627870205323
                        ],
                        [
                            -75.71773433845334,
                            6.611763695401346
                        ],
                        [
                            -75.7162213030627,
                            6.613163527711653
                        ],
                        [
                            -75.71479317847167,
                            6.61253307280786
                        ],
                        [
                            -75.71375234686074,
                            6.611163373650762
                        ],
                        [
                            -75.71244458089953,
                            6.613876352047691
                        ],
                        [
                            -75.71171137877967,
                            6.614217302412093
                        ],
                        [
                            -75.71097696178941,
                            6.614067438840493
                        ],
                        [
                            -75.71043555711965,
                            6.614591058182397
                        ],
                        [
                            -75.70977015588569,
                            6.614502623253088
                        ],
                        [
                            -75.70848438789706,
                            6.615703144699439
                        ],
                        [
                            -75.70691334402034,
                            6.615501191727106
                        ],
                        [
                            -75.70468424845308,
                            6.613307591276463
                        ],
                        [
                            -75.70299615805199,
                            6.613688743310037
                        ],
                        [
                            -75.70022226333538,
                            6.612219287146411
                        ],
                        [
                            -75.69996871331573,
                            6.611049742510922
                        ],
                        [
                            -75.69850414838616,
                            6.608741594716772
                        ],
                        [
                            -75.69729258686056,
                            6.60900516937703
                        ],
                        [
                            -75.6962081203105,
                            6.608357891000921
                        ]
                    ],
                    [
                        [
                            -75.73135253871595,
                            6.581836898654347
                        ],
                        [
                            -75.73112870452344,
                            6.583326826715196
                        ],
                        [
                            -75.7313116097196,
                            6.584503640006682
                        ],
                        [
                            -75.73053791713939,
                            6.585811430665514
                        ],
                        [
                            -75.73093943000731,
                            6.586168933240892
                        ],
                        [
                            -75.73142165169301,
                            6.588146352508524
                        ],
                        [
                            -75.73281072127271,
                            6.586244584079385
                        ],
                        [
                            -75.73351026645815,
                            6.586222386707322
                        ],
                        [
                            -75.7354049952958,
                            6.585197497178819
                        ],
                        [
                            -75.7377408836952,
                            6.584890509305441
                        ],
                        [
                            -75.73793045357543,
                            6.584467306313157
                        ],
                        [
                            -75.73768331383155,
                            6.582865083813097
                        ],
                        [
                            -75.73652891372286,
                            6.582015621634436
                        ],
                        [
                            -75.73698793643396,
                            6.581079479959186
                        ],
                        [
                            -75.73796745551347,
                            6.580149281569715
                        ],
                        [
                            -75.73927628550551,
                            6.579948140667603
                        ],
                        [
                            -75.7390485798244,
                            6.577183417284616
                        ],
                        [
                            -75.73980885309685,
                            6.576324363791263
                        ],
                        [
                            -75.74115948622499,
                            6.577652612741924
                        ],
                        [
                            -75.74099024775825,
                            6.578024326557603
                        ],
                        [
                            -75.74032397615345,
                            6.577366481151388
                        ],
                        [
                            -75.740091394981,
                            6.577774650007647
                        ],
                        [
                            -75.7403167321108,
                            6.578436132529363
                        ],
                        [
                            -75.74008012524222,
                            6.57904391263637
                        ],
                        [
                            -75.74023750308827,
                            6.580030916441856
                        ],
                        [
                            -75.74043182158061,
                            6.580058530626928
                        ],
                        [
                            -75.7405942382942,
                            6.579403925995312
                        ],
                        [
                            -75.74111875645876,
                            6.579815037210738
                        ],
                        [
                            -75.74049914620036,
                            6.580902808739311
                        ],
                        [
                            -75.74053907794752,
                            6.581453980170454
                        ],
                        [
                            -75.74105644524377,
                            6.580984418931749
                        ],
                        [
                            -75.74225169402857,
                            6.580674402864702
                        ],
                        [
                            -75.74351201565673,
                            6.582808058679301
                        ],
                        [
                            -75.74515978703829,
                            6.583741195721646
                        ],
                        [
                            -75.74555500214721,
                            6.584252528567365
                        ],
                        [
                            -75.74626137125458,
                            6.585840139071976
                        ],
                        [
                            -75.74521622147054,
                            6.584576965717718
                        ],
                        [
                            -75.74367641167697,
                            6.584521617860686
                        ],
                        [
                            -75.74322676445344,
                            6.58397018430021
                        ],
                        [
                            -75.74229011139896,
                            6.584968396263821
                        ],
                        [
                            -75.7419677564072,
                            6.586706341576901
                        ],
                        [
                            -75.74265877648917,
                            6.585632475035655
                        ],
                        [
                            -75.74297933332859,
                            6.585748776218435
                        ],
                        [
                            -75.7426758157629,
                            6.58629514893049
                        ],
                        [
                            -75.74283661416996,
                            6.587580082915494
                        ],
                        [
                            -75.74216867749166,
                            6.588155624318074
                        ],
                        [
                            -75.74370694334513,
                            6.587457282914605
                        ],
                        [
                            -75.74455319756426,
                            6.588821807403909
                        ],
                        [
                            -75.74309878741238,
                            6.591365797328214
                        ],
                        [
                            -75.74249127078723,
                            6.59387135127015
                        ],
                        [
                            -75.74226043861749,
                            6.593834694922139
                        ],
                        [
                            -75.74238064872176,
                            6.592138372712607
                        ],
                        [
                            -75.74173042462081,
                            6.592692556132308
                        ],
                        [
                            -75.74044126662675,
                            6.593130588930448
                        ],
                        [
                            -75.74019798936219,
                            6.594530918880871
                        ],
                        [
                            -75.73944854105027,
                            6.595336025869607
                        ],
                        [
                            -75.7396522267441,
                            6.595526185260238
                        ],
                        [
                            -75.74080395998067,
                            6.594641684141463
                        ],
                        [
                            -75.73974169382781,
                            6.596385847095778
                        ],
                        [
                            -75.74082287706267,
                            6.595914237208195
                        ],
                        [
                            -75.74145149133464,
                            6.596673042685836
                        ],
                        [
                            -75.74068196794661,
                            6.596899723516347
                        ]
                    ],
                    [
                        [
                            -75.745157115139,
                            6.530126033402679
                        ],
                        [
                            -75.74582075110393,
                            6.530930207653804
                        ],
                        [
                            -75.7457790419208,
                            6.531387949392861
                        ],
                        [
                            -75.74532078101755,
                            6.531653090302449
                        ],
                        [
                            -75.74409773041944,
                            6.531354625286296
                        ],
                        [
                            -75.74308690814267,
                            6.530279676929053
                        ],
                        [
                            -75.74241834523154,
                            6.53040203292417
                        ],
                        [
                            -75.74175298872657,
                            6.529116489057817
                        ],
                        [
                            -75.74177409421274,
                            6.528539692738241
                        ],
                        [
                            -75.7412029399834,
                            6.528591508804482
                        ],
                        [
                            -75.74102763483981,
                            6.529745764614406
                        ],
                        [
                            -75.73966774792876,
                            6.532334362884546
                        ],
                        [
                            -75.73865676905889,
                            6.53268397319428
                        ],
                        [
                            -75.73763103067905,
                            6.532370789279864
                        ],
                        [
                            -75.73736050874632,
                            6.532940867076397
                        ],
                        [
                            -75.73558834326228,
                            6.534305119754522
                        ],
                        [
                            -75.73578610246389,
                            6.534527837855629
                        ],
                        [
                            -75.7380310281676,
                            6.534561239625028
                        ],
                        [
                            -75.73868832253596,
                            6.534139013392056
                        ],
                        [
                            -75.73846214928464,
                            6.535405122146992
                        ],
                        [
                            -75.73909034751298,
                            6.536815247007959
                        ],
                        [
                            -75.73790578374593,
                            6.535658571211137
                        ],
                        [
                            -75.73644580656648,
                            6.536189205425337
                        ],
                        [
                            -75.73587452844241,
                            6.537560252331136
                        ],
                        [
                            -75.73528222586933,
                            6.538050072370857
                        ],
                        [
                            -75.73512411613258,
                            6.538824771740041
                        ],
                        [
                            -75.73309684644003,
                            6.540132453771223
                        ],
                        [
                            -75.73286599872198,
                            6.540694313641197
                        ],
                        [
                            -75.73159239079247,
                            6.541181689739505
                        ],
                        [
                            -75.73180366684117,
                            6.54171878453594
                        ],
                        [
                            -75.73232859565185,
                            6.541108866471469
                        ],
                        [
                            -75.73382185371557,
                            6.541012953834799
                        ],
                        [
                            -75.7344088846898,
                            6.540563767606752
                        ],
                        [
                            -75.735514982448,
                            6.540322698336384
                        ],
                        [
                            -75.73669367987613,
                            6.539075815517417
                        ],
                        [
                            -75.73711578098272,
                            6.539138077626206
                        ],
                        [
                            -75.73695787586318,
                            6.53948023361071
                        ],
                        [
                            -75.73649145702814,
                            6.539587256182671
                        ],
                        [
                            -75.73555284883766,
                            6.540986469106095
                        ],
                        [
                            -75.73416102528766,
                            6.541631417879926
                        ],
                        [
                            -75.73332498570113,
                            6.543000876918002
                        ],
                        [
                            -75.73360385998453,
                            6.543105728511135
                        ],
                        [
                            -75.73469783221685,
                            6.542117744253082
                        ],
                        [
                            -75.73606129278014,
                            6.541632165551052
                        ],
                        [
                            -75.73590184409423,
                            6.542530665796665
                        ],
                        [
                            -75.73505686788532,
                            6.543813528448086
                        ],
                        [
                            -75.73514491455741,
                            6.545171598627484
                        ],
                        [
                            -75.73471733900051,
                            6.546645629363241
                        ],
                        [
                            -75.73511223284423,
                            6.546928242559757
                        ],
                        [
                            -75.73484445967972,
                            6.548821138638936
                        ],
                        [
                            -75.73453916487877,
                            6.548712835286862
                        ],
                        [
                            -75.7345708804866,
                            6.54733035554812
                        ],
                        [
                            -75.73399324307962,
                            6.54682816101283
                        ],
                        [
                            -75.73410656886017,
                            6.545817392226149
                        ],
                        [
                            -75.73379634740564,
                            6.545115586052888
                        ],
                        [
                            -75.73204123820634,
                            6.545828263573128
                        ],
                        [
                            -75.73132729892984,
                            6.546550821107287
                        ],
                        [
                            -75.73093813308277,
                            6.546039337846563
                        ],
                        [
                            -75.73051436938984,
                            6.546020949927449
                        ],
                        [
                            -75.72971024901865,
                            6.547657784379163
                        ],
                        [
                            -75.72852489572621,
                            6.54797190478714
                        ],
                        [
                            -75.7277709246387,
                            6.548445805893973
                        ],
                        [
                            -75.72744124649238,
                            6.549044001924377
                        ],
                        [
                            -75.72958751720047,
                            6.548495262204955
                        ],
                        [
                            -75.72981692126187,
                            6.549243332737215
                        ],
                        [
                            -75.73059328951177,
                            6.549174417240459
                        ],
                        [
                            -75.73071175863483,
                            6.549416543369115
                        ],
                        [
                            -75.72979074890783,
                            6.550354280711062
                        ],
                        [
                            -75.72819225727332,
                            6.550384543678008
                        ],
                        [
                            -75.72671518956098,
                            6.550909066840599
                        ],
                        [
                            -75.72674546084446,
                            6.551159432745525
                        ],
                        [
                            -75.72728466121814,
                            6.551149031680055
                        ],
                        [
                            -75.72755076201447,
                            6.5514557713145
                        ],
                        [
                            -75.72675799552013,
                            6.553975775480842
                        ],
                        [
                            -75.72590271124206,
                            6.554483644652617
                        ],
                        [
                            -75.72521128643328,
                            6.554378125595885
                        ],
                        [
                            -75.72426329143866,
                            6.555440012375741
                        ],
                        [
                            -75.72433518105726,
                            6.555952644311182
                        ],
                        [
                            -75.7234771151853,
                            6.557153436500011
                        ],
                        [
                            -75.7211955654892,
                            6.557138778801574
                        ],
                        [
                            -75.72062363291725,
                            6.557491294737019
                        ],
                        [
                            -75.71989209794275,
                            6.557326807092852
                        ],
                        [
                            -75.71884685352771,
                            6.558205462804707
                        ],
                        [
                            -75.71758780627403,
                            6.558464615768203
                        ],
                        [
                            -75.71693156211677,
                            6.559717547482674
                        ],
                        [
                            -75.71604666471019,
                            6.560404614141711
                        ],
                        [
                            -75.7159155937608,
                            6.562882787847701
                        ],
                        [
                            -75.71420579013171,
                            6.564327326665209
                        ],
                        [
                            -75.71384905647075,
                            6.564960899798089
                        ],
                        [
                            -75.7137384598964,
                            6.565670899078039
                        ],
                        [
                            -75.71449016106395,
                            6.566530486546377
                        ],
                        [
                            -75.71439366065755,
                            6.567233148044853
                        ],
                        [
                            -75.7151658654481,
                            6.56745353961963
                        ],
                        [
                            -75.71553019211069,
                            6.568352836072849
                        ],
                        [
                            -75.71404051120147,
                            6.569504085088511
                        ],
                        [
                            -75.71336632393356,
                            6.570597905624097
                        ],
                        [
                            -75.71329095093667,
                            6.572337615450965
                        ],
                        [
                            -75.71277058662737,
                            6.572912905403377
                        ],
                        [
                            -75.7128500670968,
                            6.573177772691841
                        ],
                        [
                            -75.71522524562968,
                            6.572480125939062
                        ],
                        [
                            -75.71627527131967,
                            6.57245738860461
                        ],
                        [
                            -75.71699956975569,
                            6.572932179324006
                        ],
                        [
                            -75.7179641431226,
                            6.572690540026141
                        ],
                        [
                            -75.71961780343919,
                            6.571525889888751
                        ],
                        [
                            -75.72089687365148,
                            6.571208641567835
                        ],
                        [
                            -75.7212832949186,
                            6.570221403198571
                        ],
                        [
                            -75.72219337616366,
                            6.569080564131704
                        ],
                        [
                            -75.72316162673168,
                            6.569373428361499
                        ],
                        [
                            -75.7242537067423,
                            6.569163060323325
                        ],
                        [
                            -75.72456908259738,
                            6.569483816590568
                        ],
                        [
                            -75.72431467692627,
                            6.570887101605583
                        ],
                        [
                            -75.72299995842057,
                            6.571637899738936
                        ],
                        [
                            -75.72188509777534,
                            6.574204433471657
                        ],
                        [
                            -75.72124092412739,
                            6.574578470392338
                        ],
                        [
                            -75.72096603186542,
                            6.575144077083699
                        ],
                        [
                            -75.72110804541657,
                            6.576220507108227
                        ],
                        [
                            -75.72227337458699,
                            6.576864778042722
                        ],
                        [
                            -75.72081721222807,
                            6.579147857954244
                        ],
                        [
                            -75.71962256940954,
                            6.580148335215491
                        ],
                        [
                            -75.72004069594028,
                            6.58054243049525
                        ],
                        [
                            -75.71974987442653,
                            6.581536065486866
                        ],
                        [
                            -75.72014798580265,
                            6.582750236821514
                        ],
                        [
                            -75.7193652307399,
                            6.58357894891375
                        ],
                        [
                            -75.72001448006576,
                            6.583976441722948
                        ],
                        [
                            -75.71967353279895,
                            6.585228511034194
                        ],
                        [
                            -75.71895108099983,
                            6.585555948648311
                        ],
                        [
                            -75.71895893981329,
                            6.585809393327769
                        ],
                        [
                            -75.719696350234,
                            6.585939665925276
                        ],
                        [
                            -75.7204189998005,
                            6.585692487096037
                        ],
                        [
                            -75.7208203586183,
                            6.584920492178798
                        ],
                        [
                            -75.72142895746971,
                            6.584737557008453
                        ],
                        [
                            -75.7218983747309,
                            6.584061878147232
                        ],
                        [
                            -75.72345160914485,
                            6.583036321734872
                        ],
                        [
                            -75.72308197724965,
                            6.582279164768744
                        ],
                        [
                            -75.7237771926704,
                            6.581712802182501
                        ],
                        [
                            -75.72359383606452,
                            6.580843849519556
                        ],
                        [
                            -75.7246573649078,
                            6.580155741200871
                        ]
                    ]
                ]
            }
        },
        {
            "type": "Feature",
            "properties": {
                "CIRCUITO": "Ebéjico - Heliconia - Medellin",
                "LONG_INTER": 28.76,
                "ORDEN": 2,
                "NOMBRE_VIA": "Lo Miserenga (Cruce Ruta 62) - Ebéjico - Sevilla - Heliconia - Alto del Chuscal",
                "CODIGO_VIA": "62AN17",
                "MPIO_NOMBR": "EBÃ‰JICO",
                "SUBREGION": "OCCIDENTE",
                "Long_km": 11.23,
                "AV_FISICO": 0.03,
                "AV_FINAN": 0.03,
                "CONTRATIST": "CONSORCIO EL PROGRESO",
                "INTERV": "RENTAN - CONSORCIO TEMPORALES",
                "VALOR_CTO": 104855613958,
                "LOTE": 2,
                "PLAZO_MESE": 18,
                "FECHA_INI": "10/02/2026",
                "CTO": "25OO111B2821",
                "Shape_Leng": 10789.6004381,
                "ESTABILIZADO": 0
            },
            "geometry": {
                "type": "MultiLineString",
                "coordinates": [
                    [
                        [
                            -75.77007324236533,
                            6.317274630529594
                        ],
                        [
                            -75.77059014476882,
                            6.317085821912693
                        ],
                        [
                            -75.77084224713303,
                            6.315898389758549
                        ],
                        [
                            -75.77189564352635,
                            6.314661146020486
                        ],
                        [
                            -75.77125045744809,
                            6.313868251199045
                        ],
                        [
                            -75.77087687604613,
                            6.313803309531968
                        ],
                        [
                            -75.77044433186434,
                            6.314162817817711
                        ],
                        [
                            -75.77034674368306,
                            6.313716104544145
                        ],
                        [
                            -75.7719862654658,
                            6.312927495404121
                        ],
                        [
                            -75.77244537943878,
                            6.312955596368113
                        ],
                        [
                            -75.77272786960197,
                            6.31337658546158
                        ],
                        [
                            -75.773872780785,
                            6.312988122640623
                        ],
                        [
                            -75.7735967347946,
                            6.31188887876077
                        ],
                        [
                            -75.77407164109273,
                            6.310448184799726
                        ],
                        [
                            -75.77386540728236,
                            6.309437697584096
                        ],
                        [
                            -75.77415576109169,
                            6.308701845703633
                        ],
                        [
                            -75.77372459577545,
                            6.307923425438664
                        ],
                        [
                            -75.77432097965813,
                            6.307708511833674
                        ],
                        [
                            -75.77401713388006,
                            6.307041186641717
                        ],
                        [
                            -75.77493432419186,
                            6.30658954311478
                        ],
                        [
                            -75.77446176377588,
                            6.30613072378921
                        ],
                        [
                            -75.77477804410822,
                            6.305583702068907
                        ],
                        [
                            -75.77499767348635,
                            6.30566918169153
                        ],
                        [
                            -75.77489849550166,
                            6.306138973011571
                        ],
                        [
                            -75.77566946164491,
                            6.306552271422555
                        ],
                        [
                            -75.77524069488248,
                            6.306973547617433
                        ],
                        [
                            -75.77511681432587,
                            6.307778788645829
                        ],
                        [
                            -75.77707401161383,
                            6.310868586156881
                        ],
                        [
                            -75.77717284439647,
                            6.311883587670478
                        ],
                        [
                            -75.77824781211585,
                            6.313988267469394
                        ],
                        [
                            -75.77858874016184,
                            6.314124941822364
                        ],
                        [
                            -75.78013799707792,
                            6.313413424582727
                        ]
                    ],
                    [
                        [
                            -75.77958376768089,
                            6.312956619000262
                        ],
                        [
                            -75.77854666330643,
                            6.312556003008136
                        ],
                        [
                            -75.77987770180194,
                            6.312370543777353
                        ],
                        [
                            -75.77998378067599,
                            6.312087372250514
                        ],
                        [
                            -75.77889258384998,
                            6.311881942043786
                        ],
                        [
                            -75.77877788743098,
                            6.311619912124986
                        ],
                        [
                            -75.77960176754014,
                            6.311128258045528
                        ],
                        [
                            -75.78122951057087,
                            6.310971108276247
                        ],
                        [
                            -75.78143000233047,
                            6.310741477528262
                        ],
                        [
                            -75.78120508890815,
                            6.310157434850473
                        ],
                        [
                            -75.78073737441045,
                            6.310478868480322
                        ],
                        [
                            -75.7798206556983,
                            6.310282252745105
                        ],
                        [
                            -75.77920427486,
                            6.309330237004355
                        ],
                        [
                            -75.77959145933292,
                            6.309099741198227
                        ],
                        [
                            -75.7806213738874,
                            6.309190322133897
                        ],
                        [
                            -75.78078364746084,
                            6.308839387527084
                        ],
                        [
                            -75.78018805688338,
                            6.308523120674796
                        ],
                        [
                            -75.78122933584923,
                            6.308059674346897
                        ],
                        [
                            -75.78041425355391,
                            6.307507613837379
                        ],
                        [
                            -75.78071812688944,
                            6.306615857523433
                        ],
                        [
                            -75.7811249540765,
                            6.306309590056826
                        ],
                        [
                            -75.78072206841993,
                            6.304897564632769
                        ]
                    ],
                    [
                        [
                            -75.78290248370931,
                            6.290060699550841
                        ],
                        [
                            -75.78222603058963,
                            6.289330859563005
                        ],
                        [
                            -75.78236196938005,
                            6.287633332146947
                        ],
                        [
                            -75.78272017260576,
                            6.286919947119918
                        ],
                        [
                            -75.78253795426767,
                            6.28571685340223
                        ],
                        [
                            -75.78355719687448,
                            6.284746996701436
                        ],
                        [
                            -75.78382654503942,
                            6.284060104756996
                        ],
                        [
                            -75.78372557177003,
                            6.282971188897983
                        ],
                        [
                            -75.78397042264238,
                            6.283024567007039
                        ],
                        [
                            -75.78389427185535,
                            6.283577453988208
                        ],
                        [
                            -75.784543200226,
                            6.284699032073209
                        ],
                        [
                            -75.78506100302522,
                            6.284551776568434
                        ],
                        [
                            -75.78539395088154,
                            6.283483645682774
                        ],
                        [
                            -75.78514146738021,
                            6.282214244442156
                        ],
                        [
                            -75.78448284669669,
                            6.282018355918187
                        ],
                        [
                            -75.78404955375366,
                            6.281502775897498
                        ],
                        [
                            -75.78430297790423,
                            6.281187916140201
                        ],
                        [
                            -75.78502442345143,
                            6.281369352516746
                        ],
                        [
                            -75.7853733527645,
                            6.280943074797102
                        ],
                        [
                            -75.78522992250068,
                            6.278815899839637
                        ],
                        [
                            -75.78560785522609,
                            6.277199562829746
                        ],
                        [
                            -75.78548460147078,
                            6.276627646847634
                        ],
                        [
                            -75.78661101755934,
                            6.275515061784716
                        ],
                        [
                            -75.78682718935328,
                            6.274094716011419
                        ],
                        [
                            -75.78839127545059,
                            6.271365373257429
                        ],
                        [
                            -75.78935157661782,
                            6.270763329167166
                        ],
                        [
                            -75.78982696137071,
                            6.269989741298505
                        ],
                        [
                            -75.79069062899974,
                            6.269866153731308
                        ],
                        [
                            -75.79185020271566,
                            6.271236438924665
                        ],
                        [
                            -75.79249134747135,
                            6.270971624190252
                        ],
                        [
                            -75.79142769961986,
                            6.269760385430603
                        ],
                        [
                            -75.79115063603344,
                            6.268604466840589
                        ],
                        [
                            -75.79039664636312,
                            6.269016621819382
                        ],
                        [
                            -75.7892996998733,
                            6.268813451420692
                        ],
                        [
                            -75.78885226722227,
                            6.269420598415405
                        ],
                        [
                            -75.78714905850012,
                            6.269775836641426
                        ],
                        [
                            -75.78644482711032,
                            6.269618881070924
                        ],
                        [
                            -75.7859490131265,
                            6.270183205556711
                        ],
                        [
                            -75.78536719725754,
                            6.270111870514302
                        ],
                        [
                            -75.78547965782974,
                            6.269334141909463
                        ],
                        [
                            -75.78615526928215,
                            6.268863243953768
                        ],
                        [
                            -75.78634884155565,
                            6.268271227019923
                        ],
                        [
                            -75.78619444875834,
                            6.267854874426082
                        ],
                        [
                            -75.78563998603566,
                            6.267584150937908
                        ],
                        [
                            -75.78533508541437,
                            6.266696647877913
                        ],
                        [
                            -75.78731113542585,
                            6.26603468828165
                        ],
                        [
                            -75.78780943526326,
                            6.265207977189252
                        ]
                    ]
                ]
            }
        },
        {
            "type": "Feature",
            "properties": {
                "CIRCUITO": "Entrerríos - Labores - San José de la Montana",
                "LONG_INTER": 39.95,
                "ORDEN": 3,
                "NOMBRE_VIA": "Entrerríos - Te a Labores - La Apartada - San José de La Montaña",
                "CODIGO_VIA": "62AN18-3",
                "MPIO_NOMBR": "BELMIRA",
                "SUBREGION": "NORTE",
                "Long_km": 17.76,
                "AV_FISICO": 0.03,
                "AV_FINAN": 0.03,
                "CONTRATIST": "CONSORCIO VIAS ANTIOQUIA NORTE",
                "INTERV": "RENTAN - CONSORCIO INTERVIALES 2025",
                "VALOR_CTO": 124487403196,
                "LOTE": 8,
                "PLAZO_MESE": 18,
                "FECHA_INI": "11/02/2026",
                "CTO": "25OO111B2826",
                "Shape_Leng": 17425.4597613,
                "ESTABILIZADO": 0
            },
            "geometry": {
                "type": "MultiLineString",
                "coordinates": [
                    [
                        [
                            -75.65175299302513,
                            6.731333724346332
                        ],
                        [
                            -75.65383554829884,
                            6.734494622552575
                        ],
                        [
                            -75.65529038663738,
                            6.734979300414782
                        ],
                        [
                            -75.65578752347442,
                            6.735634310274833
                        ],
                        [
                            -75.65579731219083,
                            6.736052186369255
                        ],
                        [
                            -75.65512799943166,
                            6.737062131861551
                        ],
                        [
                            -75.65589517791106,
                            6.738000275894219
                        ],
                        [
                            -75.65549909698933,
                            6.73939037366276
                        ],
                        [
                            -75.65647210906744,
                            6.740455209200124
                        ],
                        [
                            -75.65644080835999,
                            6.741431203217281
                        ],
                        [
                            -75.65689661069449,
                            6.743005073010781
                        ],
                        [
                            -75.65769765465724,
                            6.743495472841243
                        ],
                        [
                            -75.65786491362626,
                            6.746152836830207
                        ],
                        [
                            -75.65869805307062,
                            6.74714292327329
                        ],
                        [
                            -75.65833368273742,
                            6.748217293596543
                        ],
                        [
                            -75.65913684649699,
                            6.749723438027631
                        ],
                        [
                            -75.6583130144937,
                            6.750545190884834
                        ],
                        [
                            -75.65836284716694,
                            6.754019393918067
                        ],
                        [
                            -75.65774775274615,
                            6.755887973038154
                        ],
                        [
                            -75.65909069165703,
                            6.757651652875202
                        ],
                        [
                            -75.65890702506448,
                            6.758768586667444
                        ],
                        [
                            -75.65921168190674,
                            6.759590959090064
                        ],
                        [
                            -75.65867967364119,
                            6.760806660118831
                        ],
                        [
                            -75.65702800500594,
                            6.761493953025065
                        ],
                        [
                            -75.65708880802138,
                            6.762227509629787
                        ],
                        [
                            -75.657561804054,
                            6.762918682346029
                        ],
                        [
                            -75.65659251423305,
                            6.764054018978166
                        ],
                        [
                            -75.6569542666429,
                            6.764575385320067
                        ],
                        [
                            -75.65661420478706,
                            6.765464116356675
                        ],
                        [
                            -75.65740406929154,
                            6.766936391377662
                        ],
                        [
                            -75.65803982304269,
                            6.767505472529756
                        ],
                        [
                            -75.6587882425528,
                            6.767683502426212
                        ],
                        [
                            -75.65887344604357,
                            6.769371920189167
                        ],
                        [
                            -75.65993558138183,
                            6.769269977108951
                        ],
                        [
                            -75.6600424653689,
                            6.770191135754414
                        ]
                    ],
                    [
                        [
                            -75.58728970536116,
                            6.671600117990354
                        ],
                        [
                            -75.58733554883167,
                            6.672723434157411
                        ],
                        [
                            -75.58675676615948,
                            6.673522041544239
                        ],
                        [
                            -75.58731218997998,
                            6.674638742498074
                        ],
                        [
                            -75.5884335333934,
                            6.674877969829848
                        ],
                        [
                            -75.5897773110556,
                            6.673676225468442
                        ],
                        [
                            -75.59093558523239,
                            6.675353373454873
                        ],
                        [
                            -75.59236563091383,
                            6.675681829734298
                        ],
                        [
                            -75.59320936418514,
                            6.675297577192332
                        ],
                        [
                            -75.59429128107686,
                            6.676486922393566
                        ],
                        [
                            -75.59528312236007,
                            6.676660470475739
                        ],
                        [
                            -75.59724109340519,
                            6.678591275061178
                        ],
                        [
                            -75.59944040979673,
                            6.679877944679643
                        ],
                        [
                            -75.59993715932113,
                            6.680857355867862
                        ],
                        [
                            -75.6013981903201,
                            6.680888519762874
                        ],
                        [
                            -75.60144330909056,
                            6.681740229694752
                        ],
                        [
                            -75.6009298790664,
                            6.682768389466575
                        ],
                        [
                            -75.60078854692323,
                            6.683937120124684
                        ],
                        [
                            -75.60174081054086,
                            6.685225191222954
                        ],
                        [
                            -75.60210875238087,
                            6.686730551444414
                        ],
                        [
                            -75.60088773550927,
                            6.688051597331553
                        ],
                        [
                            -75.60086762271277,
                            6.688595933208727
                        ],
                        [
                            -75.60223194082319,
                            6.689917602819508
                        ],
                        [
                            -75.60201251783705,
                            6.691226367707835
                        ],
                        [
                            -75.60258858595971,
                            6.69406121710841
                        ],
                        [
                            -75.60334396282559,
                            6.695720420924609
                        ],
                        [
                            -75.60330989238201,
                            6.696753528463178
                        ],
                        [
                            -75.60273275539521,
                            6.69732607409471
                        ],
                        [
                            -75.60311734544239,
                            6.698602127755673
                        ],
                        [
                            -75.60652469140791,
                            6.698723990233454
                        ],
                        [
                            -75.60797026837031,
                            6.70044979170432
                        ],
                        [
                            -75.6094277844812,
                            6.70058349834947
                        ],
                        [
                            -75.61130464572416,
                            6.701365872354367
                        ],
                        [
                            -75.61278207600202,
                            6.703720510130752
                        ],
                        [
                            -75.61582604871438,
                            6.703495942187854
                        ],
                        [
                            -75.61738205554504,
                            6.704416694004504
                        ],
                        [
                            -75.61907326460853,
                            6.704466665008968
                        ],
                        [
                            -75.62013177502726,
                            6.707536493090147
                        ],
                        [
                            -75.62058805516567,
                            6.707898547709588
                        ],
                        [
                            -75.62145084886652,
                            6.707965854304618
                        ],
                        [
                            -75.62220919309719,
                            6.709455211190901
                        ],
                        [
                            -75.62285303685988,
                            6.709643070844312
                        ],
                        [
                            -75.62352868953882,
                            6.70911136606193
                        ],
                        [
                            -75.62464029075689,
                            6.70898409909401
                        ],
                        [
                            -75.62484387560927,
                            6.70941471017547
                        ],
                        [
                            -75.62470783131218,
                            6.710548552678292
                        ],
                        [
                            -75.62527970710104,
                            6.711124444610134
                        ],
                        [
                            -75.62694501244039,
                            6.71536005760635
                        ],
                        [
                            -75.62752273607322,
                            6.716056722878243
                        ],
                        [
                            -75.6289831278501,
                            6.716809812759124
                        ],
                        [
                            -75.63258503545146,
                            6.716783722211295
                        ],
                        [
                            -75.6329067695179,
                            6.716135953047301
                        ],
                        [
                            -75.63281264715046,
                            6.714966225315269
                        ],
                        [
                            -75.63529240172905,
                            6.713547732426743
                        ],
                        [
                            -75.63616851329196,
                            6.713843144892797
                        ],
                        [
                            -75.63726931490427,
                            6.713108701705943
                        ],
                        [
                            -75.63848568115613,
                            6.713198720092225
                        ],
                        [
                            -75.63929129190096,
                            6.712945679354326
                        ],
                        [
                            -75.6422823554774,
                            6.714415944590723
                        ],
                        [
                            -75.64287088726098,
                            6.714829428323913
                        ],
                        [
                            -75.64298377057769,
                            6.715753616183009
                        ],
                        [
                            -75.6442538361474,
                            6.717807386770686
                        ],
                        [
                            -75.64412988600343,
                            6.718703572190065
                        ],
                        [
                            -75.64468409211716,
                            6.718837170076683
                        ],
                        [
                            -75.64563684850708,
                            6.719715379899622
                        ],
                        [
                            -75.64653529239017,
                            6.719761275179713
                        ],
                        [
                            -75.64866816244731,
                            6.722040919145477
                        ],
                        [
                            -75.64984568666276,
                            6.722418871816157
                        ],
                        [
                            -75.65172014345573,
                            6.725482276709968
                        ]
                    ]
                ]
            }
        },
        {
            "type": "Feature",
            "properties": {
                "CIRCUITO": "Entrerríos - Labores - San José de la Montana",
                "LONG_INTER": 39.95,
                "ORDEN": 3,
                "NOMBRE_VIA": "Entrerríos - Te a Labores - La Apartada - San José de La Montaña",
                "CODIGO_VIA": "62AN18-3",
                "MPIO_NOMBR": "ENTRERRIOS",
                "SUBREGION": "NORTE",
                "Long_km": 11.23,
                "AV_FISICO": 0.03,
                "AV_FINAN": 0.03,
                "CONTRATIST": "CONSORCIO VIAS ANTIOQUIA NORTE",
                "INTERV": "RENTAN - CONSORCIO INTERVIALES 2025",
                "VALOR_CTO": 124487403196,
                "LOTE": 8,
                "PLAZO_MESE": 18,
                "FECHA_INI": "11/02/2026",
                "CTO": "25OO111B2826",
                "Shape_Leng": 10983.7305179,
                "ESTABILIZADO": 0
            },
            "geometry": {
                "type": "MultiLineString",
                "coordinates": [
                    [
                        [
                            -75.54361913680907,
                            6.625176369116363
                        ],
                        [
                            -75.5439687049382,
                            6.625223857701083
                        ],
                        [
                            -75.54466729757611,
                            6.624267253083667
                        ],
                        [
                            -75.54541013658219,
                            6.623986451755901
                        ],
                        [
                            -75.54606396839735,
                            6.624084410585414
                        ],
                        [
                            -75.54629136250107,
                            6.624702436433591
                        ],
                        [
                            -75.5468512922308,
                            6.624761769019177
                        ],
                        [
                            -75.54752329329636,
                            6.625406917480701
                        ],
                        [
                            -75.5498256906821,
                            6.62464224139904
                        ],
                        [
                            -75.55364015865125,
                            6.627147215455274
                        ],
                        [
                            -75.55551726582239,
                            6.626280640163202
                        ],
                        [
                            -75.55675458045553,
                            6.626745666476624
                        ],
                        [
                            -75.55787510327879,
                            6.625665926345615
                        ],
                        [
                            -75.55831110180401,
                            6.625792010277332
                        ],
                        [
                            -75.55856832540717,
                            6.626495044202924
                        ],
                        [
                            -75.55920480145366,
                            6.626030338552046
                        ],
                        [
                            -75.56078224992177,
                            6.626745609430426
                        ],
                        [
                            -75.56140461035636,
                            6.627344189211921
                        ],
                        [
                            -75.56116566792102,
                            6.630193511985801
                        ],
                        [
                            -75.56149812871622,
                            6.630867924771206
                        ],
                        [
                            -75.56232398131726,
                            6.631452997430465
                        ],
                        [
                            -75.56288991961338,
                            6.633288878351585
                        ],
                        [
                            -75.56484399908521,
                            6.63526652441745
                        ],
                        [
                            -75.56661724511709,
                            6.635593159740271
                        ],
                        [
                            -75.56723145813955,
                            6.635970902443544
                        ],
                        [
                            -75.56733692207092,
                            6.636739364930822
                        ],
                        [
                            -75.56772861867609,
                            6.637211559103639
                        ],
                        [
                            -75.56877011547193,
                            6.637102555334004
                        ],
                        [
                            -75.56889091340075,
                            6.637633556930282
                        ],
                        [
                            -75.56918956926772,
                            6.637719793294803
                        ],
                        [
                            -75.56927323560112,
                            6.637105821436418
                        ],
                        [
                            -75.57000607469868,
                            6.636714681892638
                        ],
                        [
                            -75.5716844965561,
                            6.638688938173757
                        ],
                        [
                            -75.57525384621256,
                            6.640210360194637
                        ],
                        [
                            -75.57582087610221,
                            6.641629998994116
                        ],
                        [
                            -75.57620793454238,
                            6.641284525343426
                        ],
                        [
                            -75.57675259505095,
                            6.641332522696112
                        ],
                        [
                            -75.57734097919713,
                            6.641852069778269
                        ],
                        [
                            -75.57770937971763,
                            6.641456739457563
                        ],
                        [
                            -75.57771351955081,
                            6.640871268392977
                        ],
                        [
                            -75.57830706632912,
                            6.640643347114601
                        ],
                        [
                            -75.57946482653138,
                            6.64276239552731
                        ],
                        [
                            -75.58138927035793,
                            6.642980898592607
                        ],
                        [
                            -75.58191040953162,
                            6.643486997899009
                        ],
                        [
                            -75.5817677305974,
                            6.644171197928688
                        ],
                        [
                            -75.58255711670253,
                            6.644597865222662
                        ],
                        [
                            -75.58350970608106,
                            6.644741505680664
                        ],
                        [
                            -75.58408552443825,
                            6.644310060621576
                        ],
                        [
                            -75.5856994190615,
                            6.644050411212995
                        ],
                        [
                            -75.58773241575719,
                            6.643040053682563
                        ],
                        [
                            -75.58932879938187,
                            6.643079348338907
                        ],
                        [
                            -75.59028137297709,
                            6.643856988088104
                        ],
                        [
                            -75.5909203286739,
                            6.645005967582863
                        ],
                        [
                            -75.59223797171647,
                            6.644357731779025
                        ],
                        [
                            -75.59253703027714,
                            6.64446925674244
                        ],
                        [
                            -75.59305803124583,
                            6.645150521364272
                        ],
                        [
                            -75.59310248703062,
                            6.647820247166807
                        ],
                        [
                            -75.59220193303238,
                            6.648510675389494
                        ],
                        [
                            -75.59176990883935,
                            6.649510957116354
                        ],
                        [
                            -75.59136894284953,
                            6.649571414757997
                        ],
                        [
                            -75.59104239317482,
                            6.64919242337396
                        ],
                        [
                            -75.59077294866314,
                            6.649342547499252
                        ],
                        [
                            -75.59031962462467,
                            6.651222455345227
                        ],
                        [
                            -75.59052379440568,
                            6.652771817332711
                        ],
                        [
                            -75.5888325548274,
                            6.656006774317656
                        ],
                        [
                            -75.5884484776962,
                            6.659177068824861
                        ],
                        [
                            -75.58773927098242,
                            6.660491030872209
                        ],
                        [
                            -75.58702895139439,
                            6.660786752116048
                        ],
                        [
                            -75.58658416463109,
                            6.661442342397411
                        ],
                        [
                            -75.58644190444024,
                            6.664887796498996
                        ],
                        [
                            -75.5859985987335,
                            6.665868353615184
                        ],
                        [
                            -75.58560055314258,
                            6.668512390293771
                        ],
                        [
                            -75.58612431063021,
                            6.668937529129437
                        ],
                        [
                            -75.58632593799722,
                            6.670301360016313
                        ],
                        [
                            -75.58728970536116,
                            6.671600117990354
                        ]
                    ]
                ]
            }
        },
        {
            "type": "Feature",
            "properties": {
                "CIRCUITO": "Entrerríos - Labores - San José de la Montana",
                "LONG_INTER": 39.95,
                "ORDEN": 3,
                "NOMBRE_VIA": "Entrerríos - Te a Labores - La Apartada - San José de La Montaña",
                "CODIGO_VIA": "62AN18-3",
                "MPIO_NOMBR": "SAN JOSÃ‰ DE LA MONTAÃ‘A",
                "SUBREGION": "NORTE",
                "Long_km": 10.96,
                "AV_FISICO": 0.03,
                "AV_FINAN": 0.03,
                "CONTRATIST": "CONSORCIO VIAS ANTIOQUIA NORTE",
                "INTERV": "RENTAN - CONSORCIO INTERVIALES 2025",
                "VALOR_CTO": 124487403196,
                "LOTE": 8,
                "PLAZO_MESE": 18,
                "FECHA_INI": "11/02/2026",
                "CTO": "25OO111B2826",
                "Shape_Leng": 10734.8798857,
                "ESTABILIZADO": 0
            },
            "geometry": {
                "type": "MultiLineString",
                "coordinates": [
                    [
                        [
                            -75.6600424653689,
                            6.770191135754414
                        ],
                        [
                            -75.66013173002415,
                            6.772012647046628
                        ],
                        [
                            -75.6613801880106,
                            6.77364308477748
                        ],
                        [
                            -75.66162827775523,
                            6.774820685871078
                        ],
                        [
                            -75.66237126257109,
                            6.775216270449722
                        ],
                        [
                            -75.6638075043199,
                            6.778086936402249
                        ],
                        [
                            -75.66276201047484,
                            6.779861595781308
                        ],
                        [
                            -75.66281698929839,
                            6.780384108757816
                        ],
                        [
                            -75.6635341364207,
                            6.781266999556457
                        ],
                        [
                            -75.66484587675204,
                            6.781005999574155
                        ],
                        [
                            -75.6656196058689,
                            6.7827054515122
                        ],
                        [
                            -75.66619050304422,
                            6.782862970419129
                        ],
                        [
                            -75.66757642689849,
                            6.782193728837786
                        ],
                        [
                            -75.66807600405559,
                            6.781342812421372
                        ],
                        [
                            -75.66874128873171,
                            6.781402115750913
                        ],
                        [
                            -75.6699836072933,
                            6.780768098438824
                        ],
                        [
                            -75.67034546061453,
                            6.78260294071047
                        ],
                        [
                            -75.66942365802502,
                            6.787740025214686
                        ],
                        [
                            -75.6721920775658,
                            6.789879962157882
                        ],
                        [
                            -75.67162514646981,
                            6.790809995048045
                        ],
                        [
                            -75.67223057767627,
                            6.793011934919259
                        ],
                        [
                            -75.67370801758888,
                            6.793877125598261
                        ],
                        [
                            -75.67508873457922,
                            6.793745697382573
                        ],
                        [
                            -75.67591003663158,
                            6.796160630665205
                        ],
                        [
                            -75.67738444389566,
                            6.797384248646534
                        ],
                        [
                            -75.67758136294051,
                            6.798386629165791
                        ],
                        [
                            -75.67843212121447,
                            6.798601943907648
                        ],
                        [
                            -75.67867742163517,
                            6.79934910171684
                        ],
                        [
                            -75.67926397198768,
                            6.799775812248213
                        ],
                        [
                            -75.67937913974617,
                            6.800545065418231
                        ],
                        [
                            -75.68009011869079,
                            6.800843656497679
                        ],
                        [
                            -75.68010864181272,
                            6.801735062609925
                        ],
                        [
                            -75.67951108046312,
                            6.802440623423466
                        ],
                        [
                            -75.67948287096719,
                            6.802902022991639
                        ],
                        [
                            -75.6795941768076,
                            6.803538391414494
                        ],
                        [
                            -75.68029952245541,
                            6.804142941390428
                        ],
                        [
                            -75.68059503326876,
                            6.804970451189139
                        ],
                        [
                            -75.67965674186831,
                            6.807531822126829
                        ],
                        [
                            -75.6806317590035,
                            6.811476394344411
                        ],
                        [
                            -75.68259608227517,
                            6.812888545525321
                        ],
                        [
                            -75.68410163504467,
                            6.813120405350181
                        ],
                        [
                            -75.68490142601195,
                            6.812447836679935
                        ],
                        [
                            -75.68601100595114,
                            6.813379230998723
                        ],
                        [
                            -75.68749524225865,
                            6.813551498099149
                        ],
                        [
                            -75.68816833914377,
                            6.81462135335109
                        ],
                        [
                            -75.68890838441048,
                            6.814347211963703
                        ],
                        [
                            -75.6891701902032,
                            6.814565909967005
                        ],
                        [
                            -75.68935603925598,
                            6.816169925913571
                        ],
                        [
                            -75.6891074732143,
                            6.817155145076058
                        ],
                        [
                            -75.6895408065071,
                            6.818160011481535
                        ],
                        [
                            -75.68880759347279,
                            6.819846902251055
                        ],
                        [
                            -75.68906879757122,
                            6.823648737525152
                        ],
                        [
                            -75.68781781377481,
                            6.826922440739032
                        ],
                        [
                            -75.68754275270614,
                            6.829792297753267
                        ],
                        [
                            -75.68805077937537,
                            6.831621425354261
                        ],
                        [
                            -75.68775237174759,
                            6.832929199747917
                        ],
                        [
                            -75.68827792039667,
                            6.834004605456161
                        ],
                        [
                            -75.68826998902402,
                            6.835362336435979
                        ],
                        [
                            -75.68870717042041,
                            6.836476486050001
                        ],
                        [
                            -75.6872961924746,
                            6.840974934763511
                        ]
                    ]
                ]
            }
        },
        {
            "type": "Feature",
            "properties": {
                "CIRCUITO": "San Vicente - El Peñol",
                "LONG_INTER": 18.15,
                "ORDEN": 3,
                "NOMBRE_VIA": "San Vicente - El Peñol",
                "CODIGO_VIA": "60AN14-1",
                "MPIO_NOMBR": "EL PEÑOL",
                "SUBREGION": "ORIENTE",
                "Long_km": 2.96,
                "AV_FISICO": 0.03,
                "AV_FINAN": 0.03,
                "CONTRATIST": "POR DEFINIR (RENTAN)",
                "INTERV": "RENTAN - POR DEFINIR",
                "VALOR_CTO": 108554215084.00002,
                "LOTE": 1,
                "PLAZO_MESE": 15,
                "FECHA_INI": "20/01/2026",
                "CTO": "4600018900",
                "Shape_Leng": 2910.42414992,
                "ESTABILIZADO": 0
            },
            "geometry": {
                "type": "MultiLineString",
                "coordinates": [
                    [
                        [
                            -75.23808215596245,
                            6.284346630197495
                        ],
                        [
                            -75.2405099220263,
                            6.283597708722366
                        ],
                        [
                            -75.24080105954916,
                            6.282922380810286
                        ],
                        [
                            -75.2415717891533,
                            6.282475161522663
                        ],
                        [
                            -75.24252467569185,
                            6.282561043396842
                        ],
                        [
                            -75.24283811712303,
                            6.282260606754954
                        ],
                        [
                            -75.24222155892544,
                            6.280565885644588
                        ],
                        [
                            -75.24144680903797,
                            6.280096622905161
                        ],
                        [
                            -75.2412792090027,
                            6.279483918926037
                        ],
                        [
                            -75.24133561928718,
                            6.278843092738573
                        ],
                        [
                            -75.24228164598539,
                            6.27821988847866
                        ],
                        [
                            -75.24121648907177,
                            6.275202874672376
                        ],
                        [
                            -75.24171003697712,
                            6.274304430297656
                        ],
                        [
                            -75.24201174922307,
                            6.27273411569282
                        ],
                        [
                            -75.2408939760213,
                            6.272033187146075
                        ],
                        [
                            -75.23985753124238,
                            6.270521034803473
                        ],
                        [
                            -75.23831440998711,
                            6.271157964101035
                        ],
                        [
                            -75.23748596302455,
                            6.270490914507515
                        ],
                        [
                            -75.23542985367806,
                            6.269744970471958
                        ],
                        [
                            -75.23405106230486,
                            6.268701714923851
                        ]
                    ]
                ]
            }
        },
        {
            "type": "Feature",
            "properties": {
                "CIRCUITO": "San Vicente - El Peñol",
                "LONG_INTER": 18.15,
                "ORDEN": 3,
                "NOMBRE_VIA": "San Vicente - El Peñol",
                "CODIGO_VIA": "60AN14-1",
                "MPIO_NOMBR": "SAN VICENTE",
                "SUBREGION": "ORIENTE",
                "Long_km": 15.19,
                "AV_FISICO": 0.03,
                "AV_FINAN": 0.03,
                "CONTRATIST": "POR DEFINIR (RENTAN)",
                "INTERV": "RENTAN - POR DEFINIR",
                "VALOR_CTO": 108554215084.00002,
                "LOTE": 1,
                "PLAZO_MESE": 15,
                "FECHA_INI": "20/01/2026",
                "CTO": "4600018900",
                "Shape_Leng": 14695.5541644,
                "ESTABILIZADO": 0
            },
            "geometry": {
                "type": "MultiLineString",
                "coordinates": [
                    [
                        [
                            -75.32840492373309,
                            6.28193253285446
                        ],
                        [
                            -75.32795887979411,
                            6.282485982111479
                        ],
                        [
                            -75.32697721074459,
                            6.282018637633167
                        ],
                        [
                            -75.32604441826899,
                            6.282762691455099
                        ],
                        [
                            -75.3259648787939,
                            6.283412676095588
                        ],
                        [
                            -75.32549347296398,
                            6.282962698125799
                        ],
                        [
                            -75.3247666834817,
                            6.283073333320933
                        ],
                        [
                            -75.32270007900945,
                            6.282176999121452
                        ],
                        [
                            -75.32186036612649,
                            6.282251682634626
                        ],
                        [
                            -75.3216130139557,
                            6.282657936756531
                        ],
                        [
                            -75.32181057917647,
                            6.283090426055352
                        ],
                        [
                            -75.32161015133006,
                            6.284001219061948
                        ],
                        [
                            -75.3219448019645,
                            6.284333412117148
                        ],
                        [
                            -75.32188716287055,
                            6.284730599461767
                        ],
                        [
                            -75.32157918555195,
                            6.285042036471531
                        ],
                        [
                            -75.32041295957056,
                            6.284994715971842
                        ],
                        [
                            -75.3200678989673,
                            6.285887617983787
                        ],
                        [
                            -75.31931402951612,
                            6.284906912320827
                        ],
                        [
                            -75.31858024541239,
                            6.284843924028099
                        ],
                        [
                            -75.31779220375,
                            6.284173476790935
                        ],
                        [
                            -75.31593566672558,
                            6.283763123455198
                        ],
                        [
                            -75.3149246195905,
                            6.284167648256218
                        ],
                        [
                            -75.31455608626533,
                            6.283412541351472
                        ],
                        [
                            -75.31372910691532,
                            6.283318720896617
                        ],
                        [
                            -75.312807840732,
                            6.283635851635621
                        ],
                        [
                            -75.31188249189982,
                            6.282715828170354
                        ],
                        [
                            -75.31054515172197,
                            6.282878746459047
                        ],
                        [
                            -75.30941027430289,
                            6.283874533913786
                        ],
                        [
                            -75.30904851845747,
                            6.285099196553911
                        ],
                        [
                            -75.30778733890962,
                            6.285451908042254
                        ],
                        [
                            -75.30599706539492,
                            6.284423259515663
                        ],
                        [
                            -75.30513128618969,
                            6.284930388856972
                        ],
                        [
                            -75.30443910744287,
                            6.284736736898782
                        ],
                        [
                            -75.30378561546932,
                            6.283801530727684
                        ],
                        [
                            -75.30406835439727,
                            6.2828970276712
                        ],
                        [
                            -75.3033985992769,
                            6.281269124537583
                        ],
                        [
                            -75.30176866222244,
                            6.281565828117261
                        ],
                        [
                            -75.30089556069412,
                            6.280377035636975
                        ],
                        [
                            -75.30024759326128,
                            6.280580561787924
                        ],
                        [
                            -75.2990446545647,
                            6.280255396516837
                        ],
                        [
                            -75.29767662653323,
                            6.28110859333282
                        ],
                        [
                            -75.297337990645,
                            6.282694690730384
                        ],
                        [
                            -75.29685611041319,
                            6.283497684122215
                        ],
                        [
                            -75.29633827146014,
                            6.283642461054921
                        ],
                        [
                            -75.29537521247804,
                            6.283349835969667
                        ],
                        [
                            -75.29484360050023,
                            6.283819831261361
                        ],
                        [
                            -75.2942625064629,
                            6.283527067168515
                        ],
                        [
                            -75.2937374407721,
                            6.283792778378257
                        ],
                        [
                            -75.29451361232324,
                            6.286029500303862
                        ],
                        [
                            -75.2944512951669,
                            6.286732164294152
                        ],
                        [
                            -75.2929447705513,
                            6.288496884609703
                        ],
                        [
                            -75.29283857620294,
                            6.28933974588336
                        ],
                        [
                            -75.29210124665929,
                            6.289800395636897
                        ],
                        [
                            -75.28857224056559,
                            6.290235712694313
                        ],
                        [
                            -75.28693786598724,
                            6.291577213967941
                        ],
                        [
                            -75.28663878803629,
                            6.291324883532475
                        ],
                        [
                            -75.2863226495536,
                            6.289804627196755
                        ],
                        [
                            -75.28471482230454,
                            6.289837018052296
                        ],
                        [
                            -75.28411892871539,
                            6.289236821405608
                        ],
                        [
                            -75.28314652815561,
                            6.289778701189303
                        ],
                        [
                            -75.28301932567206,
                            6.290457830840269
                        ],
                        [
                            -75.28249279360683,
                            6.290587307587717
                        ],
                        [
                            -75.28147024464401,
                            6.291627703167769
                        ],
                        [
                            -75.28041230081335,
                            6.291506611477035
                        ],
                        [
                            -75.28008481882564,
                            6.290941581788936
                        ],
                        [
                            -75.27869206607699,
                            6.291138582748657
                        ],
                        [
                            -75.27716515878907,
                            6.292364217732556
                        ],
                        [
                            -75.27590565936997,
                            6.291272819909766
                        ],
                        [
                            -75.27567304439296,
                            6.291796630522762
                        ],
                        [
                            -75.2751278183395,
                            6.292007394458844
                        ],
                        [
                            -75.27339425641688,
                            6.291805042370624
                        ],
                        [
                            -75.27243933619594,
                            6.292308518217334
                        ],
                        [
                            -75.27086007047674,
                            6.293937042616258
                        ],
                        [
                            -75.26882787190836,
                            6.294574441499854
                        ],
                        [
                            -75.26794136829182,
                            6.294411105433792
                        ],
                        [
                            -75.26727956344266,
                            6.294975157802593
                        ],
                        [
                            -75.26632323137082,
                            6.294511151854024
                        ],
                        [
                            -75.26601696818862,
                            6.295198478667078
                        ],
                        [
                            -75.26494558236824,
                            6.295420512934133
                        ],
                        [
                            -75.2640491962398,
                            6.2945967752173
                        ],
                        [
                            -75.26305338142217,
                            6.294590283773801
                        ],
                        [
                            -75.26238007277453,
                            6.294898956295828
                        ],
                        [
                            -75.26126943262162,
                            6.294128356535071
                        ],
                        [
                            -75.2587536279313,
                            6.293878697225654
                        ],
                        [
                            -75.25809037633648,
                            6.29347016426534
                        ],
                        [
                            -75.2573127254799,
                            6.293892259823456
                        ],
                        [
                            -75.25645675838747,
                            6.295369042006889
                        ],
                        [
                            -75.2550276240369,
                            6.294803093550568
                        ],
                        [
                            -75.25422183772726,
                            6.293351393010506
                        ],
                        [
                            -75.25331906119617,
                            6.293103844063468
                        ],
                        [
                            -75.25256049265317,
                            6.293297434435265
                        ],
                        [
                            -75.25243969684549,
                            6.294105294284543
                        ],
                        [
                            -75.25156794982092,
                            6.294385412113823
                        ],
                        [
                            -75.25112523603563,
                            6.294882672418358
                        ],
                        [
                            -75.24976274660501,
                            6.292253372955178
                        ],
                        [
                            -75.24861340982626,
                            6.291671190731282
                        ],
                        [
                            -75.2481966519305,
                            6.2911440943739
                        ],
                        [
                            -75.24821912264704,
                            6.290182255607162
                        ],
                        [
                            -75.24872914191891,
                            6.289034435720324
                        ],
                        [
                            -75.24784918801812,
                            6.28731321518455
                        ],
                        [
                            -75.24677582868779,
                            6.286896882600127
                        ],
                        [
                            -75.24680040079603,
                            6.28611160908307
                        ],
                        [
                            -75.24615565076479,
                            6.285366543343677
                        ],
                        [
                            -75.245136096694,
                            6.284633657687381
                        ],
                        [
                            -75.24438011684428,
                            6.284786258731329
                        ],
                        [
                            -75.24411566923014,
                            6.284126845721874
                        ],
                        [
                            -75.24339780982541,
                            6.284042278778468
                        ],
                        [
                            -75.2429683411467,
                            6.284684739882676
                        ],
                        [
                            -75.242298002728,
                            6.28464362678528
                        ],
                        [
                            -75.24227455773638,
                            6.286244137641466
                        ],
                        [
                            -75.24154594284589,
                            6.285336483596581
                        ],
                        [
                            -75.24121526227117,
                            6.28395898520639
                        ],
                        [
                            -75.24012162291339,
                            6.284012060892247
                        ],
                        [
                            -75.23821594148465,
                            6.285038449586837
                        ],
                        [
                            -75.23781680802279,
                            6.28471976253013
                        ],
                        [
                            -75.23807286123586,
                            6.284355129268839
                        ]
                    ]
                ]
            }
        },
        {
            "type": "Feature",
            "properties": {
                "CIRCUITO": "La Quiebra - Santa Ana",
                "LONG_INTER": 5.33,
                "ORDEN": 3,
                "NOMBRE_VIA": "La Quiebra - Santa Ana",
                "CODIGO_VIA": "05313VT17",
                "MPIO_NOMBR": "GRANADA",
                "SUBREGION": "ORIENTE",
                "Long_km": 5.33,
                "AV_FISICO": 0.03,
                "AV_FINAN": 0.03,
                "CONTRATIST": "POR DEFINIR (RENTAN)",
                "INTERV": "RENTAN - POR DEFINIR",
                "VALOR_CTO": 108554215084.00002,
                "LOTE": 1,
                "PLAZO_MESE": 15,
                "FECHA_INI": "20/01/2026",
                "CTO": "4600018900",
                "Shape_Leng": 5074.74919203,
                "ESTABILIZADO": 0
            },
            "geometry": {
                "type": "MultiLineString",
                "coordinates": [
                    [
                        [
                            -75.1032525337168,
                            6.109299110901003
                        ],
                        [
                            -75.10317934515504,
                            6.10848181473337
                        ],
                        [
                            -75.10379166248859,
                            6.108091463890224
                        ],
                        [
                            -75.10365501342727,
                            6.106771067964233
                        ],
                        [
                            -75.10404387148826,
                            6.106403313336932
                        ],
                        [
                            -75.10371813024393,
                            6.105760993140006
                        ]
                    ],
                    [
                        [
                            -75.10373362639491,
                            6.102951944133649
                        ],
                        [
                            -75.10295345389474,
                            6.102408970708953
                        ],
                        [
                            -75.10356035425902,
                            6.102067271550406
                        ],
                        [
                            -75.10399183655433,
                            6.100547048687554
                        ],
                        [
                            -75.10324981970405,
                            6.100038934140687
                        ],
                        [
                            -75.10340300943447,
                            6.098938257079163
                        ],
                        [
                            -75.10389210149506,
                            6.098266604500857
                        ],
                        [
                            -75.10310009115096,
                            6.096990885080792
                        ],
                        [
                            -75.10346072926191,
                            6.096672729766802
                        ],
                        [
                            -75.10417394072749,
                            6.097094247537539
                        ],
                        [
                            -75.10476414071907,
                            6.096927189750772
                        ],
                        [
                            -75.10516490092199,
                            6.096166776188304
                        ],
                        [
                            -75.10447896211423,
                            6.096123869329239
                        ],
                        [
                            -75.10294926881741,
                            6.093851000987243
                        ],
                        [
                            -75.10361028748598,
                            6.092059304731446
                        ],
                        [
                            -75.10421865678637,
                            6.091498236220398
                        ],
                        [
                            -75.10353859518374,
                            6.0909730640735
                        ],
                        [
                            -75.1035675059853,
                            6.08965170967796
                        ],
                        [
                            -75.10311931077557,
                            6.088637512807489
                        ],
                        [
                            -75.10397643986754,
                            6.08768252977403
                        ],
                        [
                            -75.10373301666228,
                            6.086653915348649
                        ],
                        [
                            -75.10545437789051,
                            6.086333741661414
                        ],
                        [
                            -75.10557429930397,
                            6.085410119525474
                        ],
                        [
                            -75.10669382633861,
                            6.084805415961965
                        ],
                        [
                            -75.10771475700041,
                            6.083741442864376
                        ],
                        [
                            -75.10721303365699,
                            6.083045806760673
                        ],
                        [
                            -75.10730993933933,
                            6.082558609396899
                        ],
                        [
                            -75.10667441057336,
                            6.082029117131969
                        ],
                        [
                            -75.10653925260063,
                            6.079648679482428
                        ],
                        [
                            -75.10711320597314,
                            6.078970918159698
                        ],
                        [
                            -75.10684699590571,
                            6.078354968176462
                        ],
                        [
                            -75.1069603248354,
                            6.077689491551592
                        ],
                        [
                            -75.10752594577909,
                            6.077213228246448
                        ],
                        [
                            -75.1080924601784,
                            6.077788177520707
                        ],
                        [
                            -75.10832023969913,
                            6.077682989619927
                        ],
                        [
                            -75.10768722524067,
                            6.076691079627159
                        ],
                        [
                            -75.10682841726806,
                            6.076423131801161
                        ],
                        [
                            -75.10658120229944,
                            6.076030366238639
                        ],
                        [
                            -75.10602959214174,
                            6.076000928727606
                        ],
                        [
                            -75.10527508599601,
                            6.074876788001904
                        ],
                        [
                            -75.1062050104122,
                            6.075491348810306
                        ]
                    ]
                ]
            }
        },
        {
            "type": "Feature",
            "properties": {
                "CIRCUITO": "El Guayabo - El Salto - Partidas a Guadalupe",
                "LONG_INTER": 10.61,
                "ORDEN": 3,
                "NOMBRE_VIA": "El Guayabo - El Salto - Partidas a Guadalupe",
                "CODIGO_VIA": "62AN21-1-2",
                "MPIO_NOMBR": "GOMEZ PLATA",
                "SUBREGION": "NORTE",
                "Long_km": 10.61,
                "AV_FISICO": 0.03,
                "AV_FINAN": 0.03,
                "CONTRATIST": "CONSORCIO VIAS ANTIOQUIA NORTE",
                "INTERV": "RENTAN - CONSORCIO INTERVIALES 2025",
                "VALOR_CTO": 124487403196,
                "LOTE": 8,
                "PLAZO_MESE": 18,
                "FECHA_INI": "11/02/2026",
                "CTO": "25OO111B2826",
                "Shape_Leng": 10298.3349483,
                "ESTABILIZADO": 0
            },
            "geometry": {
                "type": "MultiLineString",
                "coordinates": [
                    [
                        [
                            -75.23649837736247,
                            6.718568352112245
                        ],
                        [
                            -75.23702760949652,
                            6.719324969937401
                        ],
                        [
                            -75.23714439404402,
                            6.720580984987364
                        ],
                        [
                            -75.23631551261455,
                            6.722069102848379
                        ],
                        [
                            -75.23514281662433,
                            6.722721499972637
                        ],
                        [
                            -75.23418892543958,
                            6.724819242804878
                        ],
                        [
                            -75.2344426923899,
                            6.725314065712434
                        ],
                        [
                            -75.2340062401434,
                            6.726265542339999
                        ],
                        [
                            -75.2340293941681,
                            6.727035852742704
                        ],
                        [
                            -75.2333620954817,
                            6.727354703242344
                        ],
                        [
                            -75.23268588474183,
                            6.728469596831445
                        ],
                        [
                            -75.23303392668996,
                            6.729548434117294
                        ],
                        [
                            -75.23231840445654,
                            6.730533193709159
                        ],
                        [
                            -75.23209663439775,
                            6.731539364964219
                        ],
                        [
                            -75.23243429609374,
                            6.731997848595627
                        ],
                        [
                            -75.23312070069626,
                            6.732213797717294
                        ],
                        [
                            -75.23313133015587,
                            6.733194321948492
                        ],
                        [
                            -75.23225910269133,
                            6.733692884133062
                        ],
                        [
                            -75.23253032629438,
                            6.735465731587429
                        ],
                        [
                            -75.23206619243136,
                            6.736710879593584
                        ],
                        [
                            -75.2316702561636,
                            6.737135752030532
                        ],
                        [
                            -75.2307560911058,
                            6.73719161985055
                        ],
                        [
                            -75.23047059749476,
                            6.737662350772085
                        ],
                        [
                            -75.23027368926141,
                            6.739642808883489
                        ],
                        [
                            -75.2306476102236,
                            6.740590913187147
                        ],
                        [
                            -75.23034717791595,
                            6.741301977417328
                        ],
                        [
                            -75.23171137476118,
                            6.74147649669723
                        ],
                        [
                            -75.23252371941588,
                            6.742954813622091
                        ],
                        [
                            -75.23244838042669,
                            6.744452833173548
                        ],
                        [
                            -75.23176299675859,
                            6.745161767935007
                        ],
                        [
                            -75.23208381288383,
                            6.746106123274761
                        ],
                        [
                            -75.23313145553588,
                            6.746271302271598
                        ],
                        [
                            -75.23405250757408,
                            6.747365389080064
                        ],
                        [
                            -75.23536303183349,
                            6.746984996995235
                        ],
                        [
                            -75.23768993025162,
                            6.748552563188986
                        ],
                        [
                            -75.23919043899684,
                            6.747805335778033
                        ],
                        [
                            -75.24090787514835,
                            6.749662015958276
                        ],
                        [
                            -75.24089278561661,
                            6.751444183258083
                        ],
                        [
                            -75.23913029260748,
                            6.752209633849253
                        ],
                        [
                            -75.23817775214728,
                            6.753869116174269
                        ],
                        [
                            -75.23824865308919,
                            6.754424249435953
                        ],
                        [
                            -75.23762760050897,
                            6.755662763438051
                        ],
                        [
                            -75.23675597131046,
                            6.756835780258663
                        ],
                        [
                            -75.23655253491201,
                            6.757983068768622
                        ],
                        [
                            -75.23794715520017,
                            6.758672296295559
                        ],
                        [
                            -75.23834846889083,
                            6.759582266333541
                        ],
                        [
                            -75.23928724533248,
                            6.759968833376949
                        ],
                        [
                            -75.2397911261132,
                            6.759884039373155
                        ],
                        [
                            -75.24040475864628,
                            6.759188966432212
                        ],
                        [
                            -75.24112907442102,
                            6.759446941126041
                        ],
                        [
                            -75.24398724677239,
                            6.763306797227242
                        ],
                        [
                            -75.24427828494842,
                            6.764317951467202
                        ],
                        [
                            -75.2450862528129,
                            6.764248570389467
                        ],
                        [
                            -75.24581080001303,
                            6.765001285075149
                        ],
                        [
                            -75.24518280227468,
                            6.766297904324403
                        ],
                        [
                            -75.24635109841752,
                            6.766209097860341
                        ],
                        [
                            -75.24700932234292,
                            6.766703465333813
                        ],
                        [
                            -75.24702892054053,
                            6.768390436601369
                        ],
                        [
                            -75.24661805421854,
                            6.768720668471389
                        ],
                        [
                            -75.2467024039377,
                            6.769032060455694
                        ],
                        [
                            -75.2490402209645,
                            6.770618897443074
                        ],
                        [
                            -75.24935498089539,
                            6.771297015001091
                        ],
                        [
                            -75.24983129979961,
                            6.771486823330462
                        ],
                        [
                            -75.25068686805217,
                            6.773788445254802
                        ],
                        [
                            -75.25172396237431,
                            6.773580211857165
                        ],
                        [
                            -75.25236559906119,
                            6.774032453212152
                        ],
                        [
                            -75.25303410766696,
                            6.773952853200752
                        ],
                        [
                            -75.25343457847127,
                            6.775570909576773
                        ],
                        [
                            -75.25222327342352,
                            6.775349570079754
                        ]
                    ],
                    [
                        [
                            -75.23649837736247,
                            6.718568352112245
                        ],
                        [
                            -75.23649842943833,
                            6.718568576196891
                        ],
                        [
                            -75.23649833998975,
                            6.718568608954866
                        ],
                        [
                            -75.23649837736247,
                            6.718568352112245
                        ]
                    ],
                    [
                        [
                            -75.23643826522363,
                            6.718500986077403
                        ],
                        [
                            -75.23649837736247,
                            6.718568352112245
                        ]
                    ],
                    [
                        [
                            -75.23528199964998,
                            6.702394912086364
                        ],
                        [
                            -75.23628166163394,
                            6.702563402018951
                        ],
                        [
                            -75.23678146556148,
                            6.703089516808996
                        ],
                        [
                            -75.23712684650006,
                            6.704378551408623
                        ],
                        [
                            -75.23626684034873,
                            6.705687067060799
                        ],
                        [
                            -75.23675184509393,
                            6.706642490409779
                        ],
                        [
                            -75.23741254385578,
                            6.706983728404132
                        ]
                    ]
                ]
            }
        },
        {
            "type": "Feature",
            "properties": {
                "CIRCUITO": "Caramanta - Cristales - San Roque",
                "LONG_INTER": 20.64,
                "ORDEN": 3,
                "NOMBRE_VIA": "Caramanta - San Roque",
                "CODIGO_VIA": "62AN25",
                "MPIO_NOMBR": "SAN ROQUE",
                "SUBREGION": "NORDESTE",
                "Long_km": 20.64,
                "AV_FISICO": 0.03,
                "AV_FINAN": 0.03,
                "CONTRATIST": "CONSORCIO CONSTRUCCIONES 11 SAN ROQUE",
                "INTERV": "RENTAN - ARREDONDO MADRID INGENIEROS (AIM)",
                "VALOR_CTO": 57385592096,
                "LOTE": 6,
                "PLAZO_MESE": 13,
                "FECHA_INI": "10/02/2026",
                "CTO": "4600018883",
                "Shape_Leng": 19963.8284803,
                "ESTABILIZADO": 0
            },
            "geometry": {
                "type": "MultiLineString",
                "coordinates": [
                    [
                        [
                            -74.87099248728904,
                            6.500639068645078
                        ],
                        [
                            -74.87184788240175,
                            6.500201834337057
                        ],
                        [
                            -74.87199852647531,
                            6.498629905457858
                        ],
                        [
                            -74.87234510150279,
                            6.49790269789144
                        ],
                        [
                            -74.87357889115223,
                            6.497970459430142
                        ],
                        [
                            -74.87394203343321,
                            6.498615549633366
                        ],
                        [
                            -74.87439769035325,
                            6.497769000992899
                        ],
                        [
                            -74.87574948000669,
                            6.498363124916145
                        ],
                        [
                            -74.87743456202648,
                            6.495925962052698
                        ],
                        [
                            -74.87773140047311,
                            6.494818710607955
                        ],
                        [
                            -74.87952253355671,
                            6.494932638406882
                        ],
                        [
                            -74.87985220591182,
                            6.494007858366454
                        ],
                        [
                            -74.88103274182203,
                            6.493419105224841
                        ],
                        [
                            -74.88164646425092,
                            6.493981018863401
                        ],
                        [
                            -74.88233154476137,
                            6.493458936764639
                        ],
                        [
                            -74.88273206328827,
                            6.492219163628012
                        ],
                        [
                            -74.88348285581911,
                            6.492008743983072
                        ],
                        [
                            -74.88389687276465,
                            6.490947498061068
                        ],
                        [
                            -74.88466284341708,
                            6.490596869177049
                        ],
                        [
                            -74.8847389383364,
                            6.489728999617627
                        ],
                        [
                            -74.88606274177684,
                            6.488714123060991
                        ],
                        [
                            -74.88615736104897,
                            6.488164624870878
                        ],
                        [
                            -74.88659557513775,
                            6.487796004575086
                        ],
                        [
                            -74.88669296016933,
                            6.487155990497077
                        ],
                        [
                            -74.88589979496716,
                            6.486387777707408
                        ],
                        [
                            -74.88635921962144,
                            6.485730543339632
                        ],
                        [
                            -74.88698120009404,
                            6.485837015405794
                        ],
                        [
                            -74.88798804939641,
                            6.485269357465037
                        ],
                        [
                            -74.8887000889327,
                            6.483786565153441
                        ],
                        [
                            -74.88981809180217,
                            6.483621829288469
                        ],
                        [
                            -74.88990259402999,
                            6.482775322728274
                        ],
                        [
                            -74.8911512704614,
                            6.482524162914372
                        ],
                        [
                            -74.89125563648719,
                            6.481690337991273
                        ],
                        [
                            -74.89236591887878,
                            6.481092533956537
                        ],
                        [
                            -74.89315707575075,
                            6.481071464445794
                        ],
                        [
                            -74.89361144711646,
                            6.481579138881492
                        ],
                        [
                            -74.89437623559819,
                            6.481075376840846
                        ],
                        [
                            -74.89543513406726,
                            6.481309934511324
                        ],
                        [
                            -74.8970753195834,
                            6.480598107820811
                        ],
                        [
                            -74.89847650069149,
                            6.481708144938487
                        ],
                        [
                            -74.89983789922694,
                            6.480921789300973
                        ],
                        [
                            -74.89976791869555,
                            6.481946863011977
                        ],
                        [
                            -74.90029477138451,
                            6.482440602875049
                        ],
                        [
                            -74.90079927219942,
                            6.482808081344703
                        ],
                        [
                            -74.90210952461526,
                            6.48297488333644
                        ],
                        [
                            -74.90247212531263,
                            6.483394754350077
                        ],
                        [
                            -74.90314827400309,
                            6.483408987983902
                        ],
                        [
                            -74.9035236743344,
                            6.484051082863728
                        ],
                        [
                            -74.90429748749025,
                            6.483339569048331
                        ],
                        [
                            -74.90625019165121,
                            6.484029284575175
                        ],
                        [
                            -74.90933600513738,
                            6.482969886758045
                        ],
                        [
                            -74.91265878437106,
                            6.484279701983874
                        ]
                    ],
                    [
                        [
                            -74.98237138969866,
                            6.475189754584265
                        ],
                        [
                            -74.98301808842383,
                            6.476134883704554
                        ],
                        [
                            -74.98395122400036,
                            6.476694167323874
                        ],
                        [
                            -74.98393013373142,
                            6.47831790093448
                        ],
                        [
                            -74.98441159958008,
                            6.479088392340542
                        ],
                        [
                            -74.98547821721615,
                            6.478918665863592
                        ],
                        [
                            -74.98542612277026,
                            6.478160973717965
                        ],
                        [
                            -74.98571448751895,
                            6.477792150081599
                        ],
                        [
                            -74.98729589672082,
                            6.478200966434508
                        ],
                        [
                            -74.98906423189518,
                            6.478142699572261
                        ],
                        [
                            -74.98958575120302,
                            6.478322927523136
                        ],
                        [
                            -74.98981981492186,
                            6.479020866664293
                        ],
                        [
                            -74.99069827339534,
                            6.479471918215173
                        ],
                        [
                            -74.99096291582647,
                            6.47996927385157
                        ],
                        [
                            -74.99179387035082,
                            6.479616186171246
                        ],
                        [
                            -74.99219316765742,
                            6.480193428788443
                        ],
                        [
                            -74.9934566221934,
                            6.480704853783073
                        ],
                        [
                            -74.99424385510828,
                            6.480561761650289
                        ],
                        [
                            -74.99512590499913,
                            6.48083613728314
                        ],
                        [
                            -74.99587333458446,
                            6.480421960380504
                        ],
                        [
                            -74.99623916297612,
                            6.481184487120835
                        ],
                        [
                            -74.99678224169942,
                            6.48083613946887
                        ],
                        [
                            -74.99748458900795,
                            6.480938641995794
                        ],
                        [
                            -75.00056584779477,
                            6.482512806426303
                        ],
                        [
                            -75.00270736587291,
                            6.482577982639478
                        ],
                        [
                            -75.00329292620113,
                            6.482215997045673
                        ],
                        [
                            -75.00504351952378,
                            6.484360619810037
                        ],
                        [
                            -75.00623773395904,
                            6.4849361310712
                        ],
                        [
                            -75.00693407055216,
                            6.484771219284435
                        ],
                        [
                            -75.0072110215438,
                            6.485976554449992
                        ],
                        [
                            -75.007699891851,
                            6.486443247537608
                        ]
                    ],
                    [
                        [
                            -74.92298249003554,
                            6.484033616903259
                        ],
                        [
                            -74.92682349754583,
                            6.4828353574838
                        ],
                        [
                            -74.92676746979005,
                            6.482164721933422
                        ],
                        [
                            -74.92856284853735,
                            6.481884199197199
                        ],
                        [
                            -74.92895516164535,
                            6.481154871903728
                        ],
                        [
                            -74.93040121448892,
                            6.480505760756432
                        ],
                        [
                            -74.93087161026322,
                            6.480012048881405
                        ],
                        [
                            -74.93196835585299,
                            6.479982286043176
                        ],
                        [
                            -74.93273325812044,
                            6.480362754559404
                        ],
                        [
                            -74.93362990844348,
                            6.479678022742728
                        ],
                        [
                            -74.93384327606843,
                            6.479056947002704
                        ],
                        [
                            -74.93588143276695,
                            6.478951875791848
                        ],
                        [
                            -74.93624475745655,
                            6.478489185133356
                        ],
                        [
                            -74.93617020306756,
                            6.477119116987074
                        ],
                        [
                            -74.93686009232847,
                            6.475496534722388
                        ],
                        [
                            -74.93719958415704,
                            6.473620941595309
                        ],
                        [
                            -74.93868820248875,
                            6.47207763820532
                        ],
                        [
                            -74.93962385927594,
                            6.472121995304658
                        ],
                        [
                            -74.94029303266036,
                            6.472800885140018
                        ],
                        [
                            -74.94082595866753,
                            6.472706958795977
                        ],
                        [
                            -74.94239490644341,
                            6.47333922112785
                        ],
                        [
                            -74.94321382546953,
                            6.47332240332583
                        ],
                        [
                            -74.94362285829271,
                            6.472714547750616
                        ],
                        [
                            -74.94501153802952,
                            6.472140406262144
                        ],
                        [
                            -74.94523650690333,
                            6.471145065754158
                        ],
                        [
                            -74.94656195431509,
                            6.47046289939013
                        ],
                        [
                            -74.94751503648865,
                            6.470606026317563
                        ],
                        [
                            -74.9492880975392,
                            6.469667946404392
                        ],
                        [
                            -74.94967079952215,
                            6.469237254731012
                        ],
                        [
                            -74.94965185311118,
                            6.468583016141185
                        ],
                        [
                            -74.95047092855427,
                            6.467636736194551
                        ],
                        [
                            -74.95049479473751,
                            6.466468652007895
                        ],
                        [
                            -74.95212887231747,
                            6.464385810809637
                        ],
                        [
                            -74.95259133724564,
                            6.464224216818015
                        ],
                        [
                            -74.95346265522286,
                            6.464548013588258
                        ],
                        [
                            -74.95472254652354,
                            6.463612398713956
                        ],
                        [
                            -74.9563610168734,
                            6.464242653425563
                        ],
                        [
                            -74.9575733039767,
                            6.464289688375525
                        ],
                        [
                            -74.9587164538647,
                            6.463584924168654
                        ],
                        [
                            -74.95983984423066,
                            6.464128605102922
                        ],
                        [
                            -74.96088832638048,
                            6.46362340887521
                        ],
                        [
                            -74.96131523664089,
                            6.464715959721387
                        ],
                        [
                            -74.96199671189714,
                            6.464676481903067
                        ],
                        [
                            -74.9628112678953,
                            6.465057707859181
                        ],
                        [
                            -74.96375893984471,
                            6.464866841154161
                        ],
                        [
                            -74.96427549474181,
                            6.464369343040825
                        ],
                        [
                            -74.96475679712673,
                            6.46440983337872
                        ],
                        [
                            -74.96615249634324,
                            6.465598120882653
                        ],
                        [
                            -74.9656847827043,
                            6.46606740566761
                        ],
                        [
                            -74.96579129241312,
                            6.466514129005413
                        ],
                        [
                            -74.96631896359979,
                            6.466846031032254
                        ],
                        [
                            -74.96607278011885,
                            6.467604172167711
                        ],
                        [
                            -74.96724145604328,
                            6.467216013414091
                        ],
                        [
                            -74.96805655481481,
                            6.467275826309118
                        ],
                        [
                            -74.96820165931247,
                            6.467611693358974
                        ],
                        [
                            -74.96772025323865,
                            6.468268803460638
                        ],
                        [
                            -74.96916975093588,
                            6.468061708424869
                        ],
                        [
                            -74.97042849724242,
                            6.468740254832226
                        ],
                        [
                            -74.97133137237222,
                            6.468042545275432
                        ],
                        [
                            -74.97189179067453,
                            6.468220568073158
                        ],
                        [
                            -74.9722435905271,
                            6.468728298894846
                        ],
                        [
                            -74.97212867312766,
                            6.469397603560817
                        ],
                        [
                            -74.97277773637407,
                            6.469761873255636
                        ],
                        [
                            -74.9728046061295,
                            6.471972814188242
                        ],
                        [
                            -74.97422264968388,
                            6.472671701002467
                        ],
                        [
                            -74.97566391373658,
                            6.473943224106562
                        ],
                        [
                            -74.97726959822748,
                            6.474796781227026
                        ],
                        [
                            -74.97762556274444,
                            6.474657867964461
                        ],
                        [
                            -74.97804696594484,
                            6.473698908752017
                        ],
                        [
                            -74.97896557920664,
                            6.473867989201922
                        ],
                        [
                            -74.98076615643227,
                            6.473212481863053
                        ],
                        [
                            -74.98190748520675,
                            6.474242297991583
                        ],
                        [
                            -74.98237138969866,
                            6.475189754584265
                        ]
                    ],
                    [
                        [
                            -74.98237138969866,
                            6.475189754584265
                        ],
                        [
                            -74.98237109081869,
                            6.475189427816848
                        ],
                        [
                            -74.98237131091409,
                            6.475189167031453
                        ],
                        [
                            -74.98237138969866,
                            6.475189754584265
                        ]
                    ]
                ]
            }
        },
        {
            "type": "Feature",
            "properties": {
                "CIRCUITO": "Salgar - La Quiebra - Concordia",
                "LONG_INTER": 15.93,
                "ORDEN": 3,
                "NOMBRE_VIA": "Salgar - La Cámara - La Quiebra",
                "CODIGO_VIA": "60AN05-1",
                "MPIO_NOMBR": "SALGAR",
                "SUBREGION": "SUROESTE",
                "Long_km": 15.93,
                "AV_FISICO": 0.03,
                "AV_FINAN": 0.03,
                "CONTRATIST": "CONSORCIO VIAS ANTIOQUIA MM 2025",
                "INTERV": "RENTAN - SADING GROUP S.A.S",
                "VALOR_CTO": 72870090400,
                "LOTE": 5,
                "PLAZO_MESE": 12,
                "FECHA_INI": "05/02/2026",
                "CTO": "25OO111B2824",
                "Shape_Leng": 15437.6880972,
                "ESTABILIZADO": 0
            },
            "geometry": {
                "type": "MultiLineString",
                "coordinates": [
                    [
                        [
                            -75.98438661286146,
                            6.029082887793985
                        ],
                        [
                            -75.98481842269146,
                            6.029785444601885
                        ],
                        [
                            -75.98446538698903,
                            6.030809173453042
                        ],
                        [
                            -75.98485210780623,
                            6.03173010797447
                        ],
                        [
                            -75.98471702545511,
                            6.032732277712937
                        ],
                        [
                            -75.98562278665477,
                            6.034364005521801
                        ],
                        [
                            -75.9856951224176,
                            6.035799414539792
                        ],
                        [
                            -75.98816262788905,
                            6.038101681263563
                        ],
                        [
                            -75.98815122868017,
                            6.039501696234146
                        ],
                        [
                            -75.98844008581312,
                            6.040244281942971
                        ],
                        [
                            -75.98826364148891,
                            6.040490989757286
                        ],
                        [
                            -75.98789425964222,
                            6.040063028531837
                        ],
                        [
                            -75.9866496680771,
                            6.039654215875455
                        ],
                        [
                            -75.98526521187462,
                            6.039964375743492
                        ],
                        [
                            -75.98586459898038,
                            6.03891579828773
                        ],
                        [
                            -75.9857236018234,
                            6.038396124263566
                        ],
                        [
                            -75.9845784472458,
                            6.03782785194154
                        ],
                        [
                            -75.98306554507994,
                            6.036475107755638
                        ],
                        [
                            -75.98328818487767,
                            6.035389109944195
                        ],
                        [
                            -75.98308157168377,
                            6.035019660131362
                        ],
                        [
                            -75.9811111878419,
                            6.034539959757948
                        ],
                        [
                            -75.98144147120183,
                            6.032512016945671
                        ],
                        [
                            -75.98026808751003,
                            6.032653732309708
                        ],
                        [
                            -75.97969272743454,
                            6.032154131453924
                        ],
                        [
                            -75.97905393344867,
                            6.032268685529592
                        ],
                        [
                            -75.97894822302686,
                            6.031592910556017
                        ],
                        [
                            -75.97585184136675,
                            6.028441818529431
                        ],
                        [
                            -75.97588631817376,
                            6.028183012852416
                        ],
                        [
                            -75.9769130413624,
                            6.02785052499218
                        ],
                        [
                            -75.97705954603501,
                            6.027519997089788
                        ],
                        [
                            -75.97645849638823,
                            6.026300803834763
                        ],
                        [
                            -75.97533190720812,
                            6.025697461682864
                        ],
                        [
                            -75.97547026363776,
                            6.025146158800536
                        ],
                        [
                            -75.97513426358053,
                            6.024834798465175
                        ],
                        [
                            -75.97398596060222,
                            6.024869473808272
                        ],
                        [
                            -75.97283952873757,
                            6.024204055981581
                        ],
                        [
                            -75.97272055725814,
                            6.024569980014365
                        ],
                        [
                            -75.97318051035506,
                            6.025674251241943
                        ],
                        [
                            -75.97230857650894,
                            6.027143325373379
                        ],
                        [
                            -75.97196481806233,
                            6.028724821829664
                        ],
                        [
                            -75.97156751332857,
                            6.028811331635419
                        ],
                        [
                            -75.97028760201228,
                            6.02782440403406
                        ],
                        [
                            -75.96934672222548,
                            6.02826404606604
                        ],
                        [
                            -75.96882105881235,
                            6.028100938778747
                        ],
                        [
                            -75.96853596042591,
                            6.02863235233802
                        ],
                        [
                            -75.96891693258358,
                            6.030475358685849
                        ],
                        [
                            -75.96854991138348,
                            6.03104224144258
                        ],
                        [
                            -75.96755567489859,
                            6.031193962859038
                        ],
                        [
                            -75.96700739076904,
                            6.030868723501492
                        ],
                        [
                            -75.96591517042799,
                            6.031806639897576
                        ],
                        [
                            -75.96624587292682,
                            6.033437731236998
                        ],
                        [
                            -75.9657455651672,
                            6.033815427451344
                        ],
                        [
                            -75.96556900537169,
                            6.034593313826704
                        ],
                        [
                            -75.96482972870004,
                            6.035626760132364
                        ],
                        [
                            -75.96556096116376,
                            6.036352808398034
                        ],
                        [
                            -75.9668143180378,
                            6.036285405731255
                        ],
                        [
                            -75.96597296946224,
                            6.037009725647788
                        ],
                        [
                            -75.96621189303715,
                            6.03857070600837
                        ],
                        [
                            -75.96781298697202,
                            6.039631616369967
                        ],
                        [
                            -75.96677704477355,
                            6.039947628935078
                        ],
                        [
                            -75.96696621889747,
                            6.040926149347962
                        ],
                        [
                            -75.96669487153193,
                            6.041945604750031
                        ],
                        [
                            -75.9671697535373,
                            6.042300247695441
                        ],
                        [
                            -75.96711482363091,
                            6.043048193132164
                        ],
                        [
                            -75.96797454673792,
                            6.043567966520586
                        ],
                        [
                            -75.96755581288991,
                            6.044613508376738
                        ],
                        [
                            -75.96818421639223,
                            6.045166763342143
                        ],
                        [
                            -75.96945564191155,
                            6.044922397042675
                        ],
                        [
                            -75.96971925414182,
                            6.045106739214147
                        ],
                        [
                            -75.96859035326787,
                            6.046938165310124
                        ],
                        [
                            -75.9688537046082,
                            6.04732771630291
                        ],
                        [
                            -75.96956888109823,
                            6.047549207978006
                        ],
                        [
                            -75.96915723164462,
                            6.048229830866978
                        ],
                        [
                            -75.96955959614263,
                            6.049076379329157
                        ],
                        [
                            -75.9707284869289,
                            6.049301721712354
                        ],
                        [
                            -75.96912145387977,
                            6.050398142180899
                        ]
                    ],
                    [
                        [
                            -75.96560752572935,
                            5.983913679459835
                        ],
                        [
                            -75.9655127060526,
                            5.986096528187532
                        ],
                        [
                            -75.96478654427916,
                            5.987096659395388
                        ],
                        [
                            -75.96411265595827,
                            5.987460976545089
                        ],
                        [
                            -75.96342089398904,
                            5.989056724536819
                        ],
                        [
                            -75.96334381923793,
                            5.99000146916795
                        ],
                        [
                            -75.96423329254831,
                            5.990526405077244
                        ],
                        [
                            -75.96530432464328,
                            5.992730559470831
                        ],
                        [
                            -75.9651713279479,
                            5.994267639386051
                        ],
                        [
                            -75.96366923614673,
                            5.995879299882111
                        ],
                        [
                            -75.96429408635598,
                            5.996845895792554
                        ],
                        [
                            -75.96412370588014,
                            5.998133834328884
                        ],
                        [
                            -75.96467367931083,
                            5.998612186998685
                        ],
                        [
                            -75.96524320878636,
                            5.999786001445604
                        ],
                        [
                            -75.96529195219026,
                            6.001564507723612
                        ],
                        [
                            -75.96649968182176,
                            6.002857534071297
                        ],
                        [
                            -75.9667526654227,
                            6.004801794317232
                        ],
                        [
                            -75.96747892404024,
                            6.006812884107121
                        ],
                        [
                            -75.96739286440359,
                            6.007429584238115
                        ],
                        [
                            -75.96803051833807,
                            6.008017495093901
                        ],
                        [
                            -75.96936376262602,
                            6.008366701073746
                        ],
                        [
                            -75.97008647161307,
                            6.008203555847965
                        ],
                        [
                            -75.97073752912601,
                            6.008577268849065
                        ],
                        [
                            -75.97318013488967,
                            6.008265173522152
                        ],
                        [
                            -75.97384071346497,
                            6.008715153648509
                        ],
                        [
                            -75.97456132669959,
                            6.009966127810078
                        ],
                        [
                            -75.97556115031401,
                            6.010260146132298
                        ],
                        [
                            -75.97595204364399,
                            6.01178370279887
                        ],
                        [
                            -75.97656728157197,
                            6.012944231241891
                        ],
                        [
                            -75.97698573877351,
                            6.013215125763781
                        ],
                        [
                            -75.97740674701886,
                            6.014321409464176
                        ],
                        [
                            -75.97755144924028,
                            6.015313479874202
                        ],
                        [
                            -75.97721714934839,
                            6.017013495487742
                        ],
                        [
                            -75.97777773830235,
                            6.017410232941661
                        ],
                        [
                            -75.97816481292432,
                            6.018423169091131
                        ],
                        [
                            -75.98117109065134,
                            6.021558226791545
                        ],
                        [
                            -75.98128608083984,
                            6.023255716226656
                        ],
                        [
                            -75.9816854397391,
                            6.023759773830007
                        ]
                    ],
                    [
                        [
                            -75.96737884511028,
                            5.975427069570017
                        ],
                        [
                            -75.96720545319886,
                            5.976860423523787
                        ]
                    ]
                ]
            }
        },
        {
            "type": "Feature",
            "properties": {
                "CIRCUITO": "Sonsón - Aguadas (Puente San Rafael)",
                "LONG_INTER": 19.22,
                "ORDEN": 2,
                "NOMBRE_VIA": "Sonsón - Las Margaritas - Puente San Rafael",
                "CODIGO_VIA": "56AN09",
                "MPIO_NOMBR": "SONSÃ“N",
                "SUBREGION": "ORIENTE",
                "Long_km": 19.22,
                "AV_FISICO": 0.03,
                "AV_FINAN": 0.03,
                "CONTRATIST": "POR DEFINIR (RENTAN)",
                "INTERV": "RENTAN - POR DEFINIR",
                "VALOR_CTO": 108554215084.00002,
                "LOTE": 1,
                "PLAZO_MESE": 15,
                "FECHA_INI": "20/01/2026",
                "CTO": "4600018900",
                "Shape_Leng": 18502.9620679,
                "ESTABILIZADO": 0
            },
            "geometry": {
                "type": "MultiLineString",
                "coordinates": [
                    [
                        [
                            -75.31065899144454,
                            5.704992430427909
                        ],
                        [
                            -75.31098675829055,
                            5.70387349620605
                        ],
                        [
                            -75.31045774339884,
                            5.703402083559405
                        ],
                        [
                            -75.31040113458812,
                            5.702588278578033
                        ],
                        [
                            -75.31107808545862,
                            5.701907577249532
                        ],
                        [
                            -75.31110754102177,
                            5.701355706832516
                        ],
                        [
                            -75.3122698236367,
                            5.70081400624072
                        ],
                        [
                            -75.31347054263739,
                            5.700891029780156
                        ],
                        [
                            -75.31385513628064,
                            5.699835865147129
                        ],
                        [
                            -75.31369350125163,
                            5.698332754525442
                        ],
                        [
                            -75.31393444370896,
                            5.697892158531088
                        ],
                        [
                            -75.31476602571635,
                            5.69742598286009
                        ],
                        [
                            -75.31497812364006,
                            5.696354981447963
                        ],
                        [
                            -75.31566362799754,
                            5.696149593599233
                        ],
                        [
                            -75.31612632089171,
                            5.695466722217415
                        ],
                        [
                            -75.31730050054914,
                            5.695430704133686
                        ],
                        [
                            -75.31793889760546,
                            5.694473476939671
                        ],
                        [
                            -75.31846339984025,
                            5.694464853140864
                        ],
                        [
                            -75.31912395191532,
                            5.693876746628411
                        ],
                        [
                            -75.3196925102648,
                            5.692418472129919
                        ],
                        [
                            -75.32044538955904,
                            5.692256115879195
                        ],
                        [
                            -75.32059145725592,
                            5.690647047071882
                        ],
                        [
                            -75.32177918804233,
                            5.690692022782152
                        ],
                        [
                            -75.32245540902112,
                            5.688674088808105
                        ],
                        [
                            -75.32398849069419,
                            5.687358994298973
                        ],
                        [
                            -75.32495048064415,
                            5.685410983451887
                        ],
                        [
                            -75.32522444234552,
                            5.683348532364239
                        ],
                        [
                            -75.32584200294332,
                            5.682803325413499
                        ],
                        [
                            -75.32584365294586,
                            5.682145166224511
                        ],
                        [
                            -75.3266684730376,
                            5.681277949994248
                        ],
                        [
                            -75.32705046236723,
                            5.679847544235174
                        ],
                        [
                            -75.32692301598843,
                            5.678855696128867
                        ],
                        [
                            -75.32844370119861,
                            5.678398380993461
                        ],
                        [
                            -75.32885749108523,
                            5.677866023626994
                        ],
                        [
                            -75.33010506266262,
                            5.677804896108654
                        ],
                        [
                            -75.33122683109788,
                            5.676182353579191
                        ],
                        [
                            -75.33221913433083,
                            5.675872543594664
                        ],
                        [
                            -75.33286979352091,
                            5.675936672543067
                        ],
                        [
                            -75.33238431192146,
                            5.676315152456707
                        ],
                        [
                            -75.33259258301142,
                            5.676587437363804
                        ],
                        [
                            -75.33318014122452,
                            5.676534842244164
                        ],
                        [
                            -75.33349139055312,
                            5.675932465823297
                        ],
                        [
                            -75.33376299573241,
                            5.675920118411677
                        ],
                        [
                            -75.33357683044709,
                            5.677544605364673
                        ],
                        [
                            -75.33424138203388,
                            5.677311018545411
                        ],
                        [
                            -75.3340569353509,
                            5.678000035691261
                        ],
                        [
                            -75.33493305379675,
                            5.677448340973019
                        ],
                        [
                            -75.33543877406944,
                            5.67656067609124
                        ],
                        [
                            -75.33641432722813,
                            5.676351055272812
                        ],
                        [
                            -75.33717547023802,
                            5.67532108688937
                        ],
                        [
                            -75.33728110818473,
                            5.674335310262306
                        ],
                        [
                            -75.33776152131198,
                            5.674117680486139
                        ],
                        [
                            -75.33946529142096,
                            5.674521329812404
                        ],
                        [
                            -75.34042398950338,
                            5.674087630759576
                        ],
                        [
                            -75.33941739792573,
                            5.674810224968114
                        ],
                        [
                            -75.33861854956554,
                            5.674649310916981
                        ],
                        [
                            -75.3381813610428,
                            5.674850533359523
                        ],
                        [
                            -75.3370220146889,
                            5.677410247918828
                        ],
                        [
                            -75.33841427590175,
                            5.675937081831147
                        ],
                        [
                            -75.33944165115877,
                            5.675472420765607
                        ],
                        [
                            -75.34036347499622,
                            5.675597012559442
                        ],
                        [
                            -75.3410025926351,
                            5.675299329457106
                        ],
                        [
                            -75.34103317429066,
                            5.675539607956165
                        ],
                        [
                            -75.33997807794753,
                            5.67576409700834
                        ],
                        [
                            -75.3391985725346,
                            5.676325457550822
                        ],
                        [
                            -75.34106618525765,
                            5.676481789791918
                        ],
                        [
                            -75.34261589324748,
                            5.675222339935811
                        ],
                        [
                            -75.34499583070125,
                            5.674555541165661
                        ],
                        [
                            -75.34493865338408,
                            5.675177895490093
                        ],
                        [
                            -75.34394641623754,
                            5.675961233651766
                        ],
                        [
                            -75.34521143075176,
                            5.676433629415753
                        ],
                        [
                            -75.3457272150587,
                            5.677525468512289
                        ],
                        [
                            -75.34719718800415,
                            5.678538319893118
                        ],
                        [
                            -75.34835954027342,
                            5.678355680764615
                        ],
                        [
                            -75.34983633094632,
                            5.677221494473757
                        ],
                        [
                            -75.3514651896169,
                            5.67683399178253
                        ],
                        [
                            -75.35079469138869,
                            5.675424191070443
                        ],
                        [
                            -75.34972835838937,
                            5.675135579681895
                        ],
                        [
                            -75.348766113988,
                            5.674239689262178
                        ],
                        [
                            -75.3478236955037,
                            5.674098380258523
                        ],
                        [
                            -75.34603012173905,
                            5.672866848117509
                        ],
                        [
                            -75.34553122587852,
                            5.669380444973469
                        ],
                        [
                            -75.34297972068859,
                            5.669621749286965
                        ],
                        [
                            -75.34211120116568,
                            5.668239144693561
                        ],
                        [
                            -75.34107000924993,
                            5.667495376242508
                        ],
                        [
                            -75.34102430173718,
                            5.666586965902349
                        ],
                        [
                            -75.3430108083341,
                            5.666170708528555
                        ],
                        [
                            -75.34362704475734,
                            5.664643091815526
                        ],
                        [
                            -75.34463150671996,
                            5.663722646518782
                        ],
                        [
                            -75.34560632442738,
                            5.661881528947267
                        ],
                        [
                            -75.3453723860206,
                            5.660850605669554
                        ],
                        [
                            -75.34435751858756,
                            5.660072674895391
                        ],
                        [
                            -75.34466770760451,
                            5.659184733518573
                        ],
                        [
                            -75.34505496887444,
                            5.659303948520833
                        ],
                        [
                            -75.34536952857111,
                            5.660250825157309
                        ],
                        [
                            -75.34763585320361,
                            5.661590531153144
                        ],
                        [
                            -75.34811440290198,
                            5.66298496111059
                        ],
                        [
                            -75.3478013845337,
                            5.664080450619228
                        ],
                        [
                            -75.34826188564283,
                            5.664395979886844
                        ],
                        [
                            -75.34880409924271,
                            5.66403137674298
                        ],
                        [
                            -75.34908190448272,
                            5.66496080472242
                        ],
                        [
                            -75.35046769328609,
                            5.665239689065299
                        ],
                        [
                            -75.35074177963568,
                            5.666794212829164
                        ],
                        [
                            -75.35223139717148,
                            5.667711854918531
                        ],
                        [
                            -75.35280848710069,
                            5.669070807245617
                        ],
                        [
                            -75.35349721992341,
                            5.66932416024957
                        ],
                        [
                            -75.3536688610245,
                            5.66908143609309
                        ],
                        [
                            -75.35324076470592,
                            5.667403456822329
                        ],
                        [
                            -75.35258525966704,
                            5.666519367559074
                        ],
                        [
                            -75.35409414392285,
                            5.665541847334544
                        ],
                        [
                            -75.35622683671649,
                            5.667397391400781
                        ],
                        [
                            -75.35740959030213,
                            5.666800640408619
                        ],
                        [
                            -75.3582712310081,
                            5.667538931139743
                        ],
                        [
                            -75.36022273713174,
                            5.667272325540434
                        ],
                        [
                            -75.36085985518467,
                            5.668033055686719
                        ],
                        [
                            -75.36273615454037,
                            5.668178034282671
                        ],
                        [
                            -75.3636309445795,
                            5.668537715892899
                        ],
                        [
                            -75.3668387201665,
                            5.66834936243335
                        ],
                        [
                            -75.36722892769305,
                            5.668646245586697
                        ],
                        [
                            -75.3685744604546,
                            5.668649226002095
                        ],
                        [
                            -75.36925979782828,
                            5.668129833428138
                        ],
                        [
                            -75.37065050466309,
                            5.668046598299433
                        ],
                        [
                            -75.371866145758,
                            5.667624089487125
                        ],
                        [
                            -75.37233876981256,
                            5.668120116416067
                        ],
                        [
                            -75.37215926892668,
                            5.667445667529283
                        ],
                        [
                            -75.37033204904455,
                            5.667207287166252
                        ],
                        [
                            -75.37217834247049,
                            5.66713853795449
                        ],
                        [
                            -75.3731876570551,
                            5.666590382830514
                        ],
                        [
                            -75.37105118829673,
                            5.664178541302563
                        ],
                        [
                            -75.36983560900835,
                            5.661939968419287
                        ],
                        [
                            -75.36995652030745,
                            5.661575306301507
                        ]
                    ]
                ]
            }
        },
        {
            "type": "Feature",
            "properties": {
                "CIRCUITO": "Cáceres - La Chilona",
                "LONG_INTER": 25,
                "ORDEN": 3,
                "NOMBRE_VIA": "Cáceres - La Chilona",
                "CODIGO_VIA": "25AN15-1",
                "MPIO_NOMBR": "CÁCERES",
                "SUBREGION": "BAJO CAUCA",
                "Long_km": 25,
                "AV_FISICO": 0.03,
                "AV_FINAN": 0.03,
                "CONTRATIST": "CONSORCIO VIAS 7PD",
                "INTERV": "RENTAN - SODICON SAS",
                "VALOR_CTO": 26362070969,
                "LOTE": 7,
                "PLAZO_MESE": 11,
                "FECHA_INI": "11/02/2026",
                "CTO": "25OO111B2825",
                "Shape_Leng": 24459.1855663,
                "ESTABILIZADO": 0
            },
            "geometry": {
                "type": "MultiLineString",
                "coordinates": [
                    [
                        [
                            -75.2087447699787,
                            7.599328356580886
                        ],
                        [
                            -75.20622256625919,
                            7.598487471002389
                        ],
                        [
                            -75.20615150622004,
                            7.597898040646969
                        ],
                        [
                            -75.20523123631422,
                            7.596625524586406
                        ],
                        [
                            -75.20491025839041,
                            7.595803528965896
                        ],
                        [
                            -75.20538193734937,
                            7.595121796002254
                        ],
                        [
                            -75.2052651028721,
                            7.593984729362148
                        ],
                        [
                            -75.20584397677133,
                            7.593043191424725
                        ],
                        [
                            -75.20566452348172,
                            7.592713568648016
                        ],
                        [
                            -75.20481151615544,
                            7.592409613619067
                        ],
                        [
                            -75.204591783633,
                            7.591340983343287
                        ],
                        [
                            -75.20403479172363,
                            7.591479964662192
                        ],
                        [
                            -75.20441448754525,
                            7.591838968534095
                        ],
                        [
                            -75.20423986079561,
                            7.592649198952433
                        ],
                        [
                            -75.203054933556,
                            7.591644781603156
                        ],
                        [
                            -75.2020574706323,
                            7.591930091999605
                        ],
                        [
                            -75.20202241850485,
                            7.592278928565573
                        ],
                        [
                            -75.20275503860002,
                            7.592473650308209
                        ],
                        [
                            -75.20283281581999,
                            7.593067608473142
                        ],
                        [
                            -75.2023758410392,
                            7.593228095619062
                        ],
                        [
                            -75.20145936963837,
                            7.592578900766876
                        ],
                        [
                            -75.20088396030641,
                            7.594212176475993
                        ],
                        [
                            -75.19980760791177,
                            7.594585231466623
                        ],
                        [
                            -75.20004480041432,
                            7.593978977215683
                        ],
                        [
                            -75.19971545246513,
                            7.593437333898555
                        ],
                        [
                            -75.199142036086,
                            7.593068540398627
                        ],
                        [
                            -75.19899695963112,
                            7.592589567954399
                        ],
                        [
                            -75.19822813699659,
                            7.592300211932784
                        ],
                        [
                            -75.19856824343968,
                            7.591443972749202
                        ],
                        [
                            -75.1982558806623,
                            7.590794645845937
                        ],
                        [
                            -75.19829501591776,
                            7.588689149072515
                        ],
                        [
                            -75.1969091445786,
                            7.587281945298018
                        ],
                        [
                            -75.19662468455674,
                            7.587408973283939
                        ],
                        [
                            -75.19641096348562,
                            7.588158555969888
                        ]
                    ],
                    [
                        [
                            -75.27829982227173,
                            7.578555246642692
                        ],
                        [
                            -75.27717720373542,
                            7.578299787931211
                        ],
                        [
                            -75.2758532716255,
                            7.578643637642209
                        ],
                        [
                            -75.27432534562894,
                            7.57806976922664
                        ],
                        [
                            -75.27386777694026,
                            7.578804089485456
                        ],
                        [
                            -75.27261879999784,
                            7.579075099490219
                        ],
                        [
                            -75.27128480763078,
                            7.579958888424517
                        ],
                        [
                            -75.2707200449535,
                            7.581016341668764
                        ],
                        [
                            -75.26962169254499,
                            7.581300827897035
                        ],
                        [
                            -75.26736491172021,
                            7.580596915043524
                        ],
                        [
                            -75.26623307768935,
                            7.579489667875702
                        ],
                        [
                            -75.26513647484208,
                            7.579381126647853
                        ],
                        [
                            -75.26293277286926,
                            7.5798904561034
                        ],
                        [
                            -75.2620749696956,
                            7.58079027101573
                        ],
                        [
                            -75.26008653364563,
                            7.581107220104398
                        ],
                        [
                            -75.25649754123454,
                            7.580789529347786
                        ],
                        [
                            -75.25516348944339,
                            7.579713300589587
                        ],
                        [
                            -75.25374944090515,
                            7.579884079832575
                        ],
                        [
                            -75.25252559171213,
                            7.579552262842791
                        ],
                        [
                            -75.25018012110472,
                            7.581048181376793
                        ],
                        [
                            -75.24863035668342,
                            7.580334954365163
                        ],
                        [
                            -75.24668926831872,
                            7.579990757200015
                        ],
                        [
                            -75.24567043274058,
                            7.579323688872681
                        ],
                        [
                            -75.24484942163298,
                            7.57925101073253
                        ],
                        [
                            -75.24413764420592,
                            7.579524082610797
                        ],
                        [
                            -75.24341456436105,
                            7.58034471827327
                        ],
                        [
                            -75.24190854366536,
                            7.58322889014266
                        ],
                        [
                            -75.24113807470955,
                            7.58373102487097
                        ],
                        [
                            -75.23979722473702,
                            7.583922150480935
                        ],
                        [
                            -75.23855736101969,
                            7.585263879127212
                        ],
                        [
                            -75.23666402835703,
                            7.586047942034774
                        ],
                        [
                            -75.23423122700247,
                            7.584898569094476
                        ],
                        [
                            -75.23365420637437,
                            7.584274304853069
                        ],
                        [
                            -75.23306962213691,
                            7.584964134343577
                        ],
                        [
                            -75.2317406773239,
                            7.585396707024084
                        ],
                        [
                            -75.22879475615423,
                            7.584841791771999
                        ],
                        [
                            -75.22777055387903,
                            7.583657845313065
                        ],
                        [
                            -75.22557924313779,
                            7.584105914772431
                        ],
                        [
                            -75.2241621221709,
                            7.583242859770107
                        ],
                        [
                            -75.22326313002702,
                            7.580763315721258
                        ],
                        [
                            -75.22242888256193,
                            7.579567006270652
                        ],
                        [
                            -75.22131349307942,
                            7.579808850267996
                        ],
                        [
                            -75.22049569149434,
                            7.579593806519938
                        ],
                        [
                            -75.2201242780534,
                            7.579819871466173
                        ],
                        [
                            -75.21924309394157,
                            7.581834174222453
                        ],
                        [
                            -75.21862456247159,
                            7.582500845296413
                        ],
                        [
                            -75.2187617664648,
                            7.584080358872673
                        ],
                        [
                            -75.21726693868601,
                            7.585829196783473
                        ],
                        [
                            -75.21691518718885,
                            7.587891968449893
                        ],
                        [
                            -75.21558045830609,
                            7.588996950998158
                        ],
                        [
                            -75.21540294166893,
                            7.590773429575178
                        ],
                        [
                            -75.21377098259838,
                            7.593261728437533
                        ],
                        [
                            -75.21389913032826,
                            7.595046975202468
                        ],
                        [
                            -75.21332120834151,
                            7.595888057910708
                        ],
                        [
                            -75.21237632289511,
                            7.596202675927564
                        ],
                        [
                            -75.2119653431076,
                            7.596715624358501
                        ],
                        [
                            -75.21068732483843,
                            7.596606539939178
                        ],
                        [
                            -75.20981091033546,
                            7.598595479885044
                        ]
                    ],
                    [
                        [
                            -75.30376344869396,
                            7.568231404464196
                        ],
                        [
                            -75.303030451664,
                            7.569841453638196
                        ],
                        [
                            -75.30253140817221,
                            7.5697786809702
                        ],
                        [
                            -75.3015261442152,
                            7.568765930095958
                        ],
                        [
                            -75.30106259768539,
                            7.568667934978001
                        ],
                        [
                            -75.29938769629399,
                            7.570079113579538
                        ],
                        [
                            -75.29806499723907,
                            7.570444343830047
                        ],
                        [
                            -75.2962422399628,
                            7.572738017705085
                        ],
                        [
                            -75.29510199425776,
                            7.572959172788127
                        ],
                        [
                            -75.29442529262369,
                            7.573450758771035
                        ],
                        [
                            -75.29432520141803,
                            7.575007189235685
                        ],
                        [
                            -75.2934148367693,
                            7.576461695501567
                        ],
                        [
                            -75.29159694631151,
                            7.577210452697885
                        ],
                        [
                            -75.29088286005991,
                            7.577112466569444
                        ],
                        [
                            -75.28991431257745,
                            7.576412160204368
                        ],
                        [
                            -75.28940194738009,
                            7.576565498105918
                        ],
                        [
                            -75.28872215746384,
                            7.577298134061016
                        ],
                        [
                            -75.28777478247221,
                            7.577255070579104
                        ],
                        [
                            -75.28605981172494,
                            7.5785667632136
                        ],
                        [
                            -75.28610715542911,
                            7.580567819474771
                        ],
                        [
                            -75.28479792034223,
                            7.581878606808013
                        ],
                        [
                            -75.28429849019064,
                            7.581864793892513
                        ],
                        [
                            -75.28261656211517,
                            7.580890063101978
                        ],
                        [
                            -75.28084966837659,
                            7.580699293122315
                        ]
                    ],
                    [
                        [
                            -75.28119738815471,
                            7.579093041276389
                        ],
                        [
                            -75.27985430227244,
                            7.578816934320816
                        ]
                    ],
                    [
                        [
                            -75.35138352452587,
                            7.570280795662264
                        ],
                        [
                            -75.35113030566356,
                            7.567417506602044
                        ],
                        [
                            -75.35001564252296,
                            7.566809651921258
                        ],
                        [
                            -75.34934803116629,
                            7.565993529276891
                        ],
                        [
                            -75.34872519357882,
                            7.563995263946984
                        ],
                        [
                            -75.34790714888005,
                            7.563884584813197
                        ],
                        [
                            -75.34693181682006,
                            7.563151029211887
                        ],
                        [
                            -75.34538154366237,
                            7.563098378578682
                        ],
                        [
                            -75.34511458407358,
                            7.562524140002745
                        ],
                        [
                            -75.34527891133003,
                            7.562068111192895
                        ],
                        [
                            -75.34488899548698,
                            7.561833798098826
                        ],
                        [
                            -75.34366188990502,
                            7.561809454929199
                        ],
                        [
                            -75.34255013616281,
                            7.562513125001929
                        ],
                        [
                            -75.34182211482394,
                            7.56203156048128
                        ],
                        [
                            -75.34126333902915,
                            7.562081941256575
                        ],
                        [
                            -75.33938536010693,
                            7.561085782792548
                        ],
                        [
                            -75.33650854902605,
                            7.558966873047371
                        ],
                        [
                            -75.33580772944086,
                            7.558771171303978
                        ],
                        [
                            -75.3339679107114,
                            7.558720143716954
                        ],
                        [
                            -75.33104043891046,
                            7.560026645631737
                        ],
                        [
                            -75.33031787468545,
                            7.562594857504938
                        ],
                        [
                            -75.32959971390468,
                            7.563148252461373
                        ],
                        [
                            -75.32880728335203,
                            7.563107676776618
                        ],
                        [
                            -75.32831176839797,
                            7.564031054265512
                        ],
                        [
                            -75.32731399926911,
                            7.563686289365577
                        ],
                        [
                            -75.325930876551,
                            7.564335546404231
                        ],
                        [
                            -75.32400799519186,
                            7.564516694678955
                        ],
                        [
                            -75.32347799926733,
                            7.563641225580149
                        ],
                        [
                            -75.32305793479958,
                            7.564425049205528
                        ],
                        [
                            -75.3222944950781,
                            7.564635665349676
                        ],
                        [
                            -75.32176825483172,
                            7.565275385542414
                        ],
                        [
                            -75.32073714383532,
                            7.56520486706478
                        ],
                        [
                            -75.31889425517797,
                            7.56577835729941
                        ],
                        [
                            -75.31839726593074,
                            7.566562369913829
                        ],
                        [
                            -75.31705894927069,
                            7.566696606980005
                        ],
                        [
                            -75.31563368427202,
                            7.567700072608174
                        ],
                        [
                            -75.31363732619917,
                            7.567004626141349
                        ],
                        [
                            -75.31230497225515,
                            7.565994602148523
                        ],
                        [
                            -75.31155952221918,
                            7.565985078029597
                        ],
                        [
                            -75.3109457470792,
                            7.564998127825149
                        ],
                        [
                            -75.30969329111046,
                            7.564731984671525
                        ],
                        [
                            -75.30908173105936,
                            7.564907254852029
                        ],
                        [
                            -75.30865032051517,
                            7.566166501278727
                        ],
                        [
                            -75.30794756740848,
                            7.566342633424051
                        ],
                        [
                            -75.30744943487734,
                            7.566011499004351
                        ],
                        [
                            -75.30732298428877,
                            7.565156576681937
                        ]
                    ],
                    [
                        [
                            -75.30474176389508,
                            7.564217220439147
                        ],
                        [
                            -75.30424429343996,
                            7.564222433149009
                        ],
                        [
                            -75.30378556624173,
                            7.564975950661742
                        ],
                        [
                            -75.30377452020277,
                            7.566757158718315
                        ]
                    ]
                ]
            }
        },
        {
            "type": "Feature",
            "properties": {
                "CIRCUITO": "San Pedro de Urabá - Necoclí",
                "LONG_INTER": 58.65,
                "ORDEN": 3,
                "NOMBRE_VIA": "El Bobal - San Pedro de Urabá",
                "CODIGO_VIA": "90AN01",
                "MPIO_NOMBR": "NECOCLÍ",
                "SUBREGION": "URABÁ",
                "Long_km": 26.05,
                "AV_FISICO": 0.03,
                "AV_FINAN": 0.03,
                "CONTRATIST": "CONSORCIO URABÁ 25",
                "INTERV": "RENTAN - GRUPO INTECON S.A.S",
                "VALOR_CTO": 144973755369,
                "LOTE": 3,
                "PLAZO_MESE": 18,
                "FECHA_INI": "04/02/2026",
                "CTO": "25OO111B2822",
                "Shape_Leng": 25658.884395,
                "ESTABILIZADO": 0
            },
            "geometry": {
                "type": "MultiLineString",
                "coordinates": [
                    [
                        [
                            -76.75546916167727,
                            8.412545296510775
                        ],
                        [
                            -76.75364599665926,
                            8.41335856153304
                        ],
                        [
                            -76.75136483406042,
                            8.415588572410057
                        ],
                        [
                            -76.74995657565343,
                            8.418082836253122
                        ],
                        [
                            -76.7490376229901,
                            8.418925459953973
                        ],
                        [
                            -76.74830048096258,
                            8.418981238831753
                        ],
                        [
                            -76.7473752103187,
                            8.41832788584844
                        ],
                        [
                            -76.74671830612134,
                            8.418209095279915
                        ],
                        [
                            -76.74494492083095,
                            8.41946895871293
                        ],
                        [
                            -76.74317411448418,
                            8.42332600654323
                        ],
                        [
                            -76.740217338298,
                            8.424584255545316
                        ],
                        [
                            -76.73869507519326,
                            8.429647875687804
                        ],
                        [
                            -76.73720065467688,
                            8.430747321682123
                        ],
                        [
                            -76.73695558827761,
                            8.432634765147286
                        ],
                        [
                            -76.7358463885542,
                            8.432995886801498
                        ],
                        [
                            -76.73423181820769,
                            8.432410921753856
                        ],
                        [
                            -76.73312366865315,
                            8.433558048201284
                        ],
                        [
                            -76.73328630606464,
                            8.434524394486674
                        ],
                        [
                            -76.73292798475313,
                            8.434898630116585
                        ],
                        [
                            -76.73088296961662,
                            8.435043135964378
                        ],
                        [
                            -76.72926586028281,
                            8.435995705034525
                        ],
                        [
                            -76.72779011803127,
                            8.438711710829612
                        ],
                        [
                            -76.72690596189948,
                            8.438015866831124
                        ],
                        [
                            -76.72639125822708,
                            8.43658333508548
                        ],
                        [
                            -76.72598580339981,
                            8.436355575565509
                        ],
                        [
                            -76.72274213417981,
                            8.436350613022915
                        ],
                        [
                            -76.72027991844313,
                            8.438542081478483
                        ],
                        [
                            -76.71850806065348,
                            8.437512039159474
                        ],
                        [
                            -76.71071196989878,
                            8.436120240024323
                        ],
                        [
                            -76.70870459163773,
                            8.435029298384826
                        ],
                        [
                            -76.70762492463018,
                            8.433478665777427
                        ],
                        [
                            -76.70648677171579,
                            8.43243858750028
                        ],
                        [
                            -76.7041493500781,
                            8.43114168924135
                        ],
                        [
                            -76.70229096113847,
                            8.432559404101326
                        ],
                        [
                            -76.70062098245305,
                            8.432681314634923
                        ],
                        [
                            -76.69964519301168,
                            8.433880215849031
                        ],
                        [
                            -76.69845441924443,
                            8.434605290333884
                        ],
                        [
                            -76.69422298278332,
                            8.435503404498354
                        ],
                        [
                            -76.69195136795348,
                            8.43442086303031
                        ],
                        [
                            -76.69144137169651,
                            8.4335432282118
                        ],
                        [
                            -76.69043574725555,
                            8.432761609257247
                        ],
                        [
                            -76.68938845012931,
                            8.432553214058668
                        ],
                        [
                            -76.68684109615123,
                            8.433511168891153
                        ],
                        [
                            -76.68328837073219,
                            8.430976260407958
                        ],
                        [
                            -76.68092201058138,
                            8.430735977743755
                        ],
                        [
                            -76.67997839733665,
                            8.429823975505194
                        ],
                        [
                            -76.67858767981961,
                            8.430319211069849
                        ],
                        [
                            -76.67630951762054,
                            8.42939143354633
                        ],
                        [
                            -76.67406011789227,
                            8.429596990491856
                        ],
                        [
                            -76.67349578689348,
                            8.42922127030534
                        ],
                        [
                            -76.67190531312706,
                            8.43046968379639
                        ],
                        [
                            -76.6711663990206,
                            8.430486141878506
                        ],
                        [
                            -76.67020409623329,
                            8.429580457166937
                        ],
                        [
                            -76.6690995727081,
                            8.429026969908666
                        ],
                        [
                            -76.66828912206559,
                            8.42803964044743
                        ],
                        [
                            -76.66450827210133,
                            8.426636714956272
                        ],
                        [
                            -76.66211791287478,
                            8.426804758909634
                        ],
                        [
                            -76.66093163183959,
                            8.427221668036347
                        ],
                        [
                            -76.6599074923965,
                            8.428145494686362
                        ],
                        [
                            -76.65768003749581,
                            8.4273900285489
                        ],
                        [
                            -76.65399470279309,
                            8.42790188773404
                        ],
                        [
                            -76.65310895329684,
                            8.427010640063546
                        ],
                        [
                            -76.6520071981252,
                            8.4250705423113
                        ],
                        [
                            -76.6515691259209,
                            8.423402630619096
                        ],
                        [
                            -76.6511305748404,
                            8.423037695825053
                        ],
                        [
                            -76.65125983153948,
                            8.422268540181653
                        ],
                        [
                            -76.65102240387807,
                            8.421928248791263
                        ],
                        [
                            -76.65059717256158,
                            8.42158091739233
                        ],
                        [
                            -76.6490166575443,
                            8.421816798597815
                        ],
                        [
                            -76.6472289875369,
                            8.42092611980347
                        ],
                        [
                            -76.64684753788237,
                            8.4194015449359
                        ],
                        [
                            -76.64573122146048,
                            8.418454541316777
                        ],
                        [
                            -76.64523550569598,
                            8.41662527011207
                        ],
                        [
                            -76.64379803089818,
                            8.416500224838614
                        ],
                        [
                            -76.64259245637083,
                            8.415303467491352
                        ],
                        [
                            -76.64482988981429,
                            8.412377222852433
                        ],
                        [
                            -76.64426940717736,
                            8.41036495956503
                        ],
                        [
                            -76.64367091640632,
                            8.409491686889082
                        ],
                        [
                            -76.64262563322275,
                            8.408868016532459
                        ],
                        [
                            -76.64194982924833,
                            8.407575992937295
                        ],
                        [
                            -76.64123747678556,
                            8.407163478595725
                        ],
                        [
                            -76.63868773531873,
                            8.406561701947117
                        ],
                        [
                            -76.63696426043569,
                            8.40665995493751
                        ],
                        [
                            -76.63557730445524,
                            8.40564003655575
                        ],
                        [
                            -76.6346983003346,
                            8.404212693151692
                        ],
                        [
                            -76.63388507174028,
                            8.403697622150531
                        ],
                        [
                            -76.63374210462132,
                            8.402709923315074
                        ],
                        [
                            -76.63301742393895,
                            8.402591355951513
                        ],
                        [
                            -76.63209093583613,
                            8.40153990444968
                        ],
                        [
                            -76.63121698726479,
                            8.401539102611805
                        ],
                        [
                            -76.62915364896715,
                            8.400675199347644
                        ],
                        [
                            -76.62969689862261,
                            8.398997892531916
                        ],
                        [
                            -76.62785480230345,
                            8.396828903958319
                        ],
                        [
                            -76.62739337772894,
                            8.39500462381447
                        ],
                        [
                            -76.62338138827366,
                            8.395062333520977
                        ],
                        [
                            -76.61980590483205,
                            8.391989573869498
                        ],
                        [
                            -76.61934131813179,
                            8.390938491780458
                        ],
                        [
                            -76.61890573360965,
                            8.388558541143153
                        ],
                        [
                            -76.6202135008357,
                            8.38630598385283
                        ],
                        [
                            -76.61988390481744,
                            8.384789612207264
                        ],
                        [
                            -76.62064794584101,
                            8.384279364444184
                        ],
                        [
                            -76.62046044162163,
                            8.383229380540259
                        ],
                        [
                            -76.621116353943,
                            8.382377241436552
                        ],
                        [
                            -76.62112070257058,
                            8.381406657150087
                        ],
                        [
                            -76.61937783049233,
                            8.379907260923499
                        ],
                        [
                            -76.61958104216565,
                            8.37921943284071
                        ],
                        [
                            -76.61871142022878,
                            8.378143747759353
                        ],
                        [
                            -76.61893158658204,
                            8.376759007261185
                        ],
                        [
                            -76.61844852965328,
                            8.375986388998566
                        ],
                        [
                            -76.6189779873992,
                            8.375646986909832
                        ],
                        [
                            -76.62004938955393,
                            8.375834537199484
                        ],
                        [
                            -76.62057431116847,
                            8.375291773283132
                        ],
                        [
                            -76.61998851869943,
                            8.374082403204184
                        ],
                        [
                            -76.62063403961919,
                            8.373397705233913
                        ],
                        [
                            -76.621004272598,
                            8.372162863670384
                        ],
                        [
                            -76.62040892562176,
                            8.371087394826514
                        ],
                        [
                            -76.61912685408718,
                            8.37030439240573
                        ],
                        [
                            -76.61911125266276,
                            8.36905145845893
                        ],
                        [
                            -76.6182528898538,
                            8.368994672931153
                        ],
                        [
                            -76.61805738948804,
                            8.368109489430019
                        ],
                        [
                            -76.61770248639819,
                            8.367760610199129
                        ],
                        [
                            -76.61141005409986,
                            8.368093591275358
                        ],
                        [
                            -76.61066581739932,
                            8.367772519224932
                        ],
                        [
                            -76.60903815106776,
                            8.366282027297911
                        ],
                        [
                            -76.60876134219393,
                            8.365759768128799
                        ],
                        [
                            -76.60891954818923,
                            8.365223228381636
                        ],
                        [
                            -76.61125802971523,
                            8.364144448012516
                        ],
                        [
                            -76.61172850693956,
                            8.363498436098178
                        ]
                    ]
                ]
            }
        },
        {
            "type": "Feature",
            "properties": {
                "CIRCUITO": "San Pedro de Urabá - Necoclí",
                "LONG_INTER": 58.65,
                "ORDEN": 3,
                "NOMBRE_VIA": "El Bobal - San Pedro de Urabá",
                "CODIGO_VIA": "90AN01",
                "MPIO_NOMBR": "TURBO",
                "SUBREGION": "URABÁ",
                "Long_km": 32.6,
                "AV_FISICO": 0.03,
                "AV_FINAN": 0.03,
                "CONTRATIST": "CONSORCIO URABÁ 25",
                "INTERV": "RENTAN - GRUPO INTECON S.A.S",
                "VALOR_CTO": 144973755369,
                "LOTE": 3,
                "PLAZO_MESE": 18,
                "FECHA_INI": "04/02/2026",
                "CTO": "25OO111B2822",
                "Shape_Leng": 32230.7417674,
                "ESTABILIZADO": 0
            },
            "geometry": {
                "type": "MultiLineString",
                "coordinates": [
                    [
                        [
                            -76.61172850693956,
                            8.363498436098178
                        ],
                        [
                            -76.61161050466201,
                            8.362712105785945
                        ],
                        [
                            -76.60934697694388,
                            8.361342226420616
                        ],
                        [
                            -76.60886399495898,
                            8.361347579094367
                        ],
                        [
                            -76.60676464298,
                            8.362421125190966
                        ],
                        [
                            -76.6050187182355,
                            8.361881584093394
                        ],
                        [
                            -76.60478843940939,
                            8.362205801395568
                        ],
                        [
                            -76.60509386337736,
                            8.363136445019823
                        ],
                        [
                            -76.60500132255785,
                            8.36434320717666
                        ],
                        [
                            -76.60372427698309,
                            8.365106794107751
                        ],
                        [
                            -76.6020152896422,
                            8.365515381789269
                        ],
                        [
                            -76.60087394111062,
                            8.36684389003614
                        ],
                        [
                            -76.59770446248595,
                            8.365229325830812
                        ],
                        [
                            -76.59475174349292,
                            8.366027903212554
                        ],
                        [
                            -76.59252123293423,
                            8.365103759169143
                        ],
                        [
                            -76.59035121300167,
                            8.365346210570225
                        ],
                        [
                            -76.58804390101885,
                            8.364415668047195
                        ],
                        [
                            -76.57884858184427,
                            8.363390145756028
                        ],
                        [
                            -76.57667666172388,
                            8.363595808868316
                        ],
                        [
                            -76.57404329036693,
                            8.360613107332675
                        ],
                        [
                            -76.57192898674167,
                            8.360501309488605
                        ],
                        [
                            -76.57085660828311,
                            8.359231395039755
                        ],
                        [
                            -76.57003423613017,
                            8.358899930067162
                        ],
                        [
                            -76.56908453279388,
                            8.358767434678656
                        ],
                        [
                            -76.56777580411219,
                            8.359070841918937
                        ],
                        [
                            -76.56610647722049,
                            8.358640732650613
                        ],
                        [
                            -76.56315981029297,
                            8.359323858947082
                        ],
                        [
                            -76.5623513270419,
                            8.360047492091624
                        ],
                        [
                            -76.56046634138528,
                            8.360469499715373
                        ],
                        [
                            -76.55933172922535,
                            8.361342522710995
                        ],
                        [
                            -76.55878476799172,
                            8.362377160112171
                        ],
                        [
                            -76.55803365988079,
                            8.362896494638047
                        ],
                        [
                            -76.55731665006604,
                            8.362965433454745
                        ],
                        [
                            -76.55617255387703,
                            8.362243581371583
                        ],
                        [
                            -76.55467771583865,
                            8.36287505321503
                        ],
                        [
                            -76.55324675182771,
                            8.363092278956598
                        ],
                        [
                            -76.55150466657071,
                            8.364550427439188
                        ],
                        [
                            -76.55002569014468,
                            8.364959374679191
                        ],
                        [
                            -76.54957404409079,
                            8.366906856042172
                        ],
                        [
                            -76.5483873118249,
                            8.366829383131314
                        ],
                        [
                            -76.5474833390613,
                            8.367638747216407
                        ],
                        [
                            -76.54672757928209,
                            8.367018150024215
                        ],
                        [
                            -76.54591653104511,
                            8.36740949878613
                        ],
                        [
                            -76.54383277627457,
                            8.366668043169218
                        ],
                        [
                            -76.54168836368616,
                            8.367286068064184
                        ],
                        [
                            -76.53885107428331,
                            8.367019761376978
                        ],
                        [
                            -76.53683535402978,
                            8.367632696959243
                        ],
                        [
                            -76.53546268627662,
                            8.36729163443829
                        ],
                        [
                            -76.53380185626035,
                            8.367325735038927
                        ],
                        [
                            -76.53273137084182,
                            8.36695932625447
                        ],
                        [
                            -76.5317777113255,
                            8.367089087636858
                        ],
                        [
                            -76.53037043354529,
                            8.366522994729413
                        ],
                        [
                            -76.52879823581796,
                            8.3683073450268
                        ],
                        [
                            -76.52865923122324,
                            8.367455002496657
                        ],
                        [
                            -76.52745266255742,
                            8.366517165108908
                        ],
                        [
                            -76.52495239451443,
                            8.366546761501976
                        ],
                        [
                            -76.52321269382773,
                            8.365825525908447
                        ],
                        [
                            -76.52211663063798,
                            8.365891979756057
                        ],
                        [
                            -76.52053152512298,
                            8.364412804875213
                        ],
                        [
                            -76.51793087160783,
                            8.366469434210407
                        ],
                        [
                            -76.51547723278925,
                            8.365797127588966
                        ],
                        [
                            -76.5128655555395,
                            8.366039647318674
                        ],
                        [
                            -76.51192889618495,
                            8.36691851563262
                        ],
                        [
                            -76.51089038026869,
                            8.36725966317472
                        ],
                        [
                            -76.50948512883062,
                            8.366008612436138
                        ],
                        [
                            -76.50842175442298,
                            8.36549786607384
                        ],
                        [
                            -76.5068953665026,
                            8.365956766267507
                        ],
                        [
                            -76.50539449157623,
                            8.365635682717596
                        ],
                        [
                            -76.50424637371513,
                            8.364998561985034
                        ],
                        [
                            -76.50189499830245,
                            8.366722220658511
                        ],
                        [
                            -76.49860128693449,
                            8.366487147003879
                        ],
                        [
                            -76.49758501463916,
                            8.366116150459716
                        ],
                        [
                            -76.49654773704395,
                            8.367016856048867
                        ],
                        [
                            -76.49571565411092,
                            8.366985653267848
                        ],
                        [
                            -76.49479318547749,
                            8.368743302023159
                        ],
                        [
                            -76.49415319566808,
                            8.369189457072292
                        ],
                        [
                            -76.49294433167003,
                            8.369460339563647
                        ],
                        [
                            -76.49152026442364,
                            8.368795967458455
                        ],
                        [
                            -76.49046384967349,
                            8.36886289519829
                        ],
                        [
                            -76.48534950880531,
                            8.3724555046724
                        ],
                        [
                            -76.48341768433922,
                            8.369382399822038
                        ],
                        [
                            -76.48443501017957,
                            8.366615892411446
                        ],
                        [
                            -76.48428551934556,
                            8.365003834310611
                        ],
                        [
                            -76.48274123042,
                            8.363274355729837
                        ],
                        [
                            -76.48135248720321,
                            8.360681201741986
                        ],
                        [
                            -76.47860115902468,
                            8.353471758973532
                        ],
                        [
                            -76.47642770564207,
                            8.35239751283625
                        ],
                        [
                            -76.47532862190927,
                            8.351261382123333
                        ],
                        [
                            -76.47313550390524,
                            8.349775522647136
                        ],
                        [
                            -76.47216793721776,
                            8.349991979370287
                        ],
                        [
                            -76.47083375606898,
                            8.349623102012723
                        ],
                        [
                            -76.46847989454767,
                            8.349862096616716
                        ],
                        [
                            -76.46702695269981,
                            8.349161624736652
                        ],
                        [
                            -76.4647541665678,
                            8.347303446518376
                        ],
                        [
                            -76.46391270278691,
                            8.347465409535005
                        ],
                        [
                            -76.46306976380188,
                            8.347183586196437
                        ],
                        [
                            -76.46268776809065,
                            8.346692557550284
                        ],
                        [
                            -76.46294613998782,
                            8.346018287801085
                        ],
                        [
                            -76.46258753165198,
                            8.344370610099611
                        ],
                        [
                            -76.45939372201627,
                            8.343925483791212
                        ],
                        [
                            -76.459057495558,
                            8.344090201879656
                        ],
                        [
                            -76.45926360573637,
                            8.344688318525064
                        ],
                        [
                            -76.45876742581679,
                            8.344945436555076
                        ],
                        [
                            -76.45700590430931,
                            8.34403404714414
                        ],
                        [
                            -76.45548229118512,
                            8.344259867291283
                        ],
                        [
                            -76.4545561073058,
                            8.343647947572775
                        ],
                        [
                            -76.45310080364028,
                            8.343692695431088
                        ],
                        [
                            -76.45265450850442,
                            8.342327113920248
                        ],
                        [
                            -76.45335867133757,
                            8.341702501046377
                        ],
                        [
                            -76.45350031716043,
                            8.34114744079388
                        ],
                        [
                            -76.45204822752082,
                            8.34048876530542
                        ],
                        [
                            -76.45181008591071,
                            8.339805430000295
                        ],
                        [
                            -76.45082730416178,
                            8.339361270538031
                        ],
                        [
                            -76.45146710091907,
                            8.338526740148794
                        ],
                        [
                            -76.45126702507963,
                            8.33782552381421
                        ],
                        [
                            -76.44906530268062,
                            8.335944968201682
                        ],
                        [
                            -76.44767084995027,
                            8.332987616171057
                        ],
                        [
                            -76.44543617768076,
                            8.332576744369527
                        ],
                        [
                            -76.44500987735337,
                            8.332217465763815
                        ],
                        [
                            -76.44415618412687,
                            8.330375409377545
                        ],
                        [
                            -76.44377169272093,
                            8.32858864101331
                        ],
                        [
                            -76.44369265454797,
                            8.328006488510281
                        ],
                        [
                            -76.4440777831986,
                            8.327372945244322
                        ],
                        [
                            -76.44199058748788,
                            8.327671847875148
                        ],
                        [
                            -76.44103025422062,
                            8.327490733397793
                        ],
                        [
                            -76.44133346534267,
                            8.325263991318817
                        ],
                        [
                            -76.44198215152815,
                            8.324899781640658
                        ],
                        [
                            -76.4422774016812,
                            8.323328674834164
                        ],
                        [
                            -76.44151227606227,
                            8.321944518839087
                        ],
                        [
                            -76.4405147778742,
                            8.32103248542256
                        ],
                        [
                            -76.44009953206164,
                            8.318901564953983
                        ],
                        [
                            -76.4385891260173,
                            8.318901398653718
                        ],
                        [
                            -76.43687069305894,
                            8.317972205834963
                        ],
                        [
                            -76.43355938216686,
                            8.317115440440658
                        ],
                        [
                            -76.43192640766385,
                            8.314973154215306
                        ],
                        [
                            -76.42797873322326,
                            8.31264794964505
                        ],
                        [
                            -76.42638870090794,
                            8.31278000120294
                        ],
                        [
                            -76.42058341540994,
                            8.311472887757379
                        ],
                        [
                            -76.39774187381613,
                            8.291737903016655
                        ],
                        [
                            -76.39526545508969,
                            8.28780509785947
                        ]
                    ]
                ]
            }
        },
        {
            "type": "Feature",
            "properties": {
                "CIRCUITO": "San Rafael - San Roque - Santo Domingo - Alejandría",
                "LONG_INTER": 25.72,
                "ORDEN": 3,
                "NOMBRE_VIA": "San Roque - San Lorenzo - La Palma",
                "CODIGO_VIA": "62AN22-1-1",
                "MPIO_NOMBR": "ALEJANDRÍA",
                "SUBREGION": "NORDESTE",
                "Long_km": 2.26,
                "AV_FISICO": 0.03,
                "AV_FINAN": 0.03,
                "CONTRATIST": "POR DEFINIR (RENTAN)",
                "INTERV": "RENTAN - POR DEFINIR",
                "VALOR_CTO": 108554215084.00002,
                "LOTE": 1,
                "PLAZO_MESE": 15,
                "FECHA_INI": "20/01/2026",
                "CTO": "4600018900",
                "Shape_Leng": 2213.62288305,
                "ESTABILIZADO": 0
            },
            "geometry": {
                "type": "MultiLineString",
                "coordinates": [
                    [
                        [
                            -74.99480054202728,
                            6.387530294660511
                        ],
                        [
                            -74.99530246672099,
                            6.383827631409143
                        ],
                        [
                            -74.99456821157213,
                            6.382572877829355
                        ],
                        [
                            -74.99531375968422,
                            6.382177457486975
                        ],
                        [
                            -74.99665402441713,
                            6.382360390206055
                        ],
                        [
                            -74.99682971272367,
                            6.381909158005914
                        ],
                        [
                            -74.99657748503013,
                            6.380709678158391
                        ],
                        [
                            -75.00032245339611,
                            6.376316011898105
                        ],
                        [
                            -75.00015221728837,
                            6.376064042731626
                        ],
                        [
                            -74.99844491681324,
                            6.375949004594403
                        ],
                        [
                            -74.99843942630491,
                            6.37552697410314
                        ],
                        [
                            -74.99893904058142,
                            6.375178861937687
                        ],
                        [
                            -74.99887076163225,
                            6.374590265856923
                        ],
                        [
                            -74.99738616565672,
                            6.374363661207697
                        ]
                    ]
                ]
            }
        },
        {
            "type": "Feature",
            "properties": {
                "CIRCUITO": "San Rafael - San Roque - Santo Domingo - Alejandría",
                "LONG_INTER": 25.72,
                "ORDEN": 3,
                "NOMBRE_VIA": "Santo Domingo - San Roque",
                "CODIGO_VIA": "62AN22-1",
                "MPIO_NOMBR": "SAN ROQUE",
                "SUBREGION": "NORDESTE",
                "Long_km": 23.23,
                "AV_FISICO": 0.03,
                "AV_FINAN": 0.03,
                "CONTRATIST": "CONSORCIO CONSTRUCCIONES 11 SAN ROQUE",
                "INTERV": "RENTAN - ARREDONDO MADRID INGENIEROS (AIM)",
                "VALOR_CTO": 57385592096,
                "LOTE": 6,
                "PLAZO_MESE": 13,
                "FECHA_INI": "10/02/2026",
                "CTO": "4600018883",
                "Shape_Leng": 22777.3246412,
                "ESTABILIZADO": 0
            },
            "geometry": {
                "type": "MultiLineString",
                "coordinates": [
                    [
                        [
                            -75.02456976985064,
                            6.48628085535078
                        ],
                        [
                            -75.02509511729384,
                            6.485590019993821
                        ],
                        [
                            -75.02699325164266,
                            6.485847400125784
                        ],
                        [
                            -75.02995884101904,
                            6.48560691721745
                        ],
                        [
                            -75.03186836514884,
                            6.483487967981828
                        ],
                        [
                            -75.03299125021881,
                            6.482767693450407
                        ],
                        [
                            -75.03517253060201,
                            6.482070582178612
                        ],
                        [
                            -75.03650810130965,
                            6.482697712445896
                        ],
                        [
                            -75.03667084279995,
                            6.481839113814091
                        ],
                        [
                            -75.03835580849444,
                            6.481742364670128
                        ],
                        [
                            -75.03947843918858,
                            6.480534515828991
                        ],
                        [
                            -75.0407488818265,
                            6.481391158220286
                        ],
                        [
                            -75.04087320571566,
                            6.480928205571042
                        ],
                        [
                            -75.04125728866676,
                            6.480733891556489
                        ],
                        [
                            -75.04112834828813,
                            6.480302668292438
                        ],
                        [
                            -75.04143498665225,
                            6.479901206346905
                        ],
                        [
                            -75.04557712161798,
                            6.480937283832558
                        ],
                        [
                            -75.04582466436015,
                            6.481790451250214
                        ],
                        [
                            -75.04546523519359,
                            6.482208654850213
                        ],
                        [
                            -75.04612704548485,
                            6.482761291603635
                        ],
                        [
                            -75.04628826247588,
                            6.483371690741935
                        ],
                        [
                            -75.04870323121973,
                            6.484570246083406
                        ],
                        [
                            -75.04958556599584,
                            6.484712761098801
                        ],
                        [
                            -75.04994659192757,
                            6.485461860573281
                        ],
                        [
                            -75.04982637718442,
                            6.486773585321711
                        ],
                        [
                            -75.05142495272175,
                            6.487060897769619
                        ],
                        [
                            -75.05190866897497,
                            6.487478040363047
                        ],
                        [
                            -75.05266167186163,
                            6.486727323217602
                        ],
                        [
                            -75.05333331207456,
                            6.486538123073212
                        ],
                        [
                            -75.05465104376428,
                            6.48683971284085
                        ],
                        [
                            -75.05549831035803,
                            6.487884302020456
                        ],
                        [
                            -75.05677317614354,
                            6.487652329869936
                        ],
                        [
                            -75.0574536650057,
                            6.487241055320864
                        ],
                        [
                            -75.05752798831385,
                            6.486671190695784
                        ],
                        [
                            -75.05836609688578,
                            6.485823282271717
                        ],
                        [
                            -75.05896651159536,
                            6.485629743831622
                        ],
                        [
                            -75.05938987380821,
                            6.484559209778494
                        ],
                        [
                            -75.06119099574788,
                            6.48332634750983
                        ],
                        [
                            -75.06224534478093,
                            6.483762593388382
                        ],
                        [
                            -75.0628999515238,
                            6.483126654348634
                        ],
                        [
                            -75.06381868388611,
                            6.483557781611106
                        ],
                        [
                            -75.06467336570606,
                            6.483203832396946
                        ],
                        [
                            -75.06587397437958,
                            6.484370934399532
                        ],
                        [
                            -75.06705643879043,
                            6.484030490051362
                        ],
                        [
                            -75.0682852448108,
                            6.484430843688377
                        ],
                        [
                            -75.06877473934416,
                            6.484092343635202
                        ],
                        [
                            -75.06867514660972,
                            6.483464427364082
                        ],
                        [
                            -75.06899886899183,
                            6.48323043478925
                        ],
                        [
                            -75.07130947965302,
                            6.484295410723625
                        ],
                        [
                            -75.07171078564184,
                            6.484946997521243
                        ],
                        [
                            -75.07312977332491,
                            6.484907854575116
                        ],
                        [
                            -75.07505579976409,
                            6.486832809076639
                        ],
                        [
                            -75.07645971913739,
                            6.487007659865691
                        ],
                        [
                            -75.0771993656954,
                            6.486794036056874
                        ],
                        [
                            -75.07860808420212,
                            6.487806219450728
                        ],
                        [
                            -75.0797049555333,
                            6.488162419087126
                        ],
                        [
                            -75.08022437180729,
                            6.487567678573916
                        ],
                        [
                            -75.08022519035825,
                            6.486903145915949
                        ],
                        [
                            -75.0810454096521,
                            6.486051243912321
                        ],
                        [
                            -75.08236609500996,
                            6.485342406159447
                        ],
                        [
                            -75.08337930347611,
                            6.484370786269074
                        ],
                        [
                            -75.08348649125743,
                            6.483784233050867
                        ],
                        [
                            -75.08400586452153,
                            6.483480754856034
                        ],
                        [
                            -75.08387526802011,
                            6.482482624836573
                        ],
                        [
                            -75.08511551389562,
                            6.480514252008765
                        ],
                        [
                            -75.08465434722349,
                            6.479210804522591
                        ],
                        [
                            -75.08648923511878,
                            6.478595856646111
                        ],
                        [
                            -75.08848465177438,
                            6.476681299121391
                        ],
                        [
                            -75.09115239113467,
                            6.476594463852039
                        ],
                        [
                            -75.0914140643237,
                            6.476320461096208
                        ],
                        [
                            -75.09196621796104,
                            6.47683881030999
                        ],
                        [
                            -75.09193895741718,
                            6.479082870570358
                        ],
                        [
                            -75.09250203932416,
                            6.479823092707525
                        ],
                        [
                            -75.09351049103027,
                            6.479968641779893
                        ],
                        [
                            -75.0942124723591,
                            6.480641977290705
                        ],
                        [
                            -75.0950936525202,
                            6.480444654887812
                        ],
                        [
                            -75.09596369096776,
                            6.480786668960756
                        ],
                        [
                            -75.09717845192502,
                            6.481986051933605
                        ],
                        [
                            -75.09758128217106,
                            6.483262528014871
                        ],
                        [
                            -75.0987421828257,
                            6.483858099173506
                        ],
                        [
                            -75.09967936193746,
                            6.484191485253963
                        ],
                        [
                            -75.10292073963765,
                            6.484263855110567
                        ],
                        [
                            -75.10455126882923,
                            6.484673042212044
                        ],
                        [
                            -75.10483931623813,
                            6.484478508001694
                        ],
                        [
                            -75.10498923545234,
                            6.48363832041831
                        ],
                        [
                            -75.10609047157376,
                            6.483515324641495
                        ],
                        [
                            -75.10767720332848,
                            6.483937743487739
                        ],
                        [
                            -75.108431300907,
                            6.483029613132469
                        ]
                    ]
                ]
            }
        },
        {
            "type": "Feature",
            "properties": {
                "CIRCUITO": "San Rafael - San Roque - Santo Domingo - Alejandría",
                "LONG_INTER": 25.72,
                "ORDEN": 3,
                "NOMBRE_VIA": "San Roque - San Lorenzo - La Palma",
                "CODIGO_VIA": "62AN22-1-1",
                "MPIO_NOMBR": "SAN ROQUE",
                "SUBREGION": "NORDESTE",
                "Long_km": 0.23,
                "AV_FISICO": 0.03,
                "AV_FINAN": 0.03,
                "CONTRATIST": "CONSORCIO CONSTRUCCIONES 11 SAN ROQUE",
                "INTERV": "RENTAN - ARREDONDO MADRID INGENIEROS (AIM)",
                "VALOR_CTO": 57385592096,
                "LOTE": 6,
                "PLAZO_MESE": 13,
                "FECHA_INI": "10/02/2026",
                "CTO": "4600018883",
                "Shape_Leng": 22777.3246412,
                "ESTABILIZADO": 0
            },
            "geometry": {
                "type": "MultiLineString",
                "coordinates": [
                    [
                        [
                            -75.0326614789674,
                            6.441362909988351
                        ],
                        [
                            -75.03271807047965,
                            6.440221039243734
                        ],
                        [
                            -75.03180435748712,
                            6.439822180130851
                        ],
                        [
                            -75.03176262269533,
                            6.438814953616442
                        ],
                        [
                            -75.03124400409044,
                            6.438249195043618
                        ],
                        [
                            -75.03129928938671,
                            6.437827372839127
                        ],
                        [
                            -75.03200095191411,
                            6.437290606156174
                        ],
                        [
                            -75.03102128161271,
                            6.436412476155538
                        ],
                        [
                            -75.03081244879202,
                            6.435523740117413
                        ],
                        [
                            -75.0293017388282,
                            6.434585378360973
                        ],
                        [
                            -75.0290279686945,
                            6.433032540537432
                        ],
                        [
                            -75.02801979578729,
                            6.432414281086004
                        ],
                        [
                            -75.02755316270603,
                            6.432430423824839
                        ],
                        [
                            -75.02565404771705,
                            6.431127098051953
                        ],
                        [
                            -75.02498016016467,
                            6.431224239683205
                        ],
                        [
                            -75.02398053316638,
                            6.430859891270452
                        ],
                        [
                            -75.02379334378138,
                            6.431411864645613
                        ],
                        [
                            -75.0230353051297,
                            6.431692312830832
                        ],
                        [
                            -75.02154461288801,
                            6.430417153007046
                        ],
                        [
                            -75.02185373385363,
                            6.429830826615286
                        ],
                        [
                            -75.02120947093985,
                            6.426790894513963
                        ],
                        [
                            -75.0216550955316,
                            6.426269335735585
                        ],
                        [
                            -75.02258849026883,
                            6.425958208621078
                        ],
                        [
                            -75.0226102447188,
                            6.424781844498739
                        ],
                        [
                            -75.02132017750615,
                            6.423774771493806
                        ],
                        [
                            -75.02069339780037,
                            6.422751883815852
                        ],
                        [
                            -75.02041070009268,
                            6.42149793346424
                        ],
                        [
                            -75.02252047359165,
                            6.420003380335306
                        ],
                        [
                            -75.02361435835414,
                            6.419758093449063
                        ],
                        [
                            -75.02381364441501,
                            6.419075562756271
                        ],
                        [
                            -75.02307900201568,
                            6.418335195826105
                        ],
                        [
                            -75.02080243063321,
                            6.417035486885512
                        ],
                        [
                            -75.02040752156839,
                            6.416479129487634
                        ],
                        [
                            -75.01903390138062,
                            6.417287103844227
                        ],
                        [
                            -75.01847450849412,
                            6.417294297618207
                        ],
                        [
                            -75.01828204421383,
                            6.416765746599876
                        ],
                        [
                            -75.01868688494099,
                            6.415324363238584
                        ],
                        [
                            -75.01748224925645,
                            6.41455934695779
                        ],
                        [
                            -75.01736590684357,
                            6.413483174651989
                        ],
                        [
                            -75.01553353543511,
                            6.412251260122758
                        ],
                        [
                            -75.01590716808282,
                            6.411015319896713
                        ],
                        [
                            -75.01512032523641,
                            6.409617081841007
                        ],
                        [
                            -75.01405216507806,
                            6.409191857748081
                        ],
                        [
                            -75.01360327634634,
                            6.409919339803302
                        ],
                        [
                            -75.01236806092545,
                            6.408556616778086
                        ],
                        [
                            -75.01170313006142,
                            6.408348922178049
                        ],
                        [
                            -75.01144488474957,
                            6.407655539277325
                        ],
                        [
                            -75.01168088875967,
                            6.406595291320344
                        ],
                        [
                            -75.01114496336449,
                            6.406014620592657
                        ],
                        [
                            -75.01106947325653,
                            6.405489518464904
                        ],
                        [
                            -75.0090185925811,
                            6.40463262033473
                        ],
                        [
                            -75.00840668279814,
                            6.403885059454871
                        ],
                        [
                            -75.007832138088,
                            6.403794067520014
                        ],
                        [
                            -75.00671678659276,
                            6.402838604937318
                        ],
                        [
                            -75.0063293308534,
                            6.401708541460331
                        ],
                        [
                            -75.00643802665722,
                            6.40081810701669
                        ],
                        [
                            -75.00692500108043,
                            6.400235253978281
                        ],
                        [
                            -75.00587385899917,
                            6.399902106418432
                        ],
                        [
                            -75.00554981617084,
                            6.399024295220717
                        ],
                        [
                            -75.00636497706685,
                            6.398650131282966
                        ],
                        [
                            -75.00639223454489,
                            6.398300365167824
                        ],
                        [
                            -75.0051404876307,
                            6.397659012079084
                        ],
                        [
                            -75.00553146272227,
                            6.396556263208944
                        ],
                        [
                            -75.00497137874493,
                            6.396286700081397
                        ],
                        [
                            -75.00450881039916,
                            6.396607488090067
                        ],
                        [
                            -75.00413428416381,
                            6.396276520051737
                        ],
                        [
                            -75.00424734874106,
                            6.395453997588164
                        ],
                        [
                            -75.00274968749598,
                            6.392769661833116
                        ],
                        [
                            -75.0012114232147,
                            6.39269188308462
                        ],
                        [
                            -75.0005863099916,
                            6.391914232833721
                        ],
                        [
                            -75.00050715603764,
                            6.391584131671763
                        ],
                        [
                            -75.001191235537,
                            6.390544991778624
                        ],
                        [
                            -75.00075313861113,
                            6.389697175072111
                        ],
                        [
                            -75.0000801426308,
                            6.38972114387687
                        ],
                        [
                            -74.99938059944827,
                            6.390304815179362
                        ],
                        [
                            -74.9980015686767,
                            6.38987767993063
                        ],
                        [
                            -74.99757328570769,
                            6.389379770599454
                        ],
                        [
                            -74.99708160233844,
                            6.389427332142852
                        ],
                        [
                            -74.99650087546709,
                            6.390065726035904
                        ],
                        [
                            -74.99501137694698,
                            6.389649817388745
                        ],
                        [
                            -74.99458826829581,
                            6.389240808454537
                        ],
                        [
                            -74.99480054202728,
                            6.387530294660511
                        ]
                    ]
                ]
            }
        },
        {
            "type": "Feature",
            "properties": {
                "CIRCUITO": "La Ye - Yondó",
                "LONG_INTER": 30,
                "ORDEN": 3,
                "NOMBRE_VIA": "La Ye - Yondo",
                "CODIGO_VIA": "62AN29-1",
                "MPIO_NOMBR": "YONDÓ",
                "SUBREGION": "MAGDALENA MEDIO",
                "Long_km": 30,
                "AV_FISICO": 0.03,
                "AV_FINAN": 0.03,
                "CONTRATIST": "CONSORCIO MAGDALENA 787",
                "INTERV": "RENTAN - CONSORCIO INTERVIAL ANTIOQUIA",
                "VALOR_CTO": 54441800920,
                "LOTE": 4,
                "PLAZO_MESE": 16,
                "FECHA_INI": "10/02/2026",
                "CTO": "25OO111B2823",
                "Shape_Leng": 29539.4441454,
                "ESTABILIZADO": 0
            },
            "geometry": {
                "type": "MultiLineString",
                "coordinates": [
                    [
                        [
                            -74.05883200767394,
                            6.94726753813812
                        ],
                        [
                            -74.06195590105628,
                            6.946352398902825
                        ],
                        [
                            -74.064646777895,
                            6.946725576607785
                        ],
                        [
                            -74.06637163398415,
                            6.945994743874376
                        ],
                        [
                            -74.06861242944333,
                            6.943798373144165
                        ],
                        [
                            -74.0688203409078,
                            6.942830463887053
                        ],
                        [
                            -74.06937880587188,
                            6.942201757946315
                        ],
                        [
                            -74.07017849390814,
                            6.94188693380335
                        ],
                        [
                            -74.07125457782095,
                            6.942034701503588
                        ],
                        [
                            -74.07235023794372,
                            6.942790403458955
                        ],
                        [
                            -74.07320180353781,
                            6.944436746770992
                        ],
                        [
                            -74.07518130138722,
                            6.944747347842097
                        ],
                        [
                            -74.07528224758371,
                            6.944016535161152
                        ],
                        [
                            -74.07611443179671,
                            6.943101396481918
                        ],
                        [
                            -74.07632033667063,
                            6.94219847139169
                        ],
                        [
                            -74.07736837167427,
                            6.940506609554325
                        ],
                        [
                            -74.07875384055644,
                            6.940518344933737
                        ],
                        [
                            -74.0800808006362,
                            6.940920263838786
                        ],
                        [
                            -74.08163930175184,
                            6.940401618730403
                        ],
                        [
                            -74.08339639454725,
                            6.941052469872274
                        ],
                        [
                            -74.08412677519402,
                            6.940832097724411
                        ],
                        [
                            -74.0845396231257,
                            6.93988541907469
                        ],
                        [
                            -74.08525137431629,
                            6.939403919929657
                        ],
                        [
                            -74.08676106980762,
                            6.940132273796467
                        ],
                        [
                            -74.0872382016253,
                            6.941665180811277
                        ],
                        [
                            -74.08909684730435,
                            6.942358815268989
                        ],
                        [
                            -74.0913182744119,
                            6.941456020035111
                        ],
                        [
                            -74.09343577673468,
                            6.940094923520262
                        ],
                        [
                            -74.094856783566,
                            6.939950403773428
                        ],
                        [
                            -74.09620135870513,
                            6.938585904478135
                        ],
                        [
                            -74.09775979659052,
                            6.938452610275639
                        ],
                        [
                            -74.09904810248308,
                            6.939095547359909
                        ],
                        [
                            -74.10067241087421,
                            6.938633640921834
                        ],
                        [
                            -74.10221402711481,
                            6.939745331419683
                        ],
                        [
                            -74.10334903377095,
                            6.939719852874678
                        ],
                        [
                            -74.1038732333598,
                            6.939062561420076
                        ],
                        [
                            -74.10363644983877,
                            6.938105548310688
                        ],
                        [
                            -74.10418190777641,
                            6.93704595126731
                        ],
                        [
                            -74.1038191939451,
                            6.935660373075786
                        ],
                        [
                            -74.10466284337733,
                            6.932334333830133
                        ],
                        [
                            -74.10464877928685,
                            6.931347721527921
                        ],
                        [
                            -74.10432266521053,
                            6.930660375141054
                        ],
                        [
                            -74.1043762749351,
                            6.929300254718631
                        ],
                        [
                            -74.10622380232928,
                            6.929083464318755
                        ],
                        [
                            -74.10818544757629,
                            6.928106358662535
                        ],
                        [
                            -74.1086719453036,
                            6.927399159247928
                        ],
                        [
                            -74.10952866029866,
                            6.92692772343765
                        ],
                        [
                            -74.11080527620871,
                            6.927548828631233
                        ],
                        [
                            -74.11166911200404,
                            6.927598274326087
                        ],
                        [
                            -74.11304686288894,
                            6.925454498103822
                        ],
                        [
                            -74.11597052736082,
                            6.925122270855299
                        ],
                        [
                            -74.11730993523477,
                            6.923251610179999
                        ],
                        [
                            -74.11855049688009,
                            6.922460505075464
                        ],
                        [
                            -74.11849917010873,
                            6.922114900946806
                        ],
                        [
                            -74.11725161305542,
                            6.921264589636784
                        ],
                        [
                            -74.1164824414592,
                            6.918840148523985
                        ],
                        [
                            -74.11678533593086,
                            6.917104358317282
                        ],
                        [
                            -74.11601804342232,
                            6.91654005920516
                        ],
                        [
                            -74.11542301497663,
                            6.915470077383908
                        ],
                        [
                            -74.11569071500712,
                            6.913877838153004
                        ],
                        [
                            -74.11632703684649,
                            6.912808136809431
                        ],
                        [
                            -74.11726745939335,
                            6.912092870499944
                        ],
                        [
                            -74.11918857822133,
                            6.912091576
                        ],
                        [
                            -74.12019117015711,
                            6.91120939428632
                        ],
                        [
                            -74.12164852102462,
                            6.911268308228584
                        ],
                        [
                            -74.12334869692107,
                            6.910764686215585
                        ],
                        [
                            -74.1244905049147,
                            6.911240077438221
                        ],
                        [
                            -74.12583873414805,
                            6.910965271351014
                        ],
                        [
                            -74.12754734458088,
                            6.911646781657826
                        ],
                        [
                            -74.12961966348314,
                            6.911004993869134
                        ],
                        [
                            -74.13081800385858,
                            6.910267735832901
                        ],
                        [
                            -74.13446606669277,
                            6.909528180903051
                        ],
                        [
                            -74.135176205846,
                            6.910352570292926
                        ],
                        [
                            -74.13648252270971,
                            6.910368704776169
                        ],
                        [
                            -74.1381221333645,
                            6.908776814883858
                        ],
                        [
                            -74.13832922360773,
                            6.908133125056929
                        ],
                        [
                            -74.13911780426776,
                            6.907320394490826
                        ],
                        [
                            -74.14062981396908,
                            6.907913819624617
                        ],
                        [
                            -74.14136248365497,
                            6.908744689223223
                        ],
                        [
                            -74.14198257409753,
                            6.908029842145811
                        ],
                        [
                            -74.14174919898076,
                            6.906697533838475
                        ],
                        [
                            -74.14199347795355,
                            6.906163195901255
                        ],
                        [
                            -74.14339065039995,
                            6.90587649721323
                        ],
                        [
                            -74.14423846014836,
                            6.906434104016011
                        ],
                        [
                            -74.14490579279114,
                            6.906287713556688
                        ],
                        [
                            -74.14647009117904,
                            6.903092872708044
                        ],
                        [
                            -74.14601313312473,
                            6.901893232159847
                        ],
                        [
                            -74.14763360450102,
                            6.899532845852069
                        ],
                        [
                            -74.14874409571567,
                            6.895725207213451
                        ],
                        [
                            -74.14962195736959,
                            6.894705999343604
                        ],
                        [
                            -74.14878467032155,
                            6.892896853384341
                        ],
                        [
                            -74.1494287601226,
                            6.891636583635553
                        ],
                        [
                            -74.15098217862494,
                            6.891504626931171
                        ],
                        [
                            -74.15181466223025,
                            6.890959586288703
                        ],
                        [
                            -74.1529798638263,
                            6.890672109179768
                        ],
                        [
                            -74.1539201638636,
                            6.88918834028224
                        ],
                        [
                            -74.15483013589797,
                            6.889142873529327
                        ],
                        [
                            -74.15586694913567,
                            6.888527660069414
                        ],
                        [
                            -74.15960381378655,
                            6.888385980810622
                        ],
                        [
                            -74.16178184812631,
                            6.885995574323622
                        ],
                        [
                            -74.16332494198274,
                            6.88638495409517
                        ],
                        [
                            -74.16505615272068,
                            6.885675609224245
                        ],
                        [
                            -74.16586511474765,
                            6.885094677468929
                        ],
                        [
                            -74.16600040006838,
                            6.883288717456643
                        ],
                        [
                            -74.16817619429385,
                            6.881829557159351
                        ],
                        [
                            -74.16846442637474,
                            6.880462846168781
                        ],
                        [
                            -74.16920661619032,
                            6.87929430239108
                        ],
                        [
                            -74.16847503404502,
                            6.87872233959357
                        ],
                        [
                            -74.16787916521915,
                            6.877305665013827
                        ],
                        [
                            -74.16792705222964,
                            6.876523851640743
                        ],
                        [
                            -74.16755073714074,
                            6.875759461478369
                        ],
                        [
                            -74.16797225774546,
                            6.874768228412663
                        ],
                        [
                            -74.16725540523953,
                            6.873234241606244
                        ],
                        [
                            -74.16777765309425,
                            6.872773660110833
                        ],
                        [
                            -74.1688092380285,
                            6.872581277814819
                        ],
                        [
                            -74.16998399125654,
                            6.871442426572958
                        ],
                        [
                            -74.17052755957828,
                            6.870281704318011
                        ],
                        [
                            -74.1730147187889,
                            6.869092268319467
                        ],
                        [
                            -74.17314934336994,
                            6.868073146755445
                        ],
                        [
                            -74.17275357985953,
                            6.866790102189712
                        ],
                        [
                            -74.17288392364595,
                            6.866309907580258
                        ],
                        [
                            -74.17435827915577,
                            6.865164032389862
                        ],
                        [
                            -74.1753633386977,
                            6.864898696623913
                        ],
                        [
                            -74.17637829373128,
                            6.864144263196293
                        ],
                        [
                            -74.17741341829421,
                            6.86463240075765
                        ],
                        [
                            -74.17852705913594,
                            6.864344927139409
                        ],
                        [
                            -74.17963550533273,
                            6.86528840979259
                        ],
                        [
                            -74.18147256994737,
                            6.864781668773869
                        ],
                        [
                            -74.18201699519537,
                            6.865098449796716
                        ],
                        [
                            -74.18223559065625,
                            6.86690532325659
                        ],
                        [
                            -74.18274111294097,
                            6.867587487390612
                        ],
                        [
                            -74.18464306476766,
                            6.867127713200455
                        ],
                        [
                            -74.18574440061563,
                            6.868234958529325
                        ],
                        [
                            -74.18696592611253,
                            6.868570578465704
                        ],
                        [
                            -74.18754382190943,
                            6.868237505741093
                        ],
                        [
                            -74.1876849572071,
                            6.867338479914379
                        ],
                        [
                            -74.18848604222765,
                            6.866869709988339
                        ],
                        [
                            -74.18854349135769,
                            6.866504746228513
                        ],
                        [
                            -74.1879894347267,
                            6.865682677677365
                        ],
                        [
                            -74.18857109353091,
                            6.864895955678848
                        ],
                        [
                            -74.19114722021214,
                            6.8659378210585
                        ],
                        [
                            -74.19144667846447,
                            6.866589135883627
                        ],
                        [
                            -74.19186775866228,
                            6.86676081371819
                        ],
                        [
                            -74.1936493367254,
                            6.866222327805592
                        ],
                        [
                            -74.19812973567353,
                            6.864007964161948
                        ],
                        [
                            -74.19949524288081,
                            6.864243091401034
                        ],
                        [
                            -74.20120716089238,
                            6.86527092493874
                        ],
                        [
                            -74.20175135150656,
                            6.86525988820687
                        ],
                        [
                            -74.20431153584397,
                            6.862736105869064
                        ],
                        [
                            -74.2059440135766,
                            6.861643207909822
                        ],
                        [
                            -74.20784906055934,
                            6.860928247064109
                        ],
                        [
                            -74.20981722811317,
                            6.859237498580161
                        ],
                        [
                            -74.21100092704499,
                            6.85908236537902
                        ],
                        [
                            -74.21342819009277,
                            6.859572431976503
                        ],
                        [
                            -74.2145722256257,
                            6.859199868278174
                        ],
                        [
                            -74.21623424760986,
                            6.856623011383577
                        ],
                        [
                            -74.21729057091164,
                            6.854209765475051
                        ],
                        [
                            -74.21891086089589,
                            6.854050877882321
                        ],
                        [
                            -74.22050502624465,
                            6.852604186733365
                        ],
                        [
                            -74.22001393108962,
                            6.850815868428746
                        ],
                        [
                            -74.22199999478744,
                            6.847393866708637
                        ],
                        [
                            -74.22298270186452,
                            6.84678668231578
                        ],
                        [
                            -74.2246391488586,
                            6.846908259447932
                        ],
                        [
                            -74.22534144305443,
                            6.845685921870238
                        ],
                        [
                            -74.22631356087311,
                            6.845061671082827
                        ],
                        [
                            -74.22771453989732,
                            6.84290550632965
                        ],
                        [
                            -74.22774821775917,
                            6.842080198215699
                        ],
                        [
                            -74.22830490885947,
                            6.841398518329954
                        ],
                        [
                            -74.2280440076927,
                            6.840934657416109
                        ]
                    ]
                ]
            }
        },
        {
            "type": "Feature",
            "properties": {
                "CIRCUITO": "Amalfi - Portachuelos - Santa Isabel",
                "LONG_INTER": 10,
                "ORDEN": 3,
                "NOMBRE_VIA": "Playas - Chorritos - Amalfi",
                "CODIGO_VIA": "62AN21-4",
                "MPIO_NOMBR": "AMALFI",
                "SUBREGION": "NORDESTE",
                "Long_km": 10,
                "AV_FISICO": 0.03,
                "AV_FINAN": 0.03,
                "CONTRATIST": "CONSORCIO CONSTRUCCIONES 11 SAN ROQUE",
                "INTERV": "RENTAN - ARREDONDO MADRID INGENIEROS (AIM)",
                "VALOR_CTO": 57385592096,
                "LOTE": 6,
                "PLAZO_MESE": 13,
                "FECHA_INI": "10/02/2026",
                "CTO": "4600018883",
                "Shape_Leng": 9670.491015,
                "ESTABILIZADO": 0
            },
            "geometry": {
                "type": "MultiLineString",
                "coordinates": [
                    [
                        [
                            -74.99009455051568,
                            6.844231643215929
                        ],
                        [
                            -74.98820885786905,
                            6.844959585255856
                        ],
                        [
                            -74.98741988879374,
                            6.844670419175577
                        ],
                        [
                            -74.98654129404947,
                            6.845118693202524
                        ],
                        [
                            -74.98531997091442,
                            6.847464196139047
                        ],
                        [
                            -74.98430796578579,
                            6.848305590291108
                        ],
                        [
                            -74.98379920030081,
                            6.848291206640772
                        ],
                        [
                            -74.98310552534191,
                            6.848758240244865
                        ],
                        [
                            -74.9832423804502,
                            6.849647808881939
                        ],
                        [
                            -74.98226790176933,
                            6.850058283926817
                        ],
                        [
                            -74.98155407212323,
                            6.851411437453054
                        ],
                        [
                            -74.98003912630902,
                            6.852075195699959
                        ],
                        [
                            -74.97953602204355,
                            6.852736083509748
                        ],
                        [
                            -74.9781644901766,
                            6.85276941526512
                        ],
                        [
                            -74.9780627570428,
                            6.853835305104062
                        ],
                        [
                            -74.97680802325728,
                            6.854223747015656
                        ],
                        [
                            -74.97638014088183,
                            6.855188550813522
                        ],
                        [
                            -74.97800636129509,
                            6.857386193101648
                        ],
                        [
                            -74.97787024760969,
                            6.857936674371293
                        ],
                        [
                            -74.97539921321946,
                            6.857623421636687
                        ],
                        [
                            -74.97479866065964,
                            6.857808747710274
                        ],
                        [
                            -74.97389084788391,
                            6.858300143999509
                        ],
                        [
                            -74.97311587061711,
                            6.859598501745261
                        ],
                        [
                            -74.97228026236617,
                            6.859957312736445
                        ],
                        [
                            -74.97222929210379,
                            6.858666421017673
                        ],
                        [
                            -74.97089884261695,
                            6.858023505813218
                        ],
                        [
                            -74.97136660979247,
                            6.857587471625543
                        ],
                        [
                            -74.97146870733631,
                            6.856973182153295
                        ],
                        [
                            -74.97122035253156,
                            6.856571903196343
                        ],
                        [
                            -74.9716038677124,
                            6.855806824838139
                        ],
                        [
                            -74.97097902643574,
                            6.855228013909055
                        ],
                        [
                            -74.96972831160349,
                            6.855030589086861
                        ],
                        [
                            -74.96927000981047,
                            6.855484953396992
                        ],
                        [
                            -74.96853702103161,
                            6.855382618930944
                        ],
                        [
                            -74.96772053753618,
                            6.85685716432195
                        ],
                        [
                            -74.9662331414714,
                            6.856273690365342
                        ],
                        [
                            -74.96554402631646,
                            6.857088397329478
                        ],
                        [
                            -74.96478829716324,
                            6.856747014742663
                        ],
                        [
                            -74.9646579859676,
                            6.857311368256246
                        ],
                        [
                            -74.96370983697467,
                            6.857741115685128
                        ],
                        [
                            -74.96277627883107,
                            6.85779746228096
                        ],
                        [
                            -74.96232120307094,
                            6.857426130525804
                        ],
                        [
                            -74.96130305156014,
                            6.857757014214431
                        ],
                        [
                            -74.96070346964264,
                            6.858401392464489
                        ],
                        [
                            -74.96099912187103,
                            6.858952273010892
                        ],
                        [
                            -74.96089928377758,
                            6.859488435130215
                        ],
                        [
                            -74.96019658400948,
                            6.860004886015703
                        ],
                        [
                            -74.9611211827414,
                            6.860969043675198
                        ],
                        [
                            -74.95975106065336,
                            6.861056519934622
                        ],
                        [
                            -74.95910428537638,
                            6.862204897966041
                        ],
                        [
                            -74.95814067433257,
                            6.862364077645253
                        ],
                        [
                            -74.95817537648672,
                            6.864007930899354
                        ],
                        [
                            -74.95782104037991,
                            6.865080189724832
                        ],
                        [
                            -74.95803865201803,
                            6.865634639967729
                        ],
                        [
                            -74.95769170006193,
                            6.866088411479748
                        ],
                        [
                            -74.95893602353753,
                            6.866764389787068
                        ],
                        [
                            -74.95803719978213,
                            6.867211517802731
                        ],
                        [
                            -74.95714837329064,
                            6.868388869032948
                        ],
                        [
                            -74.95672458841078,
                            6.8696913032347
                        ],
                        [
                            -74.95714419725341,
                            6.870251829516556
                        ],
                        [
                            -74.95733322604698,
                            6.871486594552583
                        ],
                        [
                            -74.95591924071411,
                            6.873615616252006
                        ],
                        [
                            -74.95532472237981,
                            6.87525976466459
                        ],
                        [
                            -74.95479006631311,
                            6.875218973363038
                        ],
                        [
                            -74.95357556250343,
                            6.875769329167757
                        ],
                        [
                            -74.95221439535473,
                            6.875496923969162
                        ],
                        [
                            -74.95130850261359,
                            6.87624205833577
                        ],
                        [
                            -74.95088229967507,
                            6.877059171806907
                        ],
                        [
                            -74.94928898130296,
                            6.878087674452714
                        ],
                        [
                            -74.94800753652878,
                            6.877307683715324
                        ],
                        [
                            -74.94715844783077,
                            6.877501075800118
                        ],
                        [
                            -74.94691803948855,
                            6.877735747358026
                        ],
                        [
                            -74.9469092305167,
                            6.878776958989952
                        ],
                        [
                            -74.94628821422901,
                            6.87899294585868
                        ],
                        [
                            -74.94580665069567,
                            6.879595387727612
                        ],
                        [
                            -74.94450510260228,
                            6.880291013229931
                        ],
                        [
                            -74.94372896932866,
                            6.88020472642764
                        ],
                        [
                            -74.94328816042807,
                            6.880753902051334
                        ],
                        [
                            -74.9427230821322,
                            6.88049285060882
                        ]
                    ]
                ]
            }
        },
        {
            "type": "Feature",
            "properties": {
                "CIRCUITO": "Remedios - La Y De La Virgen - Puerto Berrío",
                "LONG_INTER": 25,
                "ORDEN": 2,
                "NOMBRE_VIA": "Las Flores (Puerto Berrío) - La Ye",
                "CODIGO_VIA": "62AN29",
                "MPIO_NOMBR": "PUERTO BERRIO",
                "SUBREGION": "MAGDALENA MEDIO",
                "Long_km": 25,
                "AV_FISICO": 0.03,
                "AV_FINAN": 0.03,
                "CONTRATIST": "CONSORCIO MAGDALENA 787",
                "INTERV": "RENTAN - CONSORCIO INTERVIAL ANTIOQUIA",
                "VALOR_CTO": 54441800920,
                "LOTE": 4,
                "PLAZO_MESE": 16,
                "FECHA_INI": "10/02/2026",
                "CTO": "25OO111B2823",
                "Shape_Leng": 24865.4626946,
                "ESTABILIZADO": 0
            },
            "geometry": {
                "type": "MultiLineString",
                "coordinates": [
                    [
                        [
                            -74.43687803141162,
                            6.63324512765937
                        ],
                        [
                            -74.43712587897377,
                            6.636057194445684
                        ],
                        [
                            -74.43671241981397,
                            6.637711620652706
                        ],
                        [
                            -74.43523052126318,
                            6.640154486214497
                        ],
                        [
                            -74.43451867786573,
                            6.642149461485978
                        ],
                        [
                            -74.43323128099628,
                            6.643356651480326
                        ],
                        [
                            -74.43321109991818,
                            6.644828167834142
                        ],
                        [
                            -74.43196236345167,
                            6.647456125214468
                        ],
                        [
                            -74.43232157756411,
                            6.649637058729954
                        ],
                        [
                            -74.43179119113357,
                            6.651254660849617
                        ],
                        [
                            -74.43296525223433,
                            6.652482843467479
                        ],
                        [
                            -74.43320243176892,
                            6.654158724788056
                        ],
                        [
                            -74.43234012313762,
                            6.657285281765505
                        ],
                        [
                            -74.43165456842655,
                            6.658608052266018
                        ],
                        [
                            -74.42971151092104,
                            6.669628997080208
                        ],
                        [
                            -74.42880878306111,
                            6.670524539316109
                        ],
                        [
                            -74.42744276782616,
                            6.672946741642663
                        ],
                        [
                            -74.4272256173905,
                            6.674037404703355
                        ],
                        [
                            -74.42674309254373,
                            6.674540241980499
                        ],
                        [
                            -74.42641802058729,
                            6.675617571440663
                        ],
                        [
                            -74.42425664279793,
                            6.679272440798706
                        ],
                        [
                            -74.42405845171814,
                            6.680966619714554
                        ],
                        [
                            -74.42292468600327,
                            6.682860304941725
                        ],
                        [
                            -74.422092196525,
                            6.687800842559886
                        ],
                        [
                            -74.4211627530683,
                            6.689255423519486
                        ],
                        [
                            -74.41978586525202,
                            6.692469132075543
                        ],
                        [
                            -74.41776493299892,
                            6.695444131776085
                        ],
                        [
                            -74.41740357934654,
                            6.697040584485847
                        ],
                        [
                            -74.41527908628126,
                            6.701393881103686
                        ],
                        [
                            -74.4153000584376,
                            6.704476586027466
                        ],
                        [
                            -74.41372395990176,
                            6.709704154818421
                        ]
                    ],
                    [
                        [
                            -74.47466229687724,
                            6.495012359627295
                        ],
                        [
                            -74.47275081582623,
                            6.501828342268465
                        ],
                        [
                            -74.47358688338483,
                            6.503681370821933
                        ],
                        [
                            -74.4712723135264,
                            6.506818461478246
                        ],
                        [
                            -74.47061333705369,
                            6.509724042781943
                        ],
                        [
                            -74.46818345997771,
                            6.511450976140886
                        ],
                        [
                            -74.46756581480916,
                            6.516576531284247
                        ],
                        [
                            -74.4664240495024,
                            6.517985489679142
                        ],
                        [
                            -74.4656461964628,
                            6.523228200946573
                        ],
                        [
                            -74.46623211859823,
                            6.527200945915717
                        ],
                        [
                            -74.46572184650516,
                            6.527623043107111
                        ],
                        [
                            -74.4637170729864,
                            6.527620114834193
                        ],
                        [
                            -74.46319283958694,
                            6.527957189944141
                        ],
                        [
                            -74.46113687321949,
                            6.533827168878529
                        ],
                        [
                            -74.46159740832057,
                            6.535490976153258
                        ],
                        [
                            -74.46071642317877,
                            6.536212226510727
                        ],
                        [
                            -74.46060050163805,
                            6.536794490053556
                        ],
                        [
                            -74.4591835419462,
                            6.538648226142745
                        ],
                        [
                            -74.45656956894739,
                            6.543115725325337
                        ],
                        [
                            -74.45746783566376,
                            6.54633758725957
                        ],
                        [
                            -74.45821672766715,
                            6.547303401063292
                        ],
                        [
                            -74.45850292766772,
                            6.548499612080494
                        ],
                        [
                            -74.45947682457862,
                            6.549955310269939
                        ],
                        [
                            -74.45908318502086,
                            6.554787495649773
                        ],
                        [
                            -74.45950411904965,
                            6.557521918379503
                        ],
                        [
                            -74.45835860062284,
                            6.560054479939708
                        ],
                        [
                            -74.45756477984824,
                            6.561135620652543
                        ],
                        [
                            -74.45626297537136,
                            6.564403257696494
                        ],
                        [
                            -74.45556574708941,
                            6.567051004004191
                        ],
                        [
                            -74.45422348666722,
                            6.568843513898284
                        ],
                        [
                            -74.45273394770527,
                            6.572471107032666
                        ],
                        [
                            -74.45206789836949,
                            6.575770944989974
                        ],
                        [
                            -74.452260454689,
                            6.582997376610443
                        ],
                        [
                            -74.45192049825307,
                            6.584376709643446
                        ],
                        [
                            -74.45221236721821,
                            6.589492035929565
                        ],
                        [
                            -74.44921082885159,
                            6.59445615392094
                        ],
                        [
                            -74.44520461003476,
                            6.598761844317568
                        ],
                        [
                            -74.44364194698521,
                            6.601149478010257
                        ],
                        [
                            -74.44333198742984,
                            6.602733654039564
                        ],
                        [
                            -74.44056960105864,
                            6.60939690730844
                        ],
                        [
                            -74.43813973983781,
                            6.617274467282794
                        ],
                        [
                            -74.43672957299262,
                            6.620617502936431
                        ],
                        [
                            -74.43641201768503,
                            6.622743136271073
                        ]
                    ]
                ]
            }
        },
        {
            "type": "Feature",
            "properties": {
                "CIRCUITO": "Alto del Cardal - Toledo",
                "LONG_INTER": 15,
                "ORDEN": 3,
                "NOMBRE_VIA": "La Apartada (San José de La Montaña) - Partidas (San Jose de la Montaña) - Toledo - Matanzas",
                "CODIGO_VIA": "62AN18-3-1",
                "MPIO_NOMBR": "SAN ANDRÃ‰S DE CUERQUIA",
                "SUBREGION": "NORTE",
                "Long_km": 10.83,
                "AV_FISICO": 0.03,
                "AV_FINAN": 0.03,
                "CONTRATIST": "CONSORCIO VIAS ANTIOQUIA NORTE",
                "INTERV": "RENTAN - CONSORCIO INTERVIALES 2025",
                "VALOR_CTO": 124487403196,
                "LOTE": 8,
                "PLAZO_MESE": 18,
                "FECHA_INI": "11/02/2026",
                "CTO": "25OO111B2826",
                "Shape_Leng": 10582.2843881,
                "ESTABILIZADO": 0
            },
            "geometry": {
                "type": "MultiLineString",
                "coordinates": [
                    [
                        [
                            -75.7193488148248,
                            6.867830374834146
                        ],
                        [
                            -75.71964320378588,
                            6.869587743984456
                        ],
                        [
                            -75.71919721859585,
                            6.871293740244089
                        ],
                        [
                            -75.71853001502068,
                            6.871625410722081
                        ],
                        [
                            -75.71828730824826,
                            6.872465711458693
                        ],
                        [
                            -75.71774914804946,
                            6.872909438526924
                        ],
                        [
                            -75.71760751780758,
                            6.873823594221941
                        ],
                        [
                            -75.71678248044323,
                            6.875417095295257
                        ],
                        [
                            -75.7162243646235,
                            6.875911843423202
                        ],
                        [
                            -75.71567177693227,
                            6.877476564814951
                        ],
                        [
                            -75.71163697255287,
                            6.883167408834009
                        ],
                        [
                            -75.70944805128254,
                            6.884369080092831
                        ],
                        [
                            -75.70820415652022,
                            6.885436740616471
                        ],
                        [
                            -75.70796770731455,
                            6.886928411029202
                        ],
                        [
                            -75.7070748467871,
                            6.887882103058527
                        ],
                        [
                            -75.70669472719295,
                            6.890471191615739
                        ],
                        [
                            -75.70743696634982,
                            6.89159215327886
                        ],
                        [
                            -75.70811860377648,
                            6.891870671649367
                        ],
                        [
                            -75.70857775274348,
                            6.892962730666327
                        ],
                        [
                            -75.70729352231965,
                            6.894069011908819
                        ],
                        [
                            -75.70753059788007,
                            6.894645187799221
                        ],
                        [
                            -75.70690276062987,
                            6.895657009376123
                        ],
                        [
                            -75.70698713776156,
                            6.896231299586731
                        ],
                        [
                            -75.7064633575289,
                            6.897209072929167
                        ],
                        [
                            -75.70521628054571,
                            6.897797007344762
                        ],
                        [
                            -75.70489711796645,
                            6.898506970576299
                        ],
                        [
                            -75.70331568069012,
                            6.90010836188454
                        ],
                        [
                            -75.7035228757064,
                            6.900538534715681
                        ],
                        [
                            -75.70405196286086,
                            6.900632405211413
                        ],
                        [
                            -75.70457545668874,
                            6.89964002326304
                        ],
                        [
                            -75.70536043483511,
                            6.899093714235489
                        ],
                        [
                            -75.7049250040892,
                            6.900452595924642
                        ],
                        [
                            -75.70527043715572,
                            6.901262389074587
                        ],
                        [
                            -75.70529198251242,
                            6.902729220464919
                        ],
                        [
                            -75.70485995685554,
                            6.903412352736241
                        ],
                        [
                            -75.70537766121589,
                            6.905352246974569
                        ],
                        [
                            -75.70491047425855,
                            6.906799961297563
                        ],
                        [
                            -75.70537185364135,
                            6.907436769169345
                        ],
                        [
                            -75.70608637731331,
                            6.907362995617628
                        ],
                        [
                            -75.70643168407578,
                            6.907867244962111
                        ],
                        [
                            -75.70717716492771,
                            6.908216970183274
                        ],
                        [
                            -75.70678504663113,
                            6.908618938929822
                        ],
                        [
                            -75.70607434982739,
                            6.908625751295348
                        ],
                        [
                            -75.70566992129739,
                            6.909064289130201
                        ],
                        [
                            -75.7055199807796,
                            6.910370580808282
                        ],
                        [
                            -75.7049943226424,
                            6.911056014925801
                        ],
                        [
                            -75.70500703149477,
                            6.912373250260065
                        ],
                        [
                            -75.70434890673904,
                            6.913241055816504
                        ],
                        [
                            -75.70412066390693,
                            6.914153274551631
                        ],
                        [
                            -75.70364190896123,
                            6.91453838083412
                        ],
                        [
                            -75.70336376716548,
                            6.914367762167761
                        ],
                        [
                            -75.70376324325103,
                            6.913432014552778
                        ],
                        [
                            -75.70331985241774,
                            6.911600894094147
                        ],
                        [
                            -75.70314225432888,
                            6.911840575291349
                        ],
                        [
                            -75.70339177806247,
                            6.912414438923572
                        ],
                        [
                            -75.70249778240566,
                            6.914009195370808
                        ],
                        [
                            -75.70333145354151,
                            6.916427964167827
                        ],
                        [
                            -75.7023044802705,
                            6.920216032508675
                        ],
                        [
                            -75.70290728613996,
                            6.923491147362723
                        ],
                        [
                            -75.7024292335072,
                            6.924625879637509
                        ],
                        [
                            -75.7027572024876,
                            6.928064347223255
                        ],
                        [
                            -75.70471026831542,
                            6.930040398601992
                        ],
                        [
                            -75.70454110055466,
                            6.930436064356864
                        ],
                        [
                            -75.70362611257406,
                            6.930680027453839
                        ],
                        [
                            -75.7044527266271,
                            6.931365432815555
                        ],
                        [
                            -75.70419535314603,
                            6.93289815402448
                        ],
                        [
                            -75.70448611303772,
                            6.934560723511789
                        ],
                        [
                            -75.7036046160378,
                            6.935840689859239
                        ],
                        [
                            -75.70357048097925,
                            6.938445644845864
                        ]
                    ]
                ]
            }
        },
        {
            "type": "Feature",
            "properties": {
                "CIRCUITO": "Alto del Cardal - Toledo",
                "LONG_INTER": 15,
                "ORDEN": 3,
                "NOMBRE_VIA": "La Apartada (San José de La Montaña) - Partidas (San Jose de la Montaña) - Toledo - Matanzas",
                "CODIGO_VIA": "62AN18-3-1",
                "MPIO_NOMBR": "SAN JOSÃ‰ DE LA MONTAÃ‘A",
                "SUBREGION": "NORTE",
                "Long_km": 4.17,
                "AV_FISICO": 0.03,
                "AV_FINAN": 0.03,
                "CONTRATIST": "CONSORCIO VIAS ANTIOQUIA NORTE",
                "INTERV": "RENTAN - CONSORCIO INTERVIALES 2025",
                "VALOR_CTO": 124487403196,
                "LOTE": 8,
                "PLAZO_MESE": 18,
                "FECHA_INI": "11/02/2026",
                "CTO": "25OO111B2826",
                "Shape_Leng": 4024.7153096,
                "ESTABILIZADO": 0
            },
            "geometry": {
                "type": "MultiLineString",
                "coordinates": [
                    [
                        [
                            -75.70669908179022,
                            6.845359204884599
                        ],
                        [
                            -75.70703941844653,
                            6.845005463206961
                        ],
                        [
                            -75.70762737192443,
                            6.845058703035375
                        ],
                        [
                            -75.70805061474628,
                            6.846308078476193
                        ],
                        [
                            -75.70863137913655,
                            6.846616421088857
                        ],
                        [
                            -75.70878049667967,
                            6.847481727384336
                        ],
                        [
                            -75.70850438616338,
                            6.848013159028118
                        ],
                        [
                            -75.70897902833593,
                            6.848765481439025
                        ],
                        [
                            -75.70996785521736,
                            6.849461269594454
                        ],
                        [
                            -75.71019648402614,
                            6.850934011802857
                        ],
                        [
                            -75.71059477088713,
                            6.851367491815219
                        ],
                        [
                            -75.71108839467348,
                            6.853256828860412
                        ],
                        [
                            -75.71179461454818,
                            6.853264532602256
                        ],
                        [
                            -75.71261582254336,
                            6.853949530619587
                        ],
                        [
                            -75.71273847043638,
                            6.855208513368165
                        ],
                        [
                            -75.71330838351031,
                            6.855653697891698
                        ],
                        [
                            -75.71386970062656,
                            6.856965014343108
                        ],
                        [
                            -75.71514684058933,
                            6.858471760015264
                        ],
                        [
                            -75.71501721181566,
                            6.86002401668629
                        ],
                        [
                            -75.71527721072425,
                            6.860476041205263
                        ],
                        [
                            -75.71556983780032,
                            6.860529841677863
                        ],
                        [
                            -75.7163711965764,
                            6.859538755867226
                        ],
                        [
                            -75.71681944113956,
                            6.858423498820017
                        ],
                        [
                            -75.71740091807916,
                            6.858275022650545
                        ],
                        [
                            -75.71776804622509,
                            6.858549092824643
                        ],
                        [
                            -75.71802788517765,
                            6.860648017765858
                        ],
                        [
                            -75.71729102905687,
                            6.861937371180816
                        ],
                        [
                            -75.71737125784873,
                            6.863122522503148
                        ],
                        [
                            -75.71838306029302,
                            6.862901086524691
                        ],
                        [
                            -75.71856866665966,
                            6.863185896790886
                        ],
                        [
                            -75.7183996500832,
                            6.863697038228038
                        ],
                        [
                            -75.71776764992025,
                            6.863829674052207
                        ],
                        [
                            -75.71709637566113,
                            6.86458181113646
                        ],
                        [
                            -75.7179057914516,
                            6.86480274432908
                        ],
                        [
                            -75.71877523324676,
                            6.865731143773652
                        ],
                        [
                            -75.7193488148248,
                            6.867830374834146
                        ]
                    ]
                ]
            }
        },
        {
            "type": "Feature",
            "properties": {
                "CIRCUITO": "Santa Rosa - Carolina del Príncipe",
                "LONG_INTER": 33.67,
                "ORDEN": 2,
                "NOMBRE_VIA": "El Roble (Ruta 25) - La Ye (Partidas Angostura) - La Herradura",
                "CODIGO_VIA": "25AN09",
                "MPIO_NOMBR": "CAROLINA",
                "SUBREGION": "NORTE",
                "Long_km": 16.94,
                "AV_FISICO": 0.03,
                "AV_FINAN": 0.03,
                "CONTRATIST": "CONSORCIO VIAS ANTIOQUIA NORTE",
                "INTERV": "RENTAN - CONSORCIO INTERVIALES 2025",
                "VALOR_CTO": 124487403196,
                "LOTE": 8,
                "PLAZO_MESE": 18,
                "FECHA_INI": "11/02/2026",
                "CTO": "25OO111B2826",
                "Shape_Leng": 16348.0578852,
                "ESTABILIZADO": 0
            },
            "geometry": {
                "type": "MultiLineString",
                "coordinates": [
                    [
                        [
                            -75.33730127351039,
                            6.785879998579938
                        ],
                        [
                            -75.33682664575473,
                            6.786169729385054
                        ],
                        [
                            -75.33540441392212,
                            6.784827813921309
                        ],
                        [
                            -75.33251414064823,
                            6.785214308503215
                        ],
                        [
                            -75.33142041561545,
                            6.783870141952754
                        ],
                        [
                            -75.33193550529282,
                            6.78313680320498
                        ],
                        [
                            -75.33186412262619,
                            6.782434221366749
                        ],
                        [
                            -75.3297113920349,
                            6.780448501697563
                        ],
                        [
                            -75.32892581405527,
                            6.780351258612184
                        ],
                        [
                            -75.32873221226774,
                            6.779548330076224
                        ],
                        [
                            -75.32767572203893,
                            6.779495024490533
                        ],
                        [
                            -75.32700687954394,
                            6.780311053674357
                        ],
                        [
                            -75.32643246274415,
                            6.780401641534429
                        ],
                        [
                            -75.32628214897044,
                            6.781031564991701
                        ],
                        [
                            -75.32531080135324,
                            6.780623552625037
                        ],
                        [
                            -75.32427415641229,
                            6.782272482866104
                        ],
                        [
                            -75.32382089493922,
                            6.780544301593999
                        ],
                        [
                            -75.32423737879887,
                            6.779557012955099
                        ],
                        [
                            -75.32387992458227,
                            6.779240627683789
                        ],
                        [
                            -75.32325030547123,
                            6.779791767822894
                        ],
                        [
                            -75.32239795003444,
                            6.779569221438734
                        ],
                        [
                            -75.32240853320145,
                            6.780368772620625
                        ],
                        [
                            -75.32110772941736,
                            6.781498283456875
                        ],
                        [
                            -75.31974454754042,
                            6.780559183465129
                        ],
                        [
                            -75.31867688843188,
                            6.780573618308924
                        ],
                        [
                            -75.31844533042357,
                            6.780985766108561
                        ],
                        [
                            -75.31858821471653,
                            6.782822933763184
                        ],
                        [
                            -75.31936376866622,
                            6.783243518058972
                        ],
                        [
                            -75.3197507533032,
                            6.783910663397061
                        ],
                        [
                            -75.31883024165359,
                            6.784288545700643
                        ],
                        [
                            -75.31854199194322,
                            6.785832319277041
                        ],
                        [
                            -75.31687422155471,
                            6.786347639607293
                        ],
                        [
                            -75.31660948967034,
                            6.785237597815115
                        ],
                        [
                            -75.31563986813867,
                            6.78542275230992
                        ],
                        [
                            -75.31531340217558,
                            6.784934396157383
                        ],
                        [
                            -75.31464778097914,
                            6.784775932359939
                        ],
                        [
                            -75.31395354632973,
                            6.785439161577199
                        ],
                        [
                            -75.31427821207403,
                            6.78641951726589
                        ],
                        [
                            -75.31311506485677,
                            6.78928785848991
                        ],
                        [
                            -75.31330373165402,
                            6.790906068880161
                        ],
                        [
                            -75.31202315238008,
                            6.791829352829765
                        ],
                        [
                            -75.31174333274394,
                            6.794566662791842
                        ],
                        [
                            -75.31129023486183,
                            6.795519591010889
                        ],
                        [
                            -75.31151891217328,
                            6.797433643268145
                        ],
                        [
                            -75.31131358337164,
                            6.799236951146446
                        ],
                        [
                            -75.31201007045694,
                            6.800654553042487
                        ],
                        [
                            -75.31178286710119,
                            6.801453212609727
                        ],
                        [
                            -75.3110325461978,
                            6.802230090693036
                        ],
                        [
                            -75.31025264112172,
                            6.802414885416277
                        ],
                        [
                            -75.30719912898277,
                            6.802292892244409
                        ],
                        [
                            -75.30614168539857,
                            6.80178439335835
                        ],
                        [
                            -75.30480649721076,
                            6.802355259514169
                        ],
                        [
                            -75.3027187101229,
                            6.802259136217307
                        ],
                        [
                            -75.30190711213803,
                            6.803412583177934
                        ],
                        [
                            -75.30223523445608,
                            6.804109399339165
                        ],
                        [
                            -75.30210426844356,
                            6.805614521582825
                        ],
                        [
                            -75.30146202308082,
                            6.806089167317325
                        ],
                        [
                            -75.3007652213472,
                            6.806155618021934
                        ],
                        [
                            -75.30015359432686,
                            6.806902088646653
                        ],
                        [
                            -75.29981198767655,
                            6.806730426059074
                        ]
                    ],
                    [
                        [
                            -75.38132267027784,
                            6.764975674594119
                        ],
                        [
                            -75.38067855372894,
                            6.765352966957649
                        ],
                        [
                            -75.37997226242646,
                            6.765032614317412
                        ],
                        [
                            -75.37961619944018,
                            6.76522011186159
                        ],
                        [
                            -75.37927261418636,
                            6.766312881745915
                        ],
                        [
                            -75.37796445839005,
                            6.768507489360222
                        ],
                        [
                            -75.37720675970101,
                            6.76860594570541
                        ],
                        [
                            -75.37681832141931,
                            6.768036151222152
                        ],
                        [
                            -75.37646180370166,
                            6.767989952042549
                        ],
                        [
                            -75.37477482041668,
                            6.768761540575089
                        ],
                        [
                            -75.37404517025146,
                            6.769792969272442
                        ],
                        [
                            -75.37338221419706,
                            6.769832121619434
                        ],
                        [
                            -75.3729634725449,
                            6.771177828312558
                        ],
                        [
                            -75.3722214459254,
                            6.772061507963283
                        ],
                        [
                            -75.37154470053149,
                            6.772241307831362
                        ],
                        [
                            -75.37133330440598,
                            6.772582974587857
                        ],
                        [
                            -75.37154749357735,
                            6.773093227474405
                        ],
                        [
                            -75.37210482480972,
                            6.773379484385528
                        ],
                        [
                            -75.37198099259042,
                            6.773878148408064
                        ],
                        [
                            -75.37052017621599,
                            6.774982017247784
                        ],
                        [
                            -75.36969848113381,
                            6.775196008767493
                        ],
                        [
                            -75.36952966649244,
                            6.775680683333451
                        ],
                        [
                            -75.3689898270445,
                            6.775581916688744
                        ],
                        [
                            -75.36853759071882,
                            6.77589241250897
                        ],
                        [
                            -75.36874377564884,
                            6.778157022388715
                        ],
                        [
                            -75.36774566554983,
                            6.778518956110671
                        ],
                        [
                            -75.36735690935569,
                            6.777137067244461
                        ],
                        [
                            -75.36665836574616,
                            6.77661001943604
                        ],
                        [
                            -75.36515883902207,
                            6.777550962170112
                        ],
                        [
                            -75.3640912379926,
                            6.777464166476284
                        ],
                        [
                            -75.36384457635933,
                            6.779192640712499
                        ],
                        [
                            -75.36260135896464,
                            6.778707791967215
                        ],
                        [
                            -75.35958817251701,
                            6.779883477936484
                        ],
                        [
                            -75.35895950343419,
                            6.779720198249795
                        ],
                        [
                            -75.35661127839762,
                            6.780366439981762
                        ],
                        [
                            -75.35584916921519,
                            6.780296018247435
                        ],
                        [
                            -75.35528848704735,
                            6.781043590861721
                        ],
                        [
                            -75.35548068725802,
                            6.782806118963554
                        ],
                        [
                            -75.35522283834919,
                            6.784372961353208
                        ],
                        [
                            -75.35315213448298,
                            6.784738147872216
                        ],
                        [
                            -75.35247727207873,
                            6.785395464857274
                        ],
                        [
                            -75.352468216458,
                            6.785960994306143
                        ],
                        [
                            -75.35199962677527,
                            6.785881539034668
                        ],
                        [
                            -75.35129310179987,
                            6.785192360910443
                        ],
                        [
                            -75.35061763930804,
                            6.78558471065493
                        ],
                        [
                            -75.35033003429362,
                            6.7844869863484
                        ],
                        [
                            -75.34848984533923,
                            6.781899240715314
                        ],
                        [
                            -75.34763966452826,
                            6.782413059966196
                        ],
                        [
                            -75.34767791415929,
                            6.783744336971548
                        ],
                        [
                            -75.34658294583792,
                            6.783480376457881
                        ],
                        [
                            -75.3460358356868,
                            6.783782068544207
                        ],
                        [
                            -75.34624355555559,
                            6.784560456624865
                        ],
                        [
                            -75.34531457299191,
                            6.784122960925604
                        ],
                        [
                            -75.34477013768796,
                            6.783394566539429
                        ],
                        [
                            -75.3438746711767,
                            6.783238482020065
                        ],
                        [
                            -75.34362391839245,
                            6.78405398179758
                        ],
                        [
                            -75.3426092899016,
                            6.784202173405507
                        ],
                        [
                            -75.3423582275577,
                            6.785340114033919
                        ],
                        [
                            -75.34177564099612,
                            6.784567767401795
                        ],
                        [
                            -75.34132324500614,
                            6.78446688330282
                        ],
                        [
                            -75.34090992330594,
                            6.785183079180452
                        ],
                        [
                            -75.34029149790885,
                            6.784756502179399
                        ],
                        [
                            -75.3396527387935,
                            6.784946284639222
                        ],
                        [
                            -75.33949702767984,
                            6.785892131346728
                        ],
                        [
                            -75.33842133313512,
                            6.78549386587457
                        ],
                        [
                            -75.33730127351039,
                            6.785879998579938
                        ]
                    ],
                    [
                        [
                            -75.33730127351039,
                            6.785879998579938
                        ],
                        [
                            -75.33731082680293,
                            6.785874838882578
                        ],
                        [
                            -75.3373085635673,
                            6.785872583785144
                        ],
                        [
                            -75.33730127351039,
                            6.785879998579938
                        ]
                    ]
                ]
            }
        },
        {
            "type": "Feature",
            "properties": {
                "CIRCUITO": "Santa Rosa - Carolina del Príncipe",
                "LONG_INTER": 33.67,
                "ORDEN": 2,
                "NOMBRE_VIA": "El Roble (Ruta 25) - La Ye (Partidas Angostura) - La Herradura",
                "CODIGO_VIA": "25AN09",
                "MPIO_NOMBR": "SANTA ROSA DE OSOS",
                "SUBREGION": "NORTE",
                "Long_km": 16.73,
                "AV_FISICO": 0.03,
                "AV_FINAN": 0.03,
                "CONTRATIST": "CONSORCIO VIAS ANTIOQUIA NORTE",
                "INTERV": "RENTAN - CONSORCIO INTERVIALES 2025",
                "VALOR_CTO": 124487403196,
                "LOTE": 8,
                "PLAZO_MESE": 18,
                "FECHA_INI": "11/02/2026",
                "CTO": "25OO111B2826",
                "Shape_Leng": 16344.808899,
                "ESTABILIZADO": 0
            },
            "geometry": {
                "type": "MultiLineString",
                "coordinates": [
                    [
                        [
                            -75.40764956628604,
                            6.751520544907283
                        ],
                        [
                            -75.40821617530692,
                            6.751907032677301
                        ],
                        [
                            -75.40874855731754,
                            6.75287687893987
                        ],
                        [
                            -75.4083820718289,
                            6.753531625685226
                        ],
                        [
                            -75.40789116518503,
                            6.752923435193377
                        ],
                        [
                            -75.40750200872498,
                            6.753099916045686
                        ],
                        [
                            -75.40755435053686,
                            6.753678451464133
                        ],
                        [
                            -75.40802598553586,
                            6.754121016898677
                        ],
                        [
                            -75.40796574233688,
                            6.755273091969087
                        ],
                        [
                            -75.40671523577265,
                            6.75685313470015
                        ],
                        [
                            -75.40593101850295,
                            6.757017572232029
                        ],
                        [
                            -75.40556748968913,
                            6.757473615835508
                        ],
                        [
                            -75.40501776232509,
                            6.757491362310224
                        ],
                        [
                            -75.40432685566046,
                            6.758051309068093
                        ],
                        [
                            -75.40422557898471,
                            6.758482196711908
                        ],
                        [
                            -75.40472255706898,
                            6.759731316236994
                        ],
                        [
                            -75.40431474773416,
                            6.760312651613598
                        ],
                        [
                            -75.40367972576267,
                            6.760299021075679
                        ],
                        [
                            -75.40332012803938,
                            6.760629885250666
                        ],
                        [
                            -75.40263978664026,
                            6.760458134063088
                        ],
                        [
                            -75.4017302177429,
                            6.760919187634298
                        ],
                        [
                            -75.40077261966968,
                            6.760343351673924
                        ],
                        [
                            -75.39943970974039,
                            6.761035581265409
                        ],
                        [
                            -75.39902412490487,
                            6.762638539868952
                        ],
                        [
                            -75.39707591998426,
                            6.763496376338273
                        ],
                        [
                            -75.39618229720185,
                            6.763230065029806
                        ],
                        [
                            -75.39575762450131,
                            6.763783684674481
                        ],
                        [
                            -75.39509444516973,
                            6.76350346073697
                        ],
                        [
                            -75.39486428205022,
                            6.764064205542184
                        ],
                        [
                            -75.39375423630236,
                            6.76451462781959
                        ],
                        [
                            -75.39298087111084,
                            6.763903124372868
                        ],
                        [
                            -75.39231706308054,
                            6.764283043585648
                        ],
                        [
                            -75.39009862609835,
                            6.763211568836158
                        ],
                        [
                            -75.3892656310775,
                            6.763620432239598
                        ],
                        [
                            -75.38865164317562,
                            6.763489285042962
                        ],
                        [
                            -75.3879985484957,
                            6.764175548738807
                        ],
                        [
                            -75.38522531006835,
                            6.763897796228379
                        ],
                        [
                            -75.38491479431318,
                            6.764466762236524
                        ],
                        [
                            -75.38419594654957,
                            6.76437944924001
                        ],
                        [
                            -75.38315168023951,
                            6.763418925797628
                        ],
                        [
                            -75.38132267027784,
                            6.764975674594119
                        ]
                    ],
                    [
                        [
                            -75.40764956628604,
                            6.751520544907283
                        ],
                        [
                            -75.40764999298946,
                            6.751520828504583
                        ],
                        [
                            -75.40764809163672,
                            6.751520977430003
                        ],
                        [
                            -75.40764956628604,
                            6.751520544907283
                        ]
                    ],
                    [
                        [
                            -75.46530293987013,
                            6.694954730273777
                        ],
                        [
                            -75.46389584373267,
                            6.696755257795023
                        ],
                        [
                            -75.4623635503943,
                            6.697292103484028
                        ],
                        [
                            -75.46086584111555,
                            6.697010901382916
                        ],
                        [
                            -75.46045288571436,
                            6.697454533516544
                        ],
                        [
                            -75.46072330130042,
                            6.698277844887595
                        ],
                        [
                            -75.46015777099474,
                            6.698129441873435
                        ],
                        [
                            -75.45940285947104,
                            6.698718748109425
                        ],
                        [
                            -75.45861727273028,
                            6.698735788430924
                        ],
                        [
                            -75.4588568313332,
                            6.697860728234826
                        ],
                        [
                            -75.45825398818985,
                            6.696963898760671
                        ],
                        [
                            -75.45710406715138,
                            6.696701176255583
                        ],
                        [
                            -75.45664894260206,
                            6.697102863417824
                        ],
                        [
                            -75.45656206763111,
                            6.697911812622542
                        ],
                        [
                            -75.45540394144577,
                            6.6975404570903
                        ],
                        [
                            -75.4526243192895,
                            6.698890446609087
                        ],
                        [
                            -75.45075164041315,
                            6.698396440157953
                        ],
                        [
                            -75.44905596356925,
                            6.698510054444522
                        ],
                        [
                            -75.448310300466,
                            6.699383824189216
                        ],
                        [
                            -75.4467195160735,
                            6.699710549483034
                        ],
                        [
                            -75.44518733249507,
                            6.699395676384474
                        ],
                        [
                            -75.4447911374169,
                            6.69822063839638
                        ],
                        [
                            -75.44446837719225,
                            6.698103924329947
                        ],
                        [
                            -75.44331927821135,
                            6.699940333298586
                        ],
                        [
                            -75.44287345689521,
                            6.699993527323683
                        ],
                        [
                            -75.44060523926376,
                            6.699094068258753
                        ],
                        [
                            -75.43985004939447,
                            6.699630659897442
                        ],
                        [
                            -75.43844702833873,
                            6.700056441047386
                        ],
                        [
                            -75.43726026585618,
                            6.700986808387488
                        ],
                        [
                            -75.4369122217519,
                            6.701538559087556
                        ],
                        [
                            -75.43693013680681,
                            6.702627133767458
                        ],
                        [
                            -75.43561592878216,
                            6.704988648450042
                        ],
                        [
                            -75.43547710506853,
                            6.706346200529992
                        ],
                        [
                            -75.43382374180861,
                            6.707119387688173
                        ],
                        [
                            -75.43193466537204,
                            6.708564864676867
                        ],
                        [
                            -75.43120428148379,
                            6.712562575377595
                        ],
                        [
                            -75.42932632986809,
                            6.716592641029067
                        ],
                        [
                            -75.42822041182112,
                            6.718108208537863
                        ],
                        [
                            -75.4273071389012,
                            6.721044703394579
                        ],
                        [
                            -75.42824073710979,
                            6.722810021676
                        ],
                        [
                            -75.42904171733608,
                            6.72348718557248
                        ],
                        [
                            -75.42901867381032,
                            6.724300865195119
                        ],
                        [
                            -75.42976962363053,
                            6.725351443449495
                        ],
                        [
                            -75.42919178051783,
                            6.728977427745782
                        ],
                        [
                            -75.43016378410216,
                            6.731088234270436
                        ],
                        [
                            -75.42998682241975,
                            6.731647021317271
                        ],
                        [
                            -75.42832167603832,
                            6.733054838347587
                        ],
                        [
                            -75.4280170947053,
                            6.735913980154344
                        ],
                        [
                            -75.42758018543087,
                            6.736266973446813
                        ],
                        [
                            -75.42513074723294,
                            6.736686558951034
                        ],
                        [
                            -75.42275875293532,
                            6.739666834556679
                        ],
                        [
                            -75.42091545333459,
                            6.73952091881902
                        ],
                        [
                            -75.4198979196924,
                            6.740559408225097
                        ],
                        [
                            -75.41869589255101,
                            6.740610571530723
                        ],
                        [
                            -75.41794236815382,
                            6.742484107941822
                        ],
                        [
                            -75.4167986844204,
                            6.742749037669115
                        ],
                        [
                            -75.41619699797408,
                            6.743384199919655
                        ],
                        [
                            -75.41491636286689,
                            6.743683739707643
                        ],
                        [
                            -75.41383750748513,
                            6.745854787568295
                        ],
                        [
                            -75.4120748495101,
                            6.74599124488613
                        ],
                        [
                            -75.41007118160935,
                            6.74675990753333
                        ],
                        [
                            -75.40787579342724,
                            6.748472706056342
                        ],
                        [
                            -75.40807655443768,
                            6.749215753365896
                        ],
                        [
                            -75.40788665017946,
                            6.750337628795888
                        ],
                        [
                            -75.40728716970978,
                            6.751140032503448
                        ],
                        [
                            -75.40764956628604,
                            6.751520544907283
                        ]
                    ]
                ]
            }
        },
        {
            "type": "Feature",
            "properties": {
                "CIRCUITO": "Mutata - Pavarando",
                "LONG_INTER": 10,
                "ORDEN": 3,
                "NOMBRE_VIA": "Mutatá - Pavarando Grande",
                "CODIGO_VIA": "62AN06",
                "MPIO_NOMBR": "MUTATÁ",
                "SUBREGION": "URABÁ",
                "Long_km": 10,
                "AV_FISICO": 0.03,
                "AV_FINAN": 0.03,
                "CONTRATIST": "CONSORCIO URABÁ 25",
                "INTERV": "RENTAN - GRUPO INTECON S.A.S",
                "VALOR_CTO": 144973755369,
                "LOTE": 3,
                "PLAZO_MESE": 18,
                "FECHA_INI": "04/02/2026",
                "CTO": "25OO111B2822",
                "Shape_Leng": 9917.1664447,
                "ESTABILIZADO": 0
            },
            "geometry": {
                "type": "MultiLineString",
                "coordinates": [
                    [
                        [
                            -76.43258492921045,
                            7.235025227897493
                        ],
                        [
                            -76.43281165975341,
                            7.235019008251458
                        ],
                        [
                            -76.43363546403862,
                            7.236431043497862
                        ],
                        [
                            -76.43425168210955,
                            7.236606100346779
                        ],
                        [
                            -76.43530458005327,
                            7.234608902865227
                        ],
                        [
                            -76.43778049842132,
                            7.23120674030093
                        ],
                        [
                            -76.43764293148968,
                            7.2296481956486
                        ],
                        [
                            -76.44070328498236,
                            7.229649791305382
                        ],
                        [
                            -76.44226873024847,
                            7.228712251149183
                        ],
                        [
                            -76.44389551653806,
                            7.2288840051871
                        ],
                        [
                            -76.44477282076826,
                            7.228538848076588
                        ],
                        [
                            -76.44572370745918,
                            7.229285992658095
                        ],
                        [
                            -76.44621575401266,
                            7.229166436307256
                        ],
                        [
                            -76.45436657705392,
                            7.219774814417087
                        ],
                        [
                            -76.45438348295286,
                            7.219295236208286
                        ],
                        [
                            -76.45272364969104,
                            7.216180508779814
                        ],
                        [
                            -76.45425115449876,
                            7.21509867265402
                        ],
                        [
                            -76.45481022833692,
                            7.215090724945895
                        ],
                        [
                            -76.45534947954184,
                            7.215562438347614
                        ],
                        [
                            -76.45480038379236,
                            7.216551288282848
                        ],
                        [
                            -76.4549069068227,
                            7.216790785657926
                        ],
                        [
                            -76.45591950649899,
                            7.217094246540798
                        ],
                        [
                            -76.45642281534491,
                            7.21766852020009
                        ],
                        [
                            -76.46064663285748,
                            7.21863456757686
                        ],
                        [
                            -76.46124274218143,
                            7.219432090470574
                        ],
                        [
                            -76.4633767319089,
                            7.220210193723571
                        ],
                        [
                            -76.4646665141,
                            7.224931687033374
                        ],
                        [
                            -76.46455155505514,
                            7.227264468415756
                        ],
                        [
                            -76.46643395524995,
                            7.230600782733774
                        ],
                        [
                            -76.47391769812732,
                            7.237377377093218
                        ],
                        [
                            -76.49139916298329,
                            7.243094689726029
                        ]
                    ]
                ]
            }
        },
        {
            "type": "Feature",
            "properties": {
                "CIRCUITO": "San Pedro de Urabá - Arboletes",
                "LONG_INTER": 30,
                "ORDEN": 3,
                "NOMBRE_VIA": "San Pedro de Urabá - El Tambito",
                "CODIGO_VIA": "62AN02-2",
                "MPIO_NOMBR": "ARBOLETES",
                "SUBREGION": "URABÁ",
                "Long_km": 25.2,
                "AV_FISICO": 0.03,
                "AV_FINAN": 0.03,
                "CONTRATIST": "CONSORCIO URABÁ 25",
                "INTERV": "RENTAN - GRUPO INTECON S.A.S",
                "VALOR_CTO": 144973755369,
                "LOTE": 3,
                "PLAZO_MESE": 18,
                "FECHA_INI": "04/02/2026",
                "CTO": "25OO111B2822",
                "Shape_Leng": 24676.9012216,
                "ESTABILIZADO": 0
            },
            "geometry": {
                "type": "MultiLineString",
                "coordinates": [
                    [
                        [
                            -76.42708038396235,
                            8.847057987094626
                        ],
                        [
                            -76.43218933905801,
                            8.835385004530021
                        ],
                        [
                            -76.43248389108848,
                            8.833445182931689
                        ],
                        [
                            -76.43170768679956,
                            8.830343779335662
                        ],
                        [
                            -76.43221663122449,
                            8.829448825136746
                        ],
                        [
                            -76.43221816628456,
                            8.827777470851114
                        ],
                        [
                            -76.4319747699196,
                            8.827280483203463
                        ],
                        [
                            -76.43069228686166,
                            8.82627047730037
                        ],
                        [
                            -76.43045750032677,
                            8.825631292680145
                        ],
                        [
                            -76.4308337931355,
                            8.824953607918905
                        ],
                        [
                            -76.42991085315612,
                            8.823716588544087
                        ],
                        [
                            -76.42988123852342,
                            8.822656381946793
                        ],
                        [
                            -76.42902337800612,
                            8.8220056951935
                        ],
                        [
                            -76.42807664262234,
                            8.821887784921836
                        ],
                        [
                            -76.42532606904355,
                            8.820513929283667
                        ],
                        [
                            -76.42495513444905,
                            8.81694477253831
                        ],
                        [
                            -76.42419865945847,
                            8.81439355552024
                        ],
                        [
                            -76.42088455903902,
                            8.81234206428646
                        ],
                        [
                            -76.41991478454098,
                            8.80970037508999
                        ],
                        [
                            -76.41972339737424,
                            8.808264831202651
                        ],
                        [
                            -76.41915614029422,
                            8.807307380545065
                        ],
                        [
                            -76.41931615273758,
                            8.806185624067163
                        ],
                        [
                            -76.41912323818826,
                            8.805676935516539
                        ],
                        [
                            -76.41815097131949,
                            8.805652577965093
                        ],
                        [
                            -76.41652022849543,
                            8.805012510577958
                        ],
                        [
                            -76.41651625651802,
                            8.804589959506666
                        ],
                        [
                            -76.41722991848437,
                            8.80365488008859
                        ],
                        [
                            -76.41727763584035,
                            8.802479857750866
                        ],
                        [
                            -76.4166111955893,
                            8.801552489595988
                        ],
                        [
                            -76.41586734809559,
                            8.798513560340682
                        ],
                        [
                            -76.41533438068316,
                            8.797856056715357
                        ],
                        [
                            -76.41547161543187,
                            8.79625467460579
                        ],
                        [
                            -76.41606833536846,
                            8.79578843221328
                        ],
                        [
                            -76.41622964600491,
                            8.795097105038167
                        ],
                        [
                            -76.41866526467248,
                            8.794221525126941
                        ],
                        [
                            -76.41910467100148,
                            8.793739267819817
                        ],
                        [
                            -76.41979738393152,
                            8.79380081425339
                        ],
                        [
                            -76.42003032217137,
                            8.793563355283279
                        ],
                        [
                            -76.41948559107615,
                            8.792468467844765
                        ],
                        [
                            -76.41858091335934,
                            8.79178435499183
                        ],
                        [
                            -76.41813581033774,
                            8.790262607353473
                        ],
                        [
                            -76.41725509665314,
                            8.790217548822355
                        ],
                        [
                            -76.41655082848848,
                            8.789550135052417
                        ],
                        [
                            -76.41651526425184,
                            8.78850380649591
                        ],
                        [
                            -76.41775345701473,
                            8.78686740260219
                        ],
                        [
                            -76.42103264548946,
                            8.78584770322998
                        ],
                        [
                            -76.42185561171794,
                            8.784897954318165
                        ],
                        [
                            -76.4212952523652,
                            8.784155650958596
                        ],
                        [
                            -76.42208702517377,
                            8.783780911004845
                        ],
                        [
                            -76.42245556679893,
                            8.783062680203706
                        ],
                        [
                            -76.42244916136552,
                            8.781038369434023
                        ],
                        [
                            -76.42285225102616,
                            8.779799170341452
                        ],
                        [
                            -76.42228632172565,
                            8.77862204564315
                        ],
                        [
                            -76.42235626328424,
                            8.777445149906486
                        ],
                        [
                            -76.42150901778137,
                            8.776500516507257
                        ],
                        [
                            -76.42074222152635,
                            8.77454898379807
                        ],
                        [
                            -76.42088127488769,
                            8.77333494336033
                        ],
                        [
                            -76.42134220762493,
                            8.772579280773869
                        ],
                        [
                            -76.42095779106428,
                            8.771591298100084
                        ],
                        [
                            -76.42115262309835,
                            8.769884270835457
                        ],
                        [
                            -76.42294306138707,
                            8.767903428729598
                        ],
                        [
                            -76.42438984868706,
                            8.767166742807293
                        ],
                        [
                            -76.42415911493397,
                            8.765111082120164
                        ],
                        [
                            -76.42604544655458,
                            8.764148465676154
                        ],
                        [
                            -76.42735950382273,
                            8.762566289956492
                        ],
                        [
                            -76.42722186552669,
                            8.761028277569228
                        ],
                        [
                            -76.42791822121876,
                            8.760266643661742
                        ],
                        [
                            -76.42874252495952,
                            8.758002243221469
                        ],
                        [
                            -76.42861119405664,
                            8.757681365497765
                        ],
                        [
                            -76.4274517832817,
                            8.757288375061936
                        ],
                        [
                            -76.42822163356954,
                            8.756611301825622
                        ],
                        [
                            -76.42800226593194,
                            8.7558915280881
                        ],
                        [
                            -76.4269133182774,
                            8.755803749116444
                        ],
                        [
                            -76.4265349355837,
                            8.75538730068382
                        ],
                        [
                            -76.42685477897552,
                            8.754837931188751
                        ],
                        [
                            -76.42794882101973,
                            8.754546127282433
                        ],
                        [
                            -76.42773510032454,
                            8.75352267079415
                        ],
                        [
                            -76.4284650426084,
                            8.751766531783751
                        ],
                        [
                            -76.4273102811662,
                            8.750143895568167
                        ],
                        [
                            -76.4285554569681,
                            8.74922060685363
                        ],
                        [
                            -76.42824171010577,
                            8.748891426828598
                        ],
                        [
                            -76.42718986488944,
                            8.748649012300312
                        ],
                        [
                            -76.426462435244,
                            8.747859125183375
                        ],
                        [
                            -76.42612045550855,
                            8.745804644678834
                        ],
                        [
                            -76.42432087726853,
                            8.743578097218167
                        ],
                        [
                            -76.42397219996585,
                            8.74173640100372
                        ],
                        [
                            -76.42305623232471,
                            8.741258436171083
                        ],
                        [
                            -76.42298432836722,
                            8.740504392544466
                        ],
                        [
                            -76.42341095171695,
                            8.739788320019166
                        ],
                        [
                            -76.42386242873539,
                            8.739671918969051
                        ],
                        [
                            -76.42388980192298,
                            8.739245657499724
                        ],
                        [
                            -76.42334324142396,
                            8.739024091458088
                        ],
                        [
                            -76.42295204527846,
                            8.738334221474645
                        ],
                        [
                            -76.42183002315079,
                            8.738211469211327
                        ],
                        [
                            -76.4215103977443,
                            8.737773957203604
                        ],
                        [
                            -76.42345799782194,
                            8.736428495761814
                        ],
                        [
                            -76.42330846733584,
                            8.735586396158407
                        ],
                        [
                            -76.424027726208,
                            8.734999039075557
                        ],
                        [
                            -76.42434707448224,
                            8.73388780013058
                        ],
                        [
                            -76.42550906912476,
                            8.732628816005223
                        ],
                        [
                            -76.42581278960016,
                            8.731567642909289
                        ],
                        [
                            -76.42574038177463,
                            8.731127133897251
                        ],
                        [
                            -76.42471483951334,
                            8.730197084196027
                        ],
                        [
                            -76.42421713061243,
                            8.730244634285395
                        ],
                        [
                            -76.42380124288343,
                            8.730724981693337
                        ],
                        [
                            -76.42317252415675,
                            8.730668272951734
                        ],
                        [
                            -76.42286889904557,
                            8.72962304074739
                        ],
                        [
                            -76.4235768386129,
                            8.728358591998411
                        ],
                        [
                            -76.42475861966656,
                            8.727089915772552
                        ],
                        [
                            -76.42478442665688,
                            8.72621392225942
                        ],
                        [
                            -76.42585882871427,
                            8.72508639401938
                        ],
                        [
                            -76.42589833390048,
                            8.724326195789363
                        ],
                        [
                            -76.42667175592487,
                            8.723745209160066
                        ],
                        [
                            -76.42704994846856,
                            8.72294596243813
                        ],
                        [
                            -76.42808427375272,
                            8.723030035925612
                        ],
                        [
                            -76.4277566968195,
                            8.722275237817334
                        ],
                        [
                            -76.42855451004478,
                            8.721756934334957
                        ],
                        [
                            -76.42754801563584,
                            8.719873052017165
                        ],
                        [
                            -76.42852126366544,
                            8.718756159721883
                        ],
                        [
                            -76.42854752494394,
                            8.718172254949774
                        ],
                        [
                            -76.42824949587049,
                            8.717889747360118
                        ],
                        [
                            -76.42692972586387,
                            8.717751837940114
                        ],
                        [
                            -76.42649287720533,
                            8.717239790787463
                        ],
                        [
                            -76.42678718104817,
                            8.71658586376282
                        ],
                        [
                            -76.42679447931039,
                            8.715341027072693
                        ],
                        [
                            -76.4272264581497,
                            8.715180003409367
                        ],
                        [
                            -76.4283402825667,
                            8.715460269371155
                        ],
                        [
                            -76.42866953274691,
                            8.715186318859939
                        ],
                        [
                            -76.42853736598768,
                            8.714379361223994
                        ],
                        [
                            -76.42880643960702,
                            8.713689825207021
                        ],
                        [
                            -76.42819675395805,
                            8.711015670964676
                        ],
                        [
                            -76.42835824598063,
                            8.710371058293543
                        ],
                        [
                            -76.42772735634766,
                            8.709813768224288
                        ],
                        [
                            -76.42745675323839,
                            8.708893071997592
                        ],
                        [
                            -76.42660770963033,
                            8.708648196246202
                        ],
                        [
                            -76.42671174300456,
                            8.708273749527475
                        ],
                        [
                            -76.42788679457685,
                            8.70751595891145
                        ],
                        [
                            -76.42678896352996,
                            8.707060031725986
                        ],
                        [
                            -76.42683205987163,
                            8.70633351770818
                        ],
                        [
                            -76.42609438966416,
                            8.705745085954188
                        ],
                        [
                            -76.42560194502063,
                            8.704831334296577
                        ],
                        [
                            -76.42644975300303,
                            8.703763743900655
                        ],
                        [
                            -76.42544833280078,
                            8.702519569153756
                        ],
                        [
                            -76.42611557658547,
                            8.701222206733515
                        ],
                        [
                            -76.42689759541416,
                            8.700837672919569
                        ],
                        [
                            -76.42789610622899,
                            8.696652657997092
                        ],
                        [
                            -76.42983439273974,
                            8.694899842834747
                        ],
                        [
                            -76.42996209036963,
                            8.69445647699523
                        ],
                        [
                            -76.42905724149824,
                            8.691270193758182
                        ],
                        [
                            -76.42819668351474,
                            8.69049181961782
                        ],
                        [
                            -76.42132269998883,
                            8.687290475035775
                        ],
                        [
                            -76.41725735104785,
                            8.68767844846125
                        ],
                        [
                            -76.41624960399714,
                            8.686155141186305
                        ],
                        [
                            -76.41624943320907,
                            8.684938888696927
                        ],
                        [
                            -76.41554337483537,
                            8.68354965584885
                        ]
                    ]
                ]
            }
        },
        {
            "type": "Feature",
            "properties": {
                "CIRCUITO": "San Pedro - El Tres - Turbo",
                "LONG_INTER": 22,
                "ORDEN": 3,
                "NOMBRE_VIA": "El Tres - San Pedro de Urabá",
                "CODIGO_VIA": "62AN02",
                "MPIO_NOMBR": "TURBO",
                "SUBREGION": "URABÁ",
                "Long_km": 22,
                "AV_FISICO": 0.03,
                "AV_FINAN": 0.03,
                "CONTRATIST": "CONSORCIO URABÁ 25",
                "INTERV": "RENTAN - GRUPO INTECON S.A.S",
                "VALOR_CTO": 144973755369,
                "LOTE": 3,
                "PLAZO_MESE": 18,
                "FECHA_INI": "04/02/2026",
                "CTO": "25OO111B2822",
                "Shape_Leng": 21872.1428726,
                "ESTABILIZADO": 0
            },
            "geometry": {
                "type": "MultiLineString",
                "coordinates": [
                    [
                        [
                            -76.39526545508969,
                            8.28780509785947
                        ],
                        [
                            -76.40175423315574,
                            8.284267565381075
                        ],
                        [
                            -76.40335751078034,
                            8.28437101888344
                        ],
                        [
                            -76.4078829438375,
                            8.285487045055397
                        ],
                        [
                            -76.41143806353487,
                            8.285260695498614
                        ],
                        [
                            -76.41233767666421,
                            8.284763813740536
                        ],
                        [
                            -76.4152062612808,
                            8.282175535640354
                        ],
                        [
                            -76.41742068677883,
                            8.280905156759244
                        ],
                        [
                            -76.41944488556035,
                            8.280426953710759
                        ],
                        [
                            -76.42373635081441,
                            8.280741976981162
                        ],
                        [
                            -76.42915809711275,
                            8.276153407956105
                        ],
                        [
                            -76.42948340294208,
                            8.275264608856858
                        ],
                        [
                            -76.42921323554864,
                            8.273733082602826
                        ],
                        [
                            -76.42943732400664,
                            8.272947627875304
                        ],
                        [
                            -76.43502661580197,
                            8.266981057955224
                        ],
                        [
                            -76.43655038624901,
                            8.263133806004012
                        ],
                        [
                            -76.43762662729002,
                            8.262042212035432
                        ],
                        [
                            -76.43845802402811,
                            8.26018093757166
                        ],
                        [
                            -76.43908210514665,
                            8.257377941997389
                        ],
                        [
                            -76.44074571756536,
                            8.255469260842908
                        ],
                        [
                            -76.44206513474629,
                            8.252302056253765
                        ],
                        [
                            -76.44395893676722,
                            8.250224235687627
                        ],
                        [
                            -76.44552730528525,
                            8.245795613416714
                        ],
                        [
                            -76.44652364330236,
                            8.241860826995984
                        ],
                        [
                            -76.44836097571032,
                            8.23925414641403
                        ],
                        [
                            -76.44832915639694,
                            8.235919796008297
                        ],
                        [
                            -76.45101639992811,
                            8.232339603578566
                        ],
                        [
                            -76.45651356629462,
                            8.230110601764139
                        ],
                        [
                            -76.46346532746037,
                            8.229613140189008
                        ],
                        [
                            -76.46545704159408,
                            8.22886104852582
                        ],
                        [
                            -76.4665676858664,
                            8.227838345689648
                        ],
                        [
                            -76.46744565692536,
                            8.227612967745145
                        ],
                        [
                            -76.47090431281751,
                            8.228312817304662
                        ],
                        [
                            -76.47295344970304,
                            8.228086620618491
                        ],
                        [
                            -76.47377160532339,
                            8.226912895892621
                        ],
                        [
                            -76.47439490015897,
                            8.226502003965754
                        ],
                        [
                            -76.47642693454863,
                            8.226730788501165
                        ],
                        [
                            -76.47761401394095,
                            8.226194271994391
                        ],
                        [
                            -76.47823976608476,
                            8.225358965158915
                        ],
                        [
                            -76.47883029409111,
                            8.223594597548441
                        ],
                        [
                            -76.48034732971276,
                            8.222268807285081
                        ],
                        [
                            -76.48607739807001,
                            8.21945954351448
                        ],
                        [
                            -76.48765353770877,
                            8.219566867298337
                        ],
                        [
                            -76.48919828683941,
                            8.220690630322949
                        ],
                        [
                            -76.492683892443,
                            8.220925420592165
                        ],
                        [
                            -76.49404875988411,
                            8.220353405395592
                        ],
                        [
                            -76.49713957705175,
                            8.220775690255179
                        ],
                        [
                            -76.49809120388588,
                            8.220274287872988
                        ],
                        [
                            -76.49937081928296,
                            8.218811474952764
                        ],
                        [
                            -76.50287608993739,
                            8.218193745770321
                        ],
                        [
                            -76.50389497979191,
                            8.217318450756824
                        ],
                        [
                            -76.51001382094408,
                            8.217244428412105
                        ],
                        [
                            -76.51099789679151,
                            8.216507169494701
                        ],
                        [
                            -76.51256753359561,
                            8.216312335187276
                        ],
                        [
                            -76.51433380394555,
                            8.21434006485117
                        ],
                        [
                            -76.51733218554511,
                            8.21439583662099
                        ],
                        [
                            -76.5181817006578,
                            8.213790134370264
                        ],
                        [
                            -76.51921261406558,
                            8.213563277639023
                        ],
                        [
                            -76.52039135479423,
                            8.212226000946279
                        ],
                        [
                            -76.52072741981883,
                            8.211075453000035
                        ],
                        [
                            -76.5218391280266,
                            8.210338201076485
                        ],
                        [
                            -76.52204564791609,
                            8.207722345257134
                        ],
                        [
                            -76.52577105353812,
                            8.202487469117651
                        ],
                        [
                            -76.52559603886321,
                            8.202062306315026
                        ],
                        [
                            -76.524778432961,
                            8.201580667541567
                        ],
                        [
                            -76.52327840376434,
                            8.198852357263318
                        ],
                        [
                            -76.52028527338716,
                            8.195716807998725
                        ],
                        [
                            -76.51964477007516,
                            8.19377948815161
                        ],
                        [
                            -76.51947300140957,
                            8.19246204852043
                        ],
                        [
                            -76.5198944968803,
                            8.19044336966662
                        ],
                        [
                            -76.52127015457802,
                            8.189229968318184
                        ],
                        [
                            -76.52193464986713,
                            8.18793136259869
                        ],
                        [
                            -76.5218994355398,
                            8.186496971694643
                        ],
                        [
                            -76.52254611215172,
                            8.185944965885486
                        ]
                    ]
                ]
            }
        },
        {
            "type": "Feature",
            "properties": {
                "CIRCUITO": "Titiribi - Armenia",
                "LONG_INTER": 10,
                "ORDEN": 2,
                "NOMBRE_VIA": "Alto del Chuscal - Armenia - La Herradura - Titiribí",
                "CODIGO_VIA": "60AN08-1",
                "MPIO_NOMBR": "ARMENIA",
                "SUBREGION": "OCCIDENTE",
                "Long_km": 5,
                "AV_FISICO": 0.03,
                "AV_FINAN": 0.03,
                "CONTRATIST": "CONSORCIO EL PROGRESO",
                "INTERV": "RENTAN - CONSORCIO TEMPORALES",
                "VALOR_CTO": 104855613958,
                "LOTE": 2,
                "PLAZO_MESE": 18,
                "FECHA_INI": "10/02/2026",
                "CTO": "25OO111B2821",
                "Shape_Leng": 4901.49438287,
                "ESTABILIZADO": 0
            },
            "geometry": {
                "type": "MultiLineString",
                "coordinates": [
                    [
                        [
                            -75.78503356756585,
                            6.148628707816552
                        ],
                        [
                            -75.78606923703335,
                            6.148930002093205
                        ],
                        [
                            -75.7895676604256,
                            6.151955415183829
                        ],
                        [
                            -75.79117654281931,
                            6.152062563871239
                        ],
                        [
                            -75.79145157370704,
                            6.153082107556522
                        ],
                        [
                            -75.79270858968292,
                            6.153758762068993
                        ],
                        [
                            -75.79291005192945,
                            6.154710976273697
                        ],
                        [
                            -75.79402430948177,
                            6.155132923531345
                        ],
                        [
                            -75.79490327276716,
                            6.156102858792628
                        ],
                        [
                            -75.79599400066287,
                            6.156639812783997
                        ],
                        [
                            -75.79703224143134,
                            6.156362576461421
                        ],
                        [
                            -75.79774649106578,
                            6.156785907770249
                        ],
                        [
                            -75.79852997774401,
                            6.156578608343883
                        ],
                        [
                            -75.799322022322,
                            6.156921168245467
                        ],
                        [
                            -75.79979209363283,
                            6.156414663725944
                        ],
                        [
                            -75.8004179005268,
                            6.156337907704478
                        ],
                        [
                            -75.80081451951686,
                            6.155868174859463
                        ],
                        [
                            -75.80206087445853,
                            6.155328212790712
                        ],
                        [
                            -75.80346332193001,
                            6.153787171728647
                        ],
                        [
                            -75.80409811239322,
                            6.151790646022534
                        ],
                        [
                            -75.80502706641,
                            6.15031643546095
                        ],
                        [
                            -75.80570035231796,
                            6.148489615916228
                        ]
                    ],
                    [
                        [
                            -75.8071256032479,
                            6.145511979642961
                        ],
                        [
                            -75.8078672697772,
                            6.144033485072489
                        ],
                        [
                            -75.8073735422576,
                            6.142974704696551
                        ],
                        [
                            -75.80702175189224,
                            6.140708427588798
                        ],
                        [
                            -75.80759694274366,
                            6.139322858306895
                        ],
                        [
                            -75.80816805576438,
                            6.139154685901053
                        ],
                        [
                            -75.80911529691187,
                            6.137371591477357
                        ],
                        [
                            -75.80896355080317,
                            6.135963086434225
                        ],
                        [
                            -75.80921084289477,
                            6.133424238318428
                        ],
                        [
                            -75.80846045371756,
                            6.131724053059143
                        ]
                    ]
                ]
            }
        },
        {
            "type": "Feature",
            "properties": {
                "CIRCUITO": "Titiribi - Armenia",
                "LONG_INTER": 10,
                "ORDEN": 2,
                "NOMBRE_VIA": "Alto del Chuscal - Armenia - La Herradura - Titiribí",
                "CODIGO_VIA": "60AN08-1",
                "MPIO_NOMBR": "TITIRIBÍ",
                "SUBREGION": "SUROESTE",
                "Long_km": 5,
                "AV_FISICO": 0.03,
                "AV_FINAN": 0.03,
                "CONTRATIST": "CONSORCIO VIAS ANTIOQUIA MM 2025",
                "INTERV": "RENTAN - SADING GROUP S.A.S",
                "VALOR_CTO": 72870090400,
                "LOTE": 5,
                "PLAZO_MESE": 12,
                "FECHA_INI": "05/02/2026",
                "CTO": "25OO111B2824",
                "Shape_Leng": 4783.56296037,
                "ESTABILIZADO": 0
            },
            "geometry": {
                "type": "MultiLineString",
                "coordinates": [
                    [
                        [
                            -75.79170987211775,
                            6.075447955898341
                        ],
                        [
                            -75.79195997309512,
                            6.075715236040208
                        ],
                        [
                            -75.79192992295317,
                            6.076508155818083
                        ],
                        [
                            -75.79283874792341,
                            6.077158316983005
                        ],
                        [
                            -75.79251542372083,
                            6.079454308000511
                        ],
                        [
                            -75.79185588396115,
                            6.080274207579442
                        ],
                        [
                            -75.79212049815779,
                            6.080839520671279
                        ],
                        [
                            -75.79279606463109,
                            6.080333940819491
                        ],
                        [
                            -75.79293211361467,
                            6.081761017636929
                        ],
                        [
                            -75.79349929911133,
                            6.08298940700133
                        ],
                        [
                            -75.79326932268252,
                            6.084568106885676
                        ],
                        [
                            -75.79244630321358,
                            6.085727456298425
                        ],
                        [
                            -75.79297901325187,
                            6.08631083756487
                        ],
                        [
                            -75.79237744335363,
                            6.086546130124518
                        ],
                        [
                            -75.79237042525465,
                            6.087599206593441
                        ],
                        [
                            -75.79175284165565,
                            6.088161582297573
                        ]
                    ],
                    [
                        [
                            -75.79615083049242,
                            6.06604331564633
                        ],
                        [
                            -75.79571129048784,
                            6.067409900877679
                        ],
                        [
                            -75.79607295786558,
                            6.068765324441825
                        ],
                        [
                            -75.79569557648682,
                            6.069603393930218
                        ],
                        [
                            -75.79612648525364,
                            6.070672950511197
                        ],
                        [
                            -75.79658923611296,
                            6.070753620286663
                        ],
                        [
                            -75.79656261662723,
                            6.072502252484747
                        ],
                        [
                            -75.79713587505208,
                            6.073551090736486
                        ],
                        [
                            -75.79672897546027,
                            6.073502529814368
                        ],
                        [
                            -75.79613313122302,
                            6.072453927161248
                        ],
                        [
                            -75.79550373787505,
                            6.072039223633824
                        ],
                        [
                            -75.79564068052997,
                            6.071400632749901
                        ],
                        [
                            -75.79467067620052,
                            6.070416712774738
                        ],
                        [
                            -75.79451460141293,
                            6.070625340015202
                        ],
                        [
                            -75.79504122884437,
                            6.071458472068359
                        ],
                        [
                            -75.79465258912334,
                            6.072423196749534
                        ],
                        [
                            -75.79478620976774,
                            6.073307497643722
                        ],
                        [
                            -75.79437339224937,
                            6.073218501001375
                        ],
                        [
                            -75.79401067048369,
                            6.072428120231376
                        ],
                        [
                            -75.79414020863861,
                            6.071431293602237
                        ],
                        [
                            -75.79267398753369,
                            6.070301908256562
                        ],
                        [
                            -75.79248863849391,
                            6.070569137178858
                        ],
                        [
                            -75.79297885778882,
                            6.071943707453559
                        ],
                        [
                            -75.79265117113395,
                            6.072951742595029
                        ],
                        [
                            -75.79323210611697,
                            6.074389522661995
                        ],
                        [
                            -75.79208699341658,
                            6.072671170723801
                        ],
                        [
                            -75.79165561878011,
                            6.07284254139111
                        ]
                    ]
                ]
            }
        },
        {
            "type": "Feature",
            "properties": {
                "CIRCUITO": "Guarne - Yolombal",
                "LONG_INTER": 5,
                "ORDEN": 2,
                "NOMBRE_VIA": "Guarne - Yolombal - San Vicente",
                "CODIGO_VIA": "60AN12",
                "MPIO_NOMBR": "GUARNE",
                "SUBREGION": "ORIENTE",
                "Long_km": 3.85,
                "AV_FISICO": 0.03,
                "AV_FINAN": 0.03,
                "CONTRATIST": "POR DEFINIR (RENTAN)",
                "INTERV": "RENTAN - POR DEFINIR",
                "VALOR_CTO": 108554215084.00002,
                "LOTE": 1,
                "PLAZO_MESE": 15,
                "FECHA_INI": "20/01/2026",
                "CTO": "4600018900",
                "Shape_Leng": 3729.36510847,
                "ESTABILIZADO": 0
            },
            "geometry": {
                "type": "MultiLineString",
                "coordinates": [
                    [
                        [
                            -75.40240687817787,
                            6.317466506066353
                        ],
                        [
                            -75.40205486332955,
                            6.318079531967765
                        ],
                        [
                            -75.40140236223849,
                            6.317898632674874
                        ],
                        [
                            -75.40101761794823,
                            6.31886604143421
                        ],
                        [
                            -75.39987553183678,
                            6.319394477907903
                        ],
                        [
                            -75.40089230555557,
                            6.320681362607067
                        ],
                        [
                            -75.40070606152742,
                            6.321403698497964
                        ],
                        [
                            -75.40126869001428,
                            6.321579412399749
                        ],
                        [
                            -75.40073625911297,
                            6.322729574938789
                        ],
                        [
                            -75.40063515969204,
                            6.323822826164715
                        ],
                        [
                            -75.40127624383527,
                            6.324850227045813
                        ],
                        [
                            -75.40053550738034,
                            6.327074750917524
                        ],
                        [
                            -75.40126564880525,
                            6.329718376104938
                        ],
                        [
                            -75.39956940408834,
                            6.332858480243824
                        ],
                        [
                            -75.40007532211094,
                            6.333990429558551
                        ],
                        [
                            -75.39774539109412,
                            6.334091278010186
                        ],
                        [
                            -75.39698842587902,
                            6.333571044619068
                        ],
                        [
                            -75.39654905777633,
                            6.334511432895816
                        ],
                        [
                            -75.39545848973736,
                            6.333773865075433
                        ],
                        [
                            -75.39468681132695,
                            6.334058747538783
                        ],
                        [
                            -75.39270997017564,
                            6.333970201709894
                        ],
                        [
                            -75.39131890103003,
                            6.332672351475901
                        ],
                        [
                            -75.39156892513356,
                            6.331219773305848
                        ],
                        [
                            -75.39088416663962,
                            6.330976944360768
                        ],
                        [
                            -75.39008864823582,
                            6.331686316558086
                        ]
                    ]
                ]
            }
        },
        {
            "type": "Feature",
            "properties": {
                "CIRCUITO": "Guarne - Yolombal",
                "LONG_INTER": 5,
                "ORDEN": 2,
                "NOMBRE_VIA": "Guarne - Yolombal - San Vicente",
                "CODIGO_VIA": "60AN12",
                "MPIO_NOMBR": "SAN VICENTE",
                "SUBREGION": "ORIENTE",
                "Long_km": 1.15,
                "AV_FISICO": 0.03,
                "AV_FINAN": 0.03,
                "CONTRATIST": "POR DEFINIR (RENTAN)",
                "INTERV": "RENTAN - POR DEFINIR",
                "VALOR_CTO": 108554215084.00002,
                "LOTE": 1,
                "PLAZO_MESE": 15,
                "FECHA_INI": "20/01/2026",
                "CTO": "4600018900",
                "Shape_Leng": 1126.63161416,
                "ESTABILIZADO": 0
            },
            "geometry": {
                "type": "MultiLineString",
                "coordinates": [
                    [
                        [
                            -75.39008864823582,
                            6.331686316558086
                        ],
                        [
                            -75.3894353113546,
                            6.332251256711042
                        ],
                        [
                            -75.38843915386957,
                            6.33191975713575
                        ],
                        [
                            -75.38712986325832,
                            6.332644143404949
                        ],
                        [
                            -75.38662050306483,
                            6.332312768828182
                        ],
                        [
                            -75.38616052377427,
                            6.33141508584491
                        ],
                        [
                            -75.38501274947343,
                            6.330704181682752
                        ],
                        [
                            -75.38365711824058,
                            6.331904412090599
                        ],
                        [
                            -75.38173384954311,
                            6.33243241429036
                        ]
                    ]
                ]
            }
        },
        {
            "type": "Feature",
            "properties": {
                "CIRCUITO": "Ebejico - Miserenga",
                "LONG_INTER": 1,
                "ORDEN": 2,
                "NOMBRE_VIA": "Lo Miserenga (Cruce Ruta 62) - Ebéjico - Sevilla - Heliconia - Alto del Chuscal",
                "CODIGO_VIA": "62AN17",
                "MPIO_NOMBR": "EBEJICO",
                "SUBREGION": "OCCIDENTE",
                "Long_km": 1,
                "AV_FISICO": 0.03,
                "AV_FINAN": 0.03,
                "CONTRATIST": "CONSORCIO EL PROGRESO",
                "INTERV": "RENTAN - CONSORCIO TEMPORALES",
                "VALOR_CTO": 104855613958,
                "LOTE": 2,
                "PLAZO_MESE": 18,
                "FECHA_INI": "10/02/2026",
                "CTO": "25OO111B2821",
                "Shape_Leng": 960.424724546,
                "ESTABILIZADO": 0
            },
            "geometry": {
                "type": "MultiLineString",
                "coordinates": [
                    [
                        [
                            -75.71380713072584,
                            6.347240658856549
                        ],
                        [
                            -75.71558663220654,
                            6.348752419715872
                        ],
                        [
                            -75.71559378906306,
                            6.350325036004166
                        ],
                        [
                            -75.71624657885121,
                            6.351347896442091
                        ],
                        [
                            -75.71597584864827,
                            6.3524134626604
                        ],
                        [
                            -75.71652452639974,
                            6.352849114374904
                        ],
                        [
                            -75.71627533430691,
                            6.353419270794468
                        ],
                        [
                            -75.71687880231038,
                            6.354382512486028
                        ]
                    ]
                ]
            }
        },
        {
            "type": "Feature",
            "properties": {
                "CIRCUITO": "San Pedro de Urabá - Arboletes",
                "LONG_INTER": 30,
                "ORDEN": 3,
                "NOMBRE_VIA": "Arboletes - El Tambito",
                "CODIGO_VIA": "90AN03",
                "MPIO_NOMBR": "ARBOLETES",
                "SUBREGION": "URABÁ",
                "Long_km": 4.8,
                "AV_FISICO": 0.03,
                "AV_FINAN": 0.03,
                "CONTRATIST": "CONSORCIO URABÁ 25",
                "INTERV": "RENTAN - GRUPO INTECON S.A.S",
                "VALOR_CTO": 144973755369,
                "LOTE": 3,
                "PLAZO_MESE": 18,
                "FECHA_INI": "04/02/2026",
                "CTO": "25OO111B2822",
                "Shape_Leng": 4744.26707921,
                "ESTABILIZADO": 0
            },
            "geometry": {
                "type": "MultiLineString",
                "coordinates": [
                    [
                        [
                            -76.41554337483537,
                            8.68354965584885
                        ],
                        [
                            -76.41501851571253,
                            8.683061266389252
                        ],
                        [
                            -76.41175315348194,
                            8.682869389890499
                        ],
                        [
                            -76.40750439575073,
                            8.681042554183845
                        ],
                        [
                            -76.40647343989336,
                            8.679190425871848
                        ],
                        [
                            -76.40647566810904,
                            8.677034220385826
                        ],
                        [
                            -76.40569660924908,
                            8.674908937687425
                        ],
                        [
                            -76.4043085515713,
                            8.674142755726342
                        ],
                        [
                            -76.40290187678576,
                            8.674306039914967
                        ],
                        [
                            -76.40181182409455,
                            8.674018505203087
                        ],
                        [
                            -76.40043771575536,
                            8.673111317548695
                        ],
                        [
                            -76.40001079383384,
                            8.669951821644037
                        ],
                        [
                            -76.3988530607663,
                            8.66888094606053
                        ],
                        [
                            -76.39932703166203,
                            8.667834489075165
                        ],
                        [
                            -76.39738868297255,
                            8.664070148020706
                        ],
                        [
                            -76.39748147131463,
                            8.662449338726269
                        ],
                        [
                            -76.39585395058737,
                            8.662156121118876
                        ],
                        [
                            -76.39507800312093,
                            8.661283057238135
                        ],
                        [
                            -76.39408278916407,
                            8.661265061796097
                        ],
                        [
                            -76.39347295391647,
                            8.660650617968763
                        ],
                        [
                            -76.39261117642931,
                            8.660798354122102
                        ],
                        [
                            -76.39207822918166,
                            8.659677589076413
                        ],
                        [
                            -76.39097883712273,
                            8.659598001552292
                        ],
                        [
                            -76.39068215557735,
                            8.658429879249331
                        ],
                        [
                            -76.38951787020089,
                            8.65846158748836
                        ]
                    ]
                ]
            }
        },
        {
            "type": "Feature",
            "properties": {
                "CIRCUITO": "Ebéjico - Heliconia - Medellin",
                "LONG_INTER": 28.76,
                "ORDEN": 2,
                "NOMBRE_VIA": "Lo Miserenga (Cruce Ruta 62) - Ebéjico - Sevilla - Heliconia - Alto del Chuscal",
                "CODIGO_VIA": "62AN17",
                "MPIO_NOMBR": "HELICONIA",
                "SUBREGION": "OCCIDENTE",
                "Long_km": 17.53,
                "AV_FISICO": 0.03,
                "AV_FINAN": 0.03,
                "CONTRATIST": "CONSORCIO EL PROGRESO",
                "INTERV": "RENTAN - CONSORCIO TEMPORALES",
                "VALOR_CTO": 104855613958,
                "LOTE": 2,
                "PLAZO_MESE": 18,
                "FECHA_INI": "10/02/2026",
                "CTO": "25OO111B2821",
                "Shape_Leng": 16795.9104941,
                "ESTABILIZADO": 0
            },
            "geometry": {
                "type": "MultiLineString",
                "coordinates": [
                    [
                        [
                            -75.78782397716631,
                            6.265174963088729
                        ],
                        [
                            -75.78773405399583,
                            6.263517677248601
                        ],
                        [
                            -75.7851477048271,
                            6.258062362311094
                        ],
                        [
                            -75.78387561661499,
                            6.256416921283332
                        ],
                        [
                            -75.78190407750962,
                            6.255126866926289
                        ],
                        [
                            -75.78066131508169,
                            6.253971419509102
                        ],
                        [
                            -75.77986017081484,
                            6.252740023232235
                        ],
                        [
                            -75.77877647866893,
                            6.252171170258509
                        ],
                        [
                            -75.7778903009241,
                            6.248599949660922
                        ],
                        [
                            -75.77595316388431,
                            6.24649551957475
                        ],
                        [
                            -75.77555375662341,
                            6.246990409632011
                        ],
                        [
                            -75.77552739026554,
                            6.247942917861947
                        ],
                        [
                            -75.77478877336851,
                            6.248301403107666
                        ],
                        [
                            -75.77465711408932,
                            6.249121629060014
                        ],
                        [
                            -75.77404647908918,
                            6.249609745379611
                        ],
                        [
                            -75.77341625063342,
                            6.249521712964671
                        ],
                        [
                            -75.77228931107295,
                            6.250877983426597
                        ],
                        [
                            -75.7716067458705,
                            6.250482380648113
                        ],
                        [
                            -75.7711547336092,
                            6.250561461640114
                        ],
                        [
                            -75.7708545768943,
                            6.250028610636738
                        ],
                        [
                            -75.77027413963921,
                            6.250207414841419
                        ],
                        [
                            -75.7695669640542,
                            6.249839326004962
                        ],
                        [
                            -75.76854236775235,
                            6.249829099393844
                        ],
                        [
                            -75.76728954478818,
                            6.250385592953159
                        ],
                        [
                            -75.76630928493157,
                            6.251745687037658
                        ],
                        [
                            -75.76533097260642,
                            6.251548839477387
                        ],
                        [
                            -75.76452012910072,
                            6.250593791482435
                        ],
                        [
                            -75.76351645897412,
                            6.251047677048335
                        ],
                        [
                            -75.76271367892019,
                            6.250317544574341
                        ],
                        [
                            -75.76213636394846,
                            6.250625258802499
                        ],
                        [
                            -75.76082253778986,
                            6.250055145577706
                        ],
                        [
                            -75.75943164575631,
                            6.250326112713481
                        ],
                        [
                            -75.75908962803052,
                            6.250639007056903
                        ],
                        [
                            -75.75846961243987,
                            6.251545664608014
                        ],
                        [
                            -75.75929654489642,
                            6.252242960809781
                        ],
                        [
                            -75.75896781010057,
                            6.25248814399339
                        ],
                        [
                            -75.7577508373183,
                            6.252330357249645
                        ],
                        [
                            -75.75738460765683,
                            6.250782932309317
                        ],
                        [
                            -75.75687932251765,
                            6.250733600355983
                        ],
                        [
                            -75.75562325137132,
                            6.252132934491835
                        ],
                        [
                            -75.75557441466661,
                            6.253533337046627
                        ],
                        [
                            -75.75302279980558,
                            6.256203570590562
                        ],
                        [
                            -75.75202487264457,
                            6.256434955054959
                        ],
                        [
                            -75.75084547506358,
                            6.257155371483854
                        ],
                        [
                            -75.75058346455238,
                            6.256975276014649
                        ],
                        [
                            -75.75114967736457,
                            6.256614843978111
                        ],
                        [
                            -75.7508254553075,
                            6.255617303595712
                        ],
                        [
                            -75.75117733057395,
                            6.254802245465049
                        ],
                        [
                            -75.75044155712992,
                            6.254683424231775
                        ],
                        [
                            -75.7510313694753,
                            6.253468059934824
                        ],
                        [
                            -75.75166549371889,
                            6.253125901925461
                        ],
                        [
                            -75.75065235320349,
                            6.252528828269155
                        ],
                        [
                            -75.75180161601462,
                            6.252464185251533
                        ],
                        [
                            -75.75059668866344,
                            6.251609553205217
                        ],
                        [
                            -75.7498566946127,
                            6.25170519869678
                        ],
                        [
                            -75.74985826144201,
                            6.251421355394768
                        ],
                        [
                            -75.75050455990545,
                            6.251068671826132
                        ],
                        [
                            -75.74994516291937,
                            6.250368002548357
                        ],
                        [
                            -75.74924660056804,
                            6.250607274018011
                        ],
                        [
                            -75.74877765438545,
                            6.251155008132367
                        ],
                        [
                            -75.74880451229917,
                            6.252054225572142
                        ],
                        [
                            -75.7481805243233,
                            6.251798660211159
                        ],
                        [
                            -75.74840100753357,
                            6.250481055668747
                        ],
                        [
                            -75.74802486509176,
                            6.249456403061149
                        ],
                        [
                            -75.74908528573037,
                            6.248786620488964
                        ],
                        [
                            -75.7487516414593,
                            6.24825364916426
                        ],
                        [
                            -75.74890294307731,
                            6.2476591621441
                        ],
                        [
                            -75.7484686190637,
                            6.247790750215021
                        ],
                        [
                            -75.7485087200689,
                            6.248412340411269
                        ],
                        [
                            -75.74742299458102,
                            6.248800364692073
                        ],
                        [
                            -75.74709679771752,
                            6.249255248985015
                        ],
                        [
                            -75.74743472872571,
                            6.250335096013831
                        ],
                        [
                            -75.74653172809799,
                            6.251054452044814
                        ],
                        [
                            -75.74633776455451,
                            6.251634391109681
                        ],
                        [
                            -75.74663260293623,
                            6.252189201240996
                        ],
                        [
                            -75.74595008652469,
                            6.25329587768389
                        ],
                        [
                            -75.74564468075027,
                            6.253276046116857
                        ],
                        [
                            -75.74505882612495,
                            6.252236453267163
                        ],
                        [
                            -75.74439125314598,
                            6.251991302954245
                        ],
                        [
                            -75.74464246206767,
                            6.250610645332931
                        ],
                        [
                            -75.74438211031902,
                            6.250192803636023
                        ],
                        [
                            -75.7432100485902,
                            6.249707000483312
                        ],
                        [
                            -75.74386831822012,
                            6.248684036961344
                        ],
                        [
                            -75.74265676447892,
                            6.247496161510859
                        ],
                        [
                            -75.7433931820953,
                            6.247160471012648
                        ],
                        [
                            -75.74379399370821,
                            6.245609202192083
                        ],
                        [
                            -75.74230029392886,
                            6.244783560426995
                        ],
                        [
                            -75.74217650117288,
                            6.242838395058314
                        ],
                        [
                            -75.74272025751371,
                            6.242034599499398
                        ],
                        [
                            -75.7420650615234,
                            6.242037610696364
                        ],
                        [
                            -75.74190536819454,
                            6.241770047989683
                        ],
                        [
                            -75.74208587896696,
                            6.241134427927939
                        ],
                        [
                            -75.74325552263917,
                            6.240816524313706
                        ],
                        [
                            -75.74209437237741,
                            6.240299536620541
                        ],
                        [
                            -75.74294421182762,
                            6.240218916421275
                        ],
                        [
                            -75.74319805882531,
                            6.239812755641513
                        ],
                        [
                            -75.74180016332977,
                            6.238923259651791
                        ],
                        [
                            -75.7418637214561,
                            6.238416442666787
                        ],
                        [
                            -75.74141417220116,
                            6.238105887057979
                        ],
                        [
                            -75.74200447919972,
                            6.238038508389566
                        ],
                        [
                            -75.74127280309744,
                            6.236987571168759
                        ],
                        [
                            -75.74185178952709,
                            6.236394503472795
                        ],
                        [
                            -75.74053075309764,
                            6.23588343852014
                        ],
                        [
                            -75.7403722311524,
                            6.23531606932116
                        ],
                        [
                            -75.73980153481243,
                            6.235242549632471
                        ],
                        [
                            -75.73931712773533,
                            6.233661077460384
                        ],
                        [
                            -75.73943598222294,
                            6.232907194180249
                        ],
                        [
                            -75.73886199904844,
                            6.232629658236251
                        ],
                        [
                            -75.73971782391652,
                            6.231136104342889
                        ],
                        [
                            -75.73919570212269,
                            6.229671242803517
                        ],
                        [
                            -75.73826395498631,
                            6.229149173106014
                        ],
                        [
                            -75.73887885037954,
                            6.228190138771689
                        ],
                        [
                            -75.73852901874082,
                            6.227025973546365
                        ],
                        [
                            -75.73920437071003,
                            6.226804530443722
                        ],
                        [
                            -75.73985428326355,
                            6.225968863314632
                        ],
                        [
                            -75.74111191528017,
                            6.225657662824267
                        ],
                        [
                            -75.74142370806389,
                            6.225003673433135
                        ],
                        [
                            -75.741361911751,
                            6.223515337450514
                        ],
                        [
                            -75.73941800188,
                            6.221841713379695
                        ],
                        [
                            -75.73991765636478,
                            6.221212970452553
                        ],
                        [
                            -75.73980167405477,
                            6.220942294508304
                        ],
                        [
                            -75.73787915342032,
                            6.221001570485417
                        ],
                        [
                            -75.73710688111859,
                            6.220355944591424
                        ],
                        [
                            -75.73616902818178,
                            6.218144441826608
                        ],
                        [
                            -75.7365341293514,
                            6.217294723502995
                        ],
                        [
                            -75.73615442921063,
                            6.216758629205613
                        ],
                        [
                            -75.73743205001603,
                            6.21511602858553
                        ],
                        [
                            -75.73658541214147,
                            6.212749370616535
                        ],
                        [
                            -75.7367839910017,
                            6.212127107909587
                        ],
                        [
                            -75.73596293160166,
                            6.211610847826023
                        ],
                        [
                            -75.73544087828714,
                            6.210173436482786
                        ],
                        [
                            -75.73437747722879,
                            6.210081471171179
                        ],
                        [
                            -75.73432854490868,
                            6.20981570854549
                        ]
                    ]
                ]
            }
        }
    ]
}