{
"type": "FeatureCollection",
"name": "localizacion3",
"crs": { "type": "name", "properties": { "name": "urn:ogc:def:crs:EPSG::4979" } },
"features": [
{ "type": "Feature", "properties": { "CIRCUITO": "Frontino - Nutibara", "LONG_INTER": 25.0, "ORDEN": 2, "NOMBRE_VIA": "El Boton - Frontino", "CODIGO_VIA": "62AN08", "MPIO_NOMBR": "FRONTINO", "SUBREGION_": "OCCIDENTE", "Long_km": 25.0, "AV_FISICO": 0.03, "AV_FINAN": 0.03, "CONTRATIST": "CONSORCIO EL PROGRESO", "INTERV": "RENTAN - CONSORCIO TEMPORALES", "VALOR_CTO": 104855613958.0, "LOTE": 2, "PLAZO_MESE": 18, "FECHA_INI": "10/02/2026", "CTO": "25OO111B2821", "Shape_Leng": 24381.226553 }, "geometry": { "type": "MultiLineString", "coordinates": [ [ [ -76.134383666908477, 6.765335833482728 ], [ -76.136380269609134, 6.763444712485152 ], [ -76.140042293703459, 6.761178532550904 ], [ -76.141057723316806, 6.758644885163567 ], [ -76.142851754285203, 6.757882901576541 ], [ -76.143275769726984, 6.757047953702391 ], [ -76.144086753973738, 6.756392208610785 ], [ -76.144902729416032, 6.754456123440843 ], [ -76.144726752153503, 6.753954105688823 ], [ -76.145207787008957, 6.75361914666399 ], [ -76.145181501601456, 6.753122019661535 ], [ -76.145707615057404, 6.752782478244855 ], [ -76.145995957652687, 6.751822975688207 ], [ -76.1453099067583, 6.749965578365662 ], [ -76.145442830584187, 6.74780361328266 ], [ -76.146815463335528, 6.742564802583169 ], [ -76.146589631731544, 6.741215087806262 ], [ -76.147400275405744, 6.741804124054552 ], [ -76.147959737524801, 6.743353583540167 ], [ -76.147875191630618, 6.744096703681131 ], [ -76.148413259555824, 6.744460983824452 ], [ -76.148910547345793, 6.745596412304417 ], [ -76.149117974853283, 6.747829054690187 ], [ -76.149869870852129, 6.749929562857574 ], [ -76.150914617611434, 6.75063823937018 ], [ -76.151272945822697, 6.750559923221818 ], [ -76.15166430967875, 6.749655723331576 ], [ -76.152951271069512, 6.749351674039134 ], [ -76.153160419271856, 6.748209244434045 ], [ -76.154315361905702, 6.747123441543911 ], [ -76.154520641686872, 6.747345553159015 ], [ -76.154343278429621, 6.748189286715783 ], [ -76.155896307915867, 6.748873809905276 ], [ -76.155338604177189, 6.749619433982839 ], [ -76.155633010523843, 6.750036615920106 ], [ -76.156632055632315, 6.74971005371038 ], [ -76.157211570730254, 6.749889783916547 ], [ -76.159034918316678, 6.749680240557002 ], [ -76.160721692575677, 6.750419747782026 ], [ -76.161941371443348, 6.749468907875025 ], [ -76.163020841988967, 6.75016862855986 ], [ -76.163570099500376, 6.750014435595873 ], [ -76.163964483998512, 6.750278624233397 ], [ -76.164904411406525, 6.749390429421304 ], [ -76.165578527265467, 6.749365487587369 ], [ -76.166437270135901, 6.748302315233604 ], [ -76.166922787283184, 6.748516483076624 ], [ -76.167583115485414, 6.749456683599449 ], [ -76.168018500635242, 6.748328114301644 ], [ -76.168362506924026, 6.74858519639775 ], [ -76.169110015017125, 6.748505199138971 ], [ -76.169527693945284, 6.749368962091459 ], [ -76.170885711646989, 6.748985044318782 ], [ -76.170946664594183, 6.749749541607511 ], [ -76.171771377087296, 6.750350214545739 ], [ -76.172078617760732, 6.751450054549005 ], [ -76.172737375906323, 6.749994415514847 ], [ -76.173417607111645, 6.749229603970682 ], [ -76.174379118623946, 6.749167924362544 ], [ -76.174296521969026, 6.748533417564254 ], [ -76.174573342407655, 6.748078095141302 ], [ -76.174180398814755, 6.747707007221873 ], [ -76.174070506523762, 6.747047852993123 ], [ -76.173360677009626, 6.74672819227113 ], [ -76.173101638024079, 6.74610049829643 ], [ -76.173301297273369, 6.745311885258332 ], [ -76.174889405873671, 6.744795235842449 ], [ -76.176199963419961, 6.745008850645554 ], [ -76.175569627983904, 6.742546909880651 ], [ -76.174416020875455, 6.741971401991438 ], [ -76.175426213796058, 6.741299562850488 ], [ -76.175324968047676, 6.740384342012759 ], [ -76.175893904844202, 6.739556417737256 ], [ -76.17632348786799, 6.741040691954041 ], [ -76.178160748122025, 6.743705718190509 ], [ -76.178338213324508, 6.745152358813232 ], [ -76.179552241791185, 6.746699182520238 ], [ -76.179471414516456, 6.748105167016863 ], [ -76.180189804305314, 6.751467398149334 ], [ -76.181276355385805, 6.752227276414276 ], [ -76.182564125206255, 6.752130051377533 ], [ -76.184050322910338, 6.751569347445582 ], [ -76.186557855391342, 6.753758308412904 ], [ -76.187563407867785, 6.754081492185684 ], [ -76.187679093282384, 6.755095396069424 ], [ -76.18731005349386, 6.756056835326018 ], [ -76.187505385073322, 6.756629645508159 ], [ -76.187077276769799, 6.757387257538302 ], [ -76.187156429501698, 6.757964191160085 ], [ -76.188138373751826, 6.758293809564176 ], [ -76.188809844824732, 6.760269564813457 ], [ -76.190356169665563, 6.762032499374687 ], [ -76.190857322893351, 6.763455734265414 ], [ -76.192779443833871, 6.766056370504177 ], [ -76.195714724772614, 6.767663992558282 ], [ -76.196567767568951, 6.767779719747064 ], [ -76.197285616317927, 6.768753924063951 ], [ -76.199019633717498, 6.769704231901654 ], [ -76.199053899398919, 6.77010393430679 ], [ -76.197881173928806, 6.772408584221894 ], [ -76.198288044857222, 6.77393114893715 ], [ -76.198697264295177, 6.77441670048359 ], [ -76.199969423940004, 6.774996721388685 ], [ -76.200611349063124, 6.775868979873342 ], [ -76.202532811182323, 6.776259923389587 ], [ -76.203261865138202, 6.776975493441642 ], [ -76.204515480542824, 6.777559769966861 ], [ -76.206819681779194, 6.78183193771734 ], [ -76.208028477492093, 6.783092574688444 ], [ -76.209598064447547, 6.791790510716671 ], [ -76.210271975739701, 6.793343325055389 ], [ -76.20966993991749, 6.794022760035343 ], [ -76.208837462850454, 6.794420618578896 ], [ -76.207918831134378, 6.794153791934521 ], [ -76.207372139345196, 6.795109557135917 ], [ -76.207828722257815, 6.796251736783695 ], [ -76.207552261794703, 6.798032911752768 ], [ -76.207859610583938, 6.799178460699641 ], [ -76.207659372811975, 6.800425738081726 ], [ -76.207932716427194, 6.800853363347088 ], [ -76.208975710220955, 6.801127213241783 ], [ -76.209677309594525, 6.804143001505934 ], [ -76.210038748995387, 6.804623990073578 ], [ -76.210931317798327, 6.80503460800635 ], [ -76.211347495114978, 6.805948117381188 ], [ -76.211217375887514, 6.80672623144521 ], [ -76.210504635934257, 6.80779963667509 ], [ -76.210597523006882, 6.809132850902191 ], [ -76.210088081720002, 6.811756254206294 ], [ -76.209733238636105, 6.812385119961003 ], [ -76.209653146080015, 6.813993345173289 ], [ -76.211119401238975, 6.815310411663647 ], [ -76.212601205839789, 6.815576368086668 ], [ -76.214381655392543, 6.815393072798559 ], [ -76.215705616954722, 6.814795218100231 ], [ -76.216023774458421, 6.81528512924141 ], [ -76.216798441697165, 6.815667853441263 ], [ -76.217705658425359, 6.814724435475815 ], [ -76.219292450351261, 6.814584860640392 ], [ -76.220227113072895, 6.815312452542776 ], [ -76.220118618645117, 6.817252038597666 ], [ -76.221390743378706, 6.819398632928961 ], [ -76.221582038952661, 6.820291445329584 ], [ -76.222455278147606, 6.81988326824702 ], [ -76.223580519595032, 6.82027077319521 ], [ -76.223417680458155, 6.819906863820256 ], [ -76.223645398344345, 6.819279284771503 ], [ -76.222989931235659, 6.819169118601129 ], [ -76.222703535753283, 6.818518990135333 ], [ -76.222804485860948, 6.81740288336822 ], [ -76.223102022209957, 6.816571478945299 ], [ -76.224485317861948, 6.815428059796035 ], [ -76.228926956899798, 6.813794298818938 ], [ -76.229613731562168, 6.814741951991712 ] ] ] } },
{ "type": "Feature", "properties": { "CIRCUITO": "Valparaíso - Támesis", "LONG_INTER": 22.51, "ORDEN": 3, "NOMBRE_VIA": "Valparaíso - Tamesis", "CODIGO_VIA": "25AN01-2", "MPIO_NOMBR": "TÁMESIS", "SUBREGION_": "SUROESTE", "Long_km": 14.94, "AV_FISICO": 0.03, "AV_FINAN": 0.03, "CONTRATIST": "CONSORCIO VIAS ANTIOQUIA MM 2025", "INTERV": "RENTAN - SADING GROUP S.A.S", "VALOR_CTO": 72870090400.0, "LOTE": 5, "PLAZO_MESE": 12, "FECHA_INI": "05/02/2026", "CTO": "25OO111B2824", "Shape_Leng": 14412.639014599999 }, "geometry": { "type": "MultiLineString", "coordinates": [ [ [ -75.672100100332997, 5.611540994443867 ], [ -75.672728216140001, 5.612416942972495 ], [ -75.672371264487097, 5.612982262614142 ], [ -75.67245716879529, 5.61417409828025 ], [ -75.674185640692045, 5.6154632679263 ], [ -75.674943771460647, 5.617101867572145 ], [ -75.675679194153787, 5.617514212585277 ], [ -75.675416030589574, 5.617946585153614 ], [ -75.675672170494735, 5.618842137778822 ], [ -75.674859441201519, 5.619059369744849 ], [ -75.674414495686051, 5.619666315781561 ], [ -75.674525486742013, 5.620984881279071 ], [ -75.675561796847759, 5.622524116793356 ], [ -75.676505509967953, 5.622987794839124 ], [ -75.676792155418227, 5.62288378089015 ], [ -75.676854327837873, 5.622270071305302 ], [ -75.676268824963842, 5.621145434330939 ], [ -75.676532995254291, 5.620648501230886 ], [ -75.677105993176184, 5.620823433672645 ], [ -75.677459576721716, 5.620621643031982 ], [ -75.677564194278389, 5.618250560951891 ], [ -75.678557847045269, 5.616771858390646 ], [ -75.677633638534914, 5.615138028201849 ], [ -75.677850506765239, 5.614817093562131 ], [ -75.678766954047489, 5.614948532526725 ], [ -75.678915469260417, 5.615954311399202 ], [ -75.679407435710047, 5.61631687643933 ], [ -75.67963812238122, 5.616086160260402 ], [ -75.679546178893517, 5.615505754439906 ], [ -75.679898068048686, 5.615500268952056 ], [ -75.680334205406098, 5.617001214333631 ], [ -75.679360124506942, 5.61807877260417 ], [ -75.679447064932674, 5.61836172474542 ], [ -75.680788665959696, 5.617937147625071 ], [ -75.681203672004898, 5.616977063990776 ], [ -75.681767664122134, 5.616992054613988 ], [ -75.681305996775279, 5.618004099830838 ], [ -75.682243504206369, 5.618210124200992 ], [ -75.682487850434754, 5.619844000645114 ], [ -75.683199693855556, 5.619406627595131 ], [ -75.683273093601514, 5.61876535281774 ], [ -75.684370529292707, 5.619138615386841 ], [ -75.683783531093454, 5.618268502318625 ], [ -75.684112299615038, 5.61782553845315 ], [ -75.6847962210106, 5.618368743500622 ], [ -75.686744647374027, 5.617985167983496 ], [ -75.687667837174089, 5.618809730232126 ], [ -75.688348166298482, 5.62015144939217 ], [ -75.688215524353041, 5.621517549860911 ], [ -75.688990909219271, 5.622541926062736 ], [ -75.689012081907748, 5.624053812008404 ], [ -75.689460553092587, 5.624619115955094 ], [ -75.689787571440789, 5.630301123248915 ], [ -75.690182357698461, 5.630704951090068 ], [ -75.691097150709638, 5.630185175804497 ], [ -75.69117369839509, 5.629619456561977 ], [ -75.692005847858653, 5.628860824089657 ], [ -75.693801767495316, 5.628230043350134 ], [ -75.695234674594246, 5.628095172336979 ], [ -75.697135366423183, 5.628623119007001 ], [ -75.697735097488192, 5.628483453819808 ], [ -75.698313385036371, 5.627180391486668 ], [ -75.6996983432348, 5.626239616262049 ], [ -75.700377192183296, 5.624486515726266 ], [ -75.701225592805969, 5.624108172421071 ], [ -75.701723938487874, 5.624392530837348 ], [ -75.702108171455421, 5.625206960700289 ], [ -75.702326991467913, 5.627996365244665 ], [ -75.703294087994905, 5.628202152669203 ], [ -75.703516204886412, 5.628678511477851 ], [ -75.702904485023609, 5.629602960854758 ], [ -75.70309483069245, 5.630064149228742 ], [ -75.702917015533018, 5.631242776576221 ], [ -75.703298559064777, 5.632138227993972 ], [ -75.702605077955099, 5.632852059945384 ], [ -75.70185945025338, 5.637022378728736 ], [ -75.701501909720776, 5.637853398434533 ], [ -75.700933386024943, 5.63828925375981 ], [ -75.702412694786375, 5.639960641971577 ], [ -75.70326829375017, 5.640345289597712 ], [ -75.70277592467454, 5.641054614804907 ], [ -75.702193454756014, 5.641177279051103 ], [ -75.700910261268191, 5.642409294533316 ], [ -75.699962349345512, 5.643830084166103 ], [ -75.700725391334188, 5.644517373082696 ], [ -75.701124422678475, 5.646334515592317 ], [ -75.703041039214042, 5.648250011589952 ], [ -75.705654695619842, 5.648709293932963 ], [ -75.706657734592753, 5.648287987309748 ], [ -75.707280508132115, 5.648755132954845 ], [ -75.708346362670056, 5.648676280143887 ], [ -75.708923050866204, 5.64910202864338 ], [ -75.710770486427705, 5.64931735884573 ], [ -75.710672983874218, 5.65003839347051 ], [ -75.709493883611643, 5.651001923407846 ], [ -75.709840005614637, 5.651746895340009 ], [ -75.708434501412398, 5.654905346011161 ], [ -75.708703618723831, 5.655440723231937 ], [ -75.710153085145421, 5.654532865891142 ], [ -75.7108676282337, 5.652959896122987 ], [ -75.711153385630013, 5.652885892655311 ], [ -75.710982989401856, 5.653754134018159 ], [ -75.71130608168518, 5.654502108363643 ], [ -75.710454902731612, 5.656012930299087 ], [ -75.709898556232474, 5.657976048900776 ], [ -75.710371499312771, 5.658767833000823 ] ] ] } },
{ "type": "Feature", "properties": { "CIRCUITO": "Valparaíso - Támesis", "LONG_INTER": 22.51, "ORDEN": 3, "NOMBRE_VIA": "Valparaíso - Tamesis", "CODIGO_VIA": "25AN01-2", "MPIO_NOMBR": "VALPARAISO", "SUBREGION_": "SUROESTE", "Long_km": 7.57, "AV_FISICO": 0.03, "AV_FINAN": 0.03, "CONTRATIST": "CONSORCIO VIAS ANTIOQUIA MM 2025", "INTERV": "RENTAN - SADING GROUP S.A.S", "VALOR_CTO": 72870090400.0, "LOTE": 5, "PLAZO_MESE": 12, "FECHA_INI": "05/02/2026", "CTO": "25OO111B2824", "Shape_Leng": 7336.1596195499997 }, "geometry": { "type": "MultiLineString", "coordinates": [ [ [ -75.636326062652643, 5.614683599488076 ], [ -75.637252234942849, 5.615943682105998 ], [ -75.636831974073544, 5.616657901649168 ], [ -75.636978494040733, 5.616989951452508 ], [ -75.639416260424497, 5.618099871830681 ], [ -75.640894970801824, 5.617750135550924 ], [ -75.641442171994697, 5.617088676946901 ], [ -75.640940946927259, 5.615857207020305 ], [ -75.641558468586979, 5.614626047797334 ], [ -75.643242813929476, 5.613395384666848 ], [ -75.643457244738386, 5.611931755935557 ], [ -75.644047728874838, 5.611457789418448 ], [ -75.644221882394703, 5.61054148162215 ], [ -75.644655259305907, 5.610131042323792 ], [ -75.647440676068371, 5.609523306660263 ], [ -75.64822411565828, 5.608131755183759 ], [ -75.649900351014693, 5.60888371390883 ], [ -75.650837557545202, 5.608851114322944 ], [ -75.651652883384102, 5.609562759642477 ], [ -75.652039347271156, 5.6125765847025 ], [ -75.652834346338338, 5.611613347723676 ], [ -75.653524826188033, 5.611462572944277 ], [ -75.653660397271537, 5.610611762685598 ], [ -75.654507086610465, 5.609634290352517 ], [ -75.655810100906564, 5.610199145892652 ], [ -75.656622120420025, 5.609373392685902 ], [ -75.657270527122819, 5.60972420325318 ], [ -75.657311259348901, 5.610129268634419 ], [ -75.656715246586955, 5.610804252907093 ], [ -75.657179384819813, 5.611396069293095 ], [ -75.656903866959425, 5.612204475225302 ], [ -75.65713463960364, 5.612388715388049 ], [ -75.659461032379511, 5.611541131304243 ], [ -75.659734559369397, 5.61040296163914 ], [ -75.660555619280032, 5.609231277573086 ], [ -75.662833199564403, 5.608751057398721 ], [ -75.664663573495204, 5.609203862225401 ], [ -75.665709243911081, 5.610936928975137 ], [ -75.666922858848906, 5.610344388973278 ], [ -75.667179887930573, 5.608706687533701 ], [ -75.668334899117838, 5.608750613160718 ], [ -75.668549593212376, 5.609977292047852 ], [ -75.667800653800214, 5.610418657621572 ], [ -75.6689334932977, 5.611984001061475 ], [ -75.667525073134939, 5.613374646862949 ], [ -75.667625052960858, 5.614064703848975 ], [ -75.668870472221982, 5.613476278087149 ], [ -75.669025077604019, 5.613011061200367 ], [ -75.669904957496712, 5.612446986080369 ], [ -75.670075646392561, 5.611712357387414 ], [ -75.672100100332997, 5.611540994443867 ] ] ] } },
{ "type": "Feature", "properties": { "CIRCUITO": "Carolina del Príncipe - Angostura", "LONG_INTER": 13.62, "ORDEN": 2, "NOMBRE_VIA": "La Ese - Angostura - La Ye (Partidas Angostura)", "CODIGO_VIA": "25AN09-1", "MPIO_NOMBR": "ANGOSTURA", "SUBREGION_": "NORTE", "Long_km": 13.62, "AV_FISICO": 0.03, "AV_FINAN": 0.03, "CONTRATIST": "CONSORCIO VIAS ANTIOQUIA NORTE", "INTERV": "RENTAN - CONSORCIO INTERVIALES 2025", "VALOR_CTO": 124487403196.0, "LOTE": 8, "PLAZO_MESE": 18, "FECHA_INI": "11/02/2026", "CTO": "25OO111B2826", "Shape_Leng": 13104.4955419 }, "geometry": { "type": "MultiLineString", "coordinates": [ [ [ -75.294898440540692, 6.820830170460257 ], [ -75.29471537533621, 6.82119802666541 ], [ -75.295674633315741, 6.822150441985293 ], [ -75.296707905482535, 6.822661441385358 ], [ -75.297022082519476, 6.823480375605254 ], [ -75.297889727315592, 6.823444136156902 ], [ -75.298371425593075, 6.823833792779924 ], [ -75.298616371014816, 6.823248145645103 ], [ -75.299362433930696, 6.823511635798072 ], [ -75.299756549273411, 6.823052686885617 ], [ -75.300517660228437, 6.824097505862158 ], [ -75.300288470871678, 6.8247168442979 ], [ -75.299068246466447, 6.825301284756102 ], [ -75.299103615681517, 6.825718416028105 ], [ -75.298746829340175, 6.826123386802752 ], [ -75.299296858956751, 6.827694126385822 ], [ -75.301378531058305, 6.827978675100685 ], [ -75.302463335829231, 6.826892527743015 ], [ -75.303012076618884, 6.827121035836212 ], [ -75.304208700884388, 6.826802687740963 ], [ -75.304737434395761, 6.827412993773974 ], [ -75.306493835206624, 6.827922969626633 ], [ -75.306993277021817, 6.828463749784775 ], [ -75.306689661048424, 6.829797898945826 ], [ -75.307735120566377, 6.830041361959641 ], [ -75.307679296251592, 6.830742895347893 ], [ -75.308512019366617, 6.831149155785039 ], [ -75.308931007766404, 6.831746408367517 ], [ -75.310778444420492, 6.831215753971628 ], [ -75.311221617751443, 6.831906841646829 ], [ -75.31208714226004, 6.831846028688191 ], [ -75.312747728685494, 6.832543347531415 ], [ -75.312327026650934, 6.835019797203087 ], [ -75.313674113329526, 6.835109143323182 ], [ -75.312801420575511, 6.836057442812949 ], [ -75.313297809159934, 6.836915303504274 ], [ -75.315248894934939, 6.837067138067271 ], [ -75.316539655875857, 6.837934400930643 ], [ -75.316478638089862, 6.839890986815781 ], [ -75.317837748992957, 6.839434043624236 ], [ -75.318500908039098, 6.839535957170097 ], [ -75.319300092116634, 6.84059184127831 ], [ -75.321410555040117, 6.840543988731106 ], [ -75.321991971175095, 6.840896138283633 ], [ -75.322292427101758, 6.841557760675513 ], [ -75.322285946648307, 6.842619547493372 ], [ -75.322077015471478, 6.844006406488382 ], [ -75.321432065299859, 6.844991345375421 ], [ -75.321497077422251, 6.845595371637725 ], [ -75.319399383725226, 6.847741223904397 ], [ -75.31955279841786, 6.848187173743464 ], [ -75.318979393174146, 6.849154235185225 ], [ -75.318082523098681, 6.849392993586304 ], [ -75.318017506172737, 6.850828489181693 ], [ -75.318618076905423, 6.850740252454178 ], [ -75.318982071959567, 6.850036217935853 ], [ -75.319966282833064, 6.849846983544309 ], [ -75.321497876774473, 6.848670989306609 ], [ -75.323685153816911, 6.84837279073927 ], [ -75.324186285072187, 6.848845226121659 ], [ -75.325242270651074, 6.848705862567454 ], [ -75.32554327136144, 6.848914502491921 ], [ -75.325222470413536, 6.849593262512146 ], [ -75.325635655533048, 6.85074211907328 ], [ -75.325205624157107, 6.851820472351097 ], [ -75.326056705466684, 6.851858747453267 ], [ -75.326762529315857, 6.851291397595113 ], [ -75.327584645787638, 6.851760362834652 ], [ -75.328980749724664, 6.8518816226337 ], [ -75.329977493697243, 6.85343119673556 ], [ -75.329529283022694, 6.854523337492928 ], [ -75.329852232695757, 6.856077429592006 ], [ -75.329661431613403, 6.856702324579819 ], [ -75.330981082514199, 6.857115042363747 ], [ -75.332659390390219, 6.859942481040943 ], [ -75.333609171567829, 6.859929445017431 ], [ -75.334197502499492, 6.859588706454791 ], [ -75.334446810740744, 6.859115761744803 ], [ -75.334336648265179, 6.858570920934933 ], [ -75.334878725450167, 6.858234978646012 ], [ -75.336415838124495, 6.85904560685146 ], [ -75.33711026884319, 6.860141345012964 ], [ -75.337732962354707, 6.860513655042174 ], [ -75.338249271437419, 6.860390439707981 ], [ -75.337886450866861, 6.859541317330103 ], [ -75.33822751167753, 6.859418433144334 ], [ -75.338760191136544, 6.861245902731799 ], [ -75.336555184496049, 6.861246850271847 ], [ -75.335675925267211, 6.861830846385308 ], [ -75.335360237540229, 6.862689991513428 ], [ -75.335226929846627, 6.863445314583587 ], [ -75.335913336702262, 6.865840384867981 ], [ -75.335440652600582, 6.866541750386298 ], [ -75.335760708925235, 6.867566506799281 ], [ -75.335436707323922, 6.868099901080725 ], [ -75.335416475955213, 6.868976659175552 ], [ -75.334182626825026, 6.87006808763294 ], [ -75.334003556008838, 6.871061238408129 ], [ -75.332451101938361, 6.873628793379758 ], [ -75.333169750187764, 6.876310155139004 ], [ -75.332744004607719, 6.876828140016204 ], [ -75.332700426238802, 6.877472546255229 ] ] ] } },
{ "type": "Feature", "properties": { "CIRCUITO": "Abejorral - Santa Barbara", "LONG_INTER": 26.2, "ORDEN": 3, "NOMBRE_VIA": "Montebello - El Cairo", "CODIGO_VIA": "25AN03-2", "MPIO_NOMBR": "ABEJORRAL", "SUBREGION_": "ORIENTE", "Long_km": 23.77, "AV_FISICO": 0.03, "AV_FINAN": 0.03, "CONTRATIST": "POR DEFINIR (RENTAN)", "INTERV": "RENTAN - POR DEFINIR", "VALOR_CTO": 108554215084.00002, "LOTE": 1, "PLAZO_MESE": 15, "FECHA_INI": "20/01/2026", "CTO": "4600018900", "Shape_Leng": 22959.022095299999 }, "geometry": { "type": "MultiLineString", "coordinates": [ [ [ -75.430805451077546, 5.794928972718886 ], [ -75.431436117064848, 5.79534700974702 ], [ -75.431637653340275, 5.796356119143114 ], [ -75.432259305991423, 5.797192412873057 ], [ -75.433134619654837, 5.797452205740821 ], [ -75.434589250184928, 5.79719957165591 ], [ -75.435097385101599, 5.797616961332592 ], [ -75.436498285776636, 5.797289018427012 ], [ -75.437486147147084, 5.797836408245184 ], [ -75.437691231988666, 5.799669122021437 ], [ -75.438351889061323, 5.799628854447734 ], [ -75.439633529228786, 5.800158311008861 ], [ -75.440277748561158, 5.802066569785256 ], [ -75.441155098444867, 5.802913094115764 ], [ -75.440879441372857, 5.803696613616191 ], [ -75.441129585129772, 5.804281073320697 ], [ -75.440926401965541, 5.804783425819092 ], [ -75.441250877339783, 5.805397973730125 ], [ -75.441125274923181, 5.806655436818138 ], [ -75.440772184189441, 5.807227398341223 ], [ -75.441855945673723, 5.808384881189819 ], [ -75.442281636763283, 5.809273912479725 ], [ -75.444560113379936, 5.810237319499646 ], [ -75.444414397149146, 5.811314636024408 ], [ -75.445633662130959, 5.811552336996554 ], [ -75.446195735385473, 5.812421680536725 ], [ -75.447360934420061, 5.813341691709951 ], [ -75.448896062408622, 5.813043895056973 ], [ -75.448973849743922, 5.813936156463426 ], [ -75.449311165733036, 5.814202358585851 ], [ -75.450175764237244, 5.813847481470034 ], [ -75.451252572160968, 5.814103175677353 ], [ -75.452159580854271, 5.815995743686377 ], [ -75.454108624020762, 5.814812229979092 ], [ -75.454988918708906, 5.816052063361903 ], [ -75.45551121328117, 5.817592601733819 ], [ -75.455094660932915, 5.818165519824865 ], [ -75.455218933064543, 5.819224220604984 ], [ -75.456803455651951, 5.819349403714325 ], [ -75.457356022613894, 5.820257965094195 ], [ -75.457153797612634, 5.821476321520531 ], [ -75.458126152913664, 5.821315034628641 ], [ -75.458694152077115, 5.821912724129573 ], [ -75.4593082434032, 5.821878993276939 ], [ -75.45915781286611, 5.822527337613111 ], [ -75.45956802609507, 5.823258376899955 ], [ -75.460421611435592, 5.823777426505346 ], [ -75.461811277885829, 5.824072668118696 ], [ -75.462134196422085, 5.824660524775068 ], [ -75.462706583385369, 5.824845105962686 ], [ -75.46274472861576, 5.825759847728732 ], [ -75.463629452588322, 5.825678477828242 ], [ -75.463970829059164, 5.825926144506204 ], [ -75.464180510165519, 5.826258871022845 ], [ -75.464067139321799, 5.827130225235194 ], [ -75.465001517182941, 5.82711505263648 ], [ -75.46589857254304, 5.827773080391718 ], [ -75.466804395106166, 5.829069079615566 ], [ -75.466683060688553, 5.830697073712524 ], [ -75.467635177367697, 5.830242459526649 ], [ -75.467467777536228, 5.829478459788937 ], [ -75.469065579474673, 5.829406636213231 ], [ -75.469155469401628, 5.828681141783161 ], [ -75.46944759237482, 5.828680730022176 ], [ -75.469717692970079, 5.82950388102554 ], [ -75.469510994541238, 5.829974437873083 ], [ -75.468964351998494, 5.830234830134369 ], [ -75.468770575455551, 5.830820330955671 ], [ -75.47004120924835, 5.833403396651232 ], [ -75.468978150696231, 5.834447383562188 ], [ -75.469158881076822, 5.835520970536917 ], [ -75.469797384836468, 5.836203942386684 ], [ -75.471107566581409, 5.836640583062096 ], [ -75.471287814389626, 5.837425293292258 ], [ -75.471984230539803, 5.837613593840921 ], [ -75.472772065250652, 5.838963884175432 ], [ -75.473873190665373, 5.839066216615004 ], [ -75.475426178563666, 5.839831353880028 ], [ -75.475390982773661, 5.840138191922708 ], [ -75.474805192928812, 5.840387509818245 ], [ -75.475275204503063, 5.841525297377343 ], [ -75.47400980547026, 5.842987808098504 ], [ -75.475184509000542, 5.845057087257469 ], [ -75.475852686405801, 5.845535429915021 ], [ -75.476458659066694, 5.847681802329725 ], [ -75.477655400398376, 5.848101013050411 ], [ -75.477930147998549, 5.848967247899366 ], [ -75.478839681661171, 5.849667841027373 ], [ -75.479132609121947, 5.850705732969023 ], [ -75.479909309358831, 5.851026924705817 ], [ -75.480413794550316, 5.850562392136677 ], [ -75.481091934655154, 5.851452772040822 ], [ -75.481927335333282, 5.851495931711901 ], [ -75.482131363486843, 5.852233768872152 ], [ -75.482723868991556, 5.852523575116838 ], [ -75.48383036629464, 5.850938100198158 ], [ -75.48466199391693, 5.850381977017679 ], [ -75.484866770390454, 5.851151245584317 ], [ -75.484647317934829, 5.851587550485486 ], [ -75.485117210708339, 5.851878579133276 ], [ -75.485319920758954, 5.852912296748975 ], [ -75.486158821427821, 5.853244573377401 ], [ -75.485606942146589, 5.854378423431722 ], [ -75.486083698527707, 5.85569073818468 ], [ -75.486783733103664, 5.85569534871569 ], [ -75.487597275729897, 5.856285727603092 ], [ -75.488061478946776, 5.856073146573161 ], [ -75.488691319633332, 5.856352692543235 ], [ -75.489152789950751, 5.855677459870862 ], [ -75.490859099248794, 5.854742046439961 ], [ -75.491489674858045, 5.85374165762964 ], [ -75.491982603589022, 5.854061267207867 ], [ -75.493750766611541, 5.853738773221792 ], [ -75.493978469864771, 5.85337854256893 ], [ -75.495276941719737, 5.852794227263553 ], [ -75.49586981888821, 5.852983476528003 ], [ -75.496320942239549, 5.852622190405258 ], [ -75.497051502296429, 5.852682470604405 ], [ -75.499459955465127, 5.851633358448404 ], [ -75.499531371702702, 5.850922052645672 ], [ -75.499070355516992, 5.850460304578512 ], [ -75.499707719421352, 5.850005737490362 ], [ -75.501099088527084, 5.84974442704183 ], [ -75.502064068283104, 5.850132946634384 ], [ -75.502438454587548, 5.849613502760199 ], [ -75.503259096436054, 5.849324580667759 ], [ -75.506135446607516, 5.849173119000428 ], [ -75.506723273941716, 5.848535170998209 ], [ -75.508641406062935, 5.848731802299617 ], [ -75.50962122085933, 5.848513104457711 ], [ -75.510257281569523, 5.848661187748389 ], [ -75.513872277499729, 5.851113441975901 ], [ -75.51594940176841, 5.851244999291496 ], [ -75.517642718518658, 5.850336798711679 ], [ -75.518160570254821, 5.849209666048181 ], [ -75.518783667496848, 5.849022635730586 ], [ -75.519349441632102, 5.848078516961098 ], [ -75.519840474005903, 5.848032588443107 ], [ -75.519930124276414, 5.848800760950891 ], [ -75.519608531768043, 5.849476526349671 ], [ -75.519821801261713, 5.850163205349331 ], [ -75.519094482275946, 5.850516476980311 ], [ -75.519648995448875, 5.85126994401304 ], [ -75.518921169215091, 5.85179575770934 ], [ -75.519048690617382, 5.853846138010349 ], [ -75.51860815026744, 5.854188884595612 ], [ -75.517861891898519, 5.854245317018956 ], [ -75.518001937594661, 5.855382478265461 ], [ -75.517273455718765, 5.855958998100624 ], [ -75.51840423572861, 5.857421485740292 ], [ -75.517958602844729, 5.858688712463071 ], [ -75.518624020151634, 5.859848685873764 ], [ -75.519485753963338, 5.858382496190463 ], [ -75.519856773996011, 5.856899773947728 ], [ -75.520570298382893, 5.856934566439171 ], [ -75.520045043677811, 5.857713829128222 ], [ -75.520203254265695, 5.860064275547783 ], [ -75.520931263363266, 5.860885121709328 ], [ -75.520568510616499, 5.862228671621329 ], [ -75.520781167125278, 5.862959312111232 ], [ -75.521825573322175, 5.863835488075081 ], [ -75.521533341442421, 5.864472352691944 ], [ -75.518924596760272, 5.864090295239208 ], [ -75.517613948994722, 5.864384986950549 ], [ -75.517305791191987, 5.863985941500757 ], [ -75.517584329600425, 5.86310873056036 ], [ -75.517050186049389, 5.86262127402714 ], [ -75.516991314117703, 5.862190274724867 ], [ -75.516475706879191, 5.86202245706407 ], [ -75.516292583031898, 5.86145976925576 ], [ -75.515700006051787, 5.861528639508993 ], [ -75.514625786306183, 5.860895782822687 ], [ -75.513996681949479, 5.860908372684107 ], [ -75.514200402156121, 5.859969606022235 ], [ -75.513895487131649, 5.859569324231614 ], [ -75.512702759167567, 5.860015189948938 ], [ -75.51156928337457, 5.861349971631422 ], [ -75.510893490784653, 5.861320255857819 ], [ -75.511223268653424, 5.862237031705234 ], [ -75.51221595713568, 5.861513490991499 ], [ -75.512568518740892, 5.861575382056071 ], [ -75.512359896680081, 5.86286643210453 ], [ -75.513092837435025, 5.862870148498605 ], [ -75.513850798413912, 5.863283794773932 ], [ -75.51338501961871, 5.864213334135357 ], [ -75.514060325607943, 5.864654669421872 ], [ -75.514566023893153, 5.866245504383195 ], [ -75.515387216576244, 5.86702498843067 ] ] ] } },
{ "type": "Feature", "properties": { "CIRCUITO": "Abejorral - Santa Barbara", "LONG_INTER": 26.2, "ORDEN": 3, "NOMBRE_VIA": "Montebello - El Cairo", "CODIGO_VIA": "25AN03-2", "MPIO_NOMBR": "MONTEBELLO", "SUBREGION_": "SUROESTE", "Long_km": 2.43, "AV_FISICO": 0.03, "AV_FINAN": 0.03, "CONTRATIST": "CONSORCIO VIAS ANTIOQUIA MM 2025", "INTERV": "RENTAN - SADING GROUP S.A.S", "VALOR_CTO": 72870090400.0, "LOTE": 5, "PLAZO_MESE": 12, "FECHA_INI": "05/02/2026", "CTO": "25OO111B2824", "Shape_Leng": 2374.0877211100001 }, "geometry": { "type": "MultiLineString", "coordinates": [ [ [ -75.515387216576244, 5.86702498843067 ], [ -75.517616871236143, 5.867748179015538 ], [ -75.520233052986768, 5.869867493113238 ], [ -75.521697567497455, 5.869946474166089 ], [ -75.524117704105834, 5.869369342133141 ] ], [ [ -75.52612114377898, 5.869509178294366 ], [ -75.52817762862405, 5.868625659858382 ], [ -75.52942311839962, 5.867515912807338 ], [ -75.530319437015436, 5.86547971536442 ], [ -75.531822604660704, 5.864528221502865 ], [ -75.532724994534661, 5.862294672544045 ], [ -75.533653226559082, 5.863419257627965 ] ] ] } },
{ "type": "Feature", "properties": { "CIRCUITO": "Abejorral - La Frontera", "LONG_INTER": 25.49, "ORDEN": 2, "NOMBRE_VIA": "La Ceja - Guaico Grande - Abejorral", "CODIGO_VIA": "56AN05", "MPIO_NOMBR": "ABEJORRAL", "SUBREGION_": "ORIENTE", "Long_km": 20.26, "AV_FISICO": 0.03, "AV_FINAN": 0.03, "CONTRATIST": "POR DEFINIR (RENTAN)", "INTERV": "RENTAN - POR DEFINIR", "VALOR_CTO": 108554215084.00002, "LOTE": 1, "PLAZO_MESE": 15, "FECHA_INI": "20/01/2026", "CTO": "4600018900", "Shape_Leng": 19326.073508099998 }, "geometry": { "type": "MultiLineString", "coordinates": [ [ [ -75.346608266272028, 5.883451479236119 ], [ -75.347495355214392, 5.883794182962002 ], [ -75.347527872097459, 5.8852725834759 ], [ -75.347854762375349, 5.885621270977587 ], [ -75.349486472813837, 5.885469847827032 ], [ -75.351608100280671, 5.883667064520787 ], [ -75.351831573179552, 5.883193046248284 ], [ -75.351403157660044, 5.882920012783591 ], [ -75.351652614441221, 5.882423311352461 ], [ -75.351524120731113, 5.881942550391035 ], [ -75.352432958995109, 5.881868995605252 ], [ -75.353266261032573, 5.880789696424432 ], [ -75.35266728295143, 5.87981188079934 ], [ -75.352723798014239, 5.879263088039955 ], [ -75.351572604636971, 5.878573102563741 ], [ -75.352168010654594, 5.878071778032162 ], [ -75.351710233171531, 5.875960185948745 ], [ -75.351783000357671, 5.875062480734042 ], [ -75.351393660878401, 5.874786662675835 ], [ -75.351385487892415, 5.874371231396595 ], [ -75.352942549416497, 5.874122041110745 ], [ -75.352464599565522, 5.873203763083146 ], [ -75.35362119604838, 5.872861736267439 ], [ -75.353764002785326, 5.872417370053524 ], [ -75.353479833892322, 5.871815825926393 ], [ -75.353742000455512, 5.871444703194102 ], [ -75.353752599645844, 5.870396702165309 ], [ -75.354788302476834, 5.870479068527887 ], [ -75.355015160549627, 5.869826707453094 ], [ -75.354788563012576, 5.86905356796361 ], [ -75.355840165821732, 5.868786090568118 ], [ -75.356402346388649, 5.8689377931457 ], [ -75.356270485162781, 5.868278763608513 ], [ -75.35583336736272, 5.867873743337588 ], [ -75.355855364240071, 5.86712011631578 ], [ -75.356229045712041, 5.866910243826713 ], [ -75.357148294344086, 5.86704113242313 ], [ -75.358147202507837, 5.866361651983399 ], [ -75.358248186418876, 5.865145548788349 ], [ -75.35878836089951, 5.865126952213388 ], [ -75.3602730933126, 5.863914987373031 ], [ -75.360918672304706, 5.863916370244864 ], [ -75.361542407757995, 5.863140557382058 ], [ -75.361623645126301, 5.862389725014121 ], [ -75.362956651558079, 5.862292598906008 ], [ -75.362992710392561, 5.86112251307411 ], [ -75.363980769810283, 5.861459055736135 ], [ -75.364798422706812, 5.861102928102617 ], [ -75.364729664800365, 5.860338363895596 ], [ -75.365222966173448, 5.860122768930357 ], [ -75.365322411058571, 5.858980531256066 ], [ -75.366785268797287, 5.858569879001528 ], [ -75.367330201871809, 5.85806911814917 ], [ -75.368076976253448, 5.858468073518884 ], [ -75.368511220782025, 5.857107746796291 ], [ -75.36912810848743, 5.857391475279584 ], [ -75.369494881417253, 5.858111415058663 ], [ -75.370397233250984, 5.857699397339561 ], [ -75.370951975819793, 5.858144977443839 ], [ -75.371448780643789, 5.857704148074351 ], [ -75.371993624787095, 5.857949365001351 ], [ -75.371997710528731, 5.856135263292245 ], [ -75.372650864595371, 5.855588359456189 ], [ -75.37329757357152, 5.855532033951326 ], [ -75.373488281329131, 5.855105784382943 ], [ -75.374169973042342, 5.854743869038616 ], [ -75.375000254534569, 5.855244791020877 ], [ -75.375602519591155, 5.853199293464161 ], [ -75.376213528294471, 5.853897060232424 ], [ -75.377054311046521, 5.854182554098417 ], [ -75.37886330332249, 5.852512070600541 ], [ -75.379292002697341, 5.852801871995212 ], [ -75.378855028421015, 5.853285866534977 ], [ -75.378956917171124, 5.853518544701136 ], [ -75.380558409015379, 5.852932946433269 ], [ -75.381356314211232, 5.853385469575229 ], [ -75.382106903426489, 5.852297761408808 ], [ -75.381860856035075, 5.851539061236847 ], [ -75.382940304640016, 5.851938571854249 ], [ -75.383259498526627, 5.851786504841202 ], [ -75.383401971049111, 5.849774447574194 ], [ -75.383703675265522, 5.849671689850669 ], [ -75.384142921520763, 5.850027554841429 ], [ -75.385239481424719, 5.849157372721269 ], [ -75.385728992415622, 5.849075104173905 ], [ -75.385748607105654, 5.848312381730771 ], [ -75.386348216230658, 5.847791427221674 ], [ -75.387798735159151, 5.847444219526371 ], [ -75.387862042792221, 5.8467088676807 ], [ -75.388373499498698, 5.845906403527515 ], [ -75.389008646318828, 5.845777771752301 ], [ -75.39012254164706, 5.844863510747724 ], [ -75.39101885761086, 5.845039167205924 ], [ -75.390947360919526, 5.844263121103999 ], [ -75.39220862456871, 5.843942914075228 ], [ -75.392571055033798, 5.843286950148326 ], [ -75.391992323926104, 5.843113682568491 ], [ -75.392016733978537, 5.842378709035879 ], [ -75.391511174254603, 5.84138707993186 ], [ -75.393165072297847, 5.841695286563165 ], [ -75.393606394120937, 5.841165600397085 ], [ -75.394561489451959, 5.841022625010855 ], [ -75.39511939127928, 5.841494747708113 ], [ -75.395470256676731, 5.843688908616993 ], [ -75.395732160146878, 5.843818663891948 ], [ -75.396316978964009, 5.841711173842949 ], [ -75.397439455630618, 5.841496227069274 ], [ -75.399343151990593, 5.839628252834686 ], [ -75.400619803627194, 5.840009272435347 ], [ -75.40080876900906, 5.839522637099577 ], [ -75.401669065861995, 5.838954927361203 ], [ -75.402223049195726, 5.838850702357028 ], [ -75.402800949685258, 5.8391853602816 ], [ -75.403454870415672, 5.83846066417602 ], [ -75.403913450132094, 5.838453473201037 ], [ -75.404153228482897, 5.838149845592477 ], [ -75.403958262463419, 5.837109574009376 ], [ -75.40468375378866, 5.835893186642974 ], [ -75.405013146337154, 5.8357649801308 ], [ -75.405526826141667, 5.83622233830306 ], [ -75.406160532052183, 5.836219625096267 ], [ -75.406705747795698, 5.835422786597152 ], [ -75.406811336407088, 5.83411970237403 ], [ -75.407743494252415, 5.833210955586743 ], [ -75.407752503955535, 5.832257305308929 ], [ -75.408533387393391, 5.832094450788451 ], [ -75.409071634833239, 5.831349664266102 ], [ -75.409598590848802, 5.829480472962698 ], [ -75.409121607874695, 5.8281374256255 ], [ -75.409235397780037, 5.827586125583762 ], [ -75.409526554919367, 5.827606666698602 ], [ -75.410438703102898, 5.829568298347771 ], [ -75.410373258524785, 5.830133416069873 ], [ -75.410905890902541, 5.830647864218027 ], [ -75.411247121651016, 5.830450311088402 ], [ -75.410804925851608, 5.829062813000703 ], [ -75.410984748514025, 5.828483327963887 ], [ -75.410383471501504, 5.827455925346325 ], [ -75.410731110399922, 5.827540092860585 ], [ -75.411378564458275, 5.829062571237166 ], [ -75.411954579594791, 5.829087091981753 ], [ -75.411516787140741, 5.8283257010149 ], [ -75.411438241467295, 5.825922388129267 ], [ -75.412068514906849, 5.824727211057388 ], [ -75.411829236403591, 5.823829023836733 ], [ -75.412019518454017, 5.823461616007903 ], [ -75.411316246098949, 5.823007353186049 ], [ -75.412499244815066, 5.822048138636666 ], [ -75.41264669261561, 5.821149789992607 ], [ -75.413458701943668, 5.820874721442916 ], [ -75.414037692273311, 5.819870143713327 ], [ -75.414065552452982, 5.819083425699787 ], [ -75.414617935375048, 5.818708854097224 ], [ -75.414475054995194, 5.817627042089546 ], [ -75.414902167548675, 5.816634085816494 ], [ -75.413577584069841, 5.814874481747037 ], [ -75.41364790918432, 5.814614064775041 ], [ -75.414197890926104, 5.814505150420871 ], [ -75.414167092572228, 5.814079286978085 ], [ -75.413221736392714, 5.813234935983417 ], [ -75.414490564324723, 5.812599405640013 ], [ -75.414558157529527, 5.81146540762979 ], [ -75.415105325520642, 5.811609832530776 ], [ -75.415364831224593, 5.812790505610408 ], [ -75.416541208111056, 5.812773180908011 ], [ -75.416589546281187, 5.811600136141521 ], [ -75.417652317308992, 5.811887227144788 ], [ -75.418386112809159, 5.810209876497065 ], [ -75.418857569612484, 5.811761555442812 ], [ -75.420103162244956, 5.812139723337717 ], [ -75.420765215868045, 5.813366955616416 ], [ -75.421817893324103, 5.813200309441357 ], [ -75.422411922169019, 5.813490952143502 ], [ -75.422139293472412, 5.815113420763841 ], [ -75.422869337611843, 5.815291934323676 ] ] ] } },
{ "type": "Feature", "properties": { "CIRCUITO": "Abejorral - La Frontera", "LONG_INTER": 25.49, "ORDEN": 2, "NOMBRE_VIA": "La Ceja - Guaico Grande - Abejorral", "CODIGO_VIA": "56AN05", "MPIO_NOMBR": "LA UNIÓN", "SUBREGION_": "ORIENTE", "Long_km": 5.23, "AV_FISICO": 0.03, "AV_FINAN": 0.03, "CONTRATIST": "POR DEFINIR (RENTAN)", "INTERV": "RENTAN - POR DEFINIR", "VALOR_CTO": 108554215084.00002, "LOTE": 1, "PLAZO_MESE": 15, "FECHA_INI": "20/01/2026", "CTO": "4600018900", "Shape_Leng": 4957.5127991999998 }, "geometry": { "type": "MultiLineString", "coordinates": [ [ [ -75.317769880656925, 5.886857283952223 ], [ -75.317846973239384, 5.887993111023656 ], [ -75.318914797757813, 5.887599288570728 ], [ -75.31942543969997, 5.887880324727521 ], [ -75.319218955378773, 5.887130646812848 ], [ -75.320510176193935, 5.886140685377498 ], [ -75.320589710791992, 5.885516728239777 ], [ -75.321391889780671, 5.886847570372016 ], [ -75.322122929857187, 5.886127035423421 ], [ -75.322596009925434, 5.886185072047947 ], [ -75.322306830512773, 5.885407059132246 ], [ -75.32259733905498, 5.884323929449179 ], [ -75.323529369173727, 5.884054737241582 ], [ -75.324253497368233, 5.883186727350752 ], [ -75.323512490938185, 5.883048805591107 ], [ -75.323667952053981, 5.88205662965641 ], [ -75.32505837712074, 5.881283398999227 ], [ -75.326122855910583, 5.881404513406408 ], [ -75.327048890092087, 5.880168472606733 ], [ -75.32740865046938, 5.880433234799726 ], [ -75.327305630456209, 5.881326379519092 ], [ -75.328387369023986, 5.881376736946819 ], [ -75.32904757286677, 5.882208806569245 ], [ -75.329685333342482, 5.881572973024813 ], [ -75.33049212611715, 5.881555477402689 ], [ -75.331626097804858, 5.882025687098608 ], [ -75.331859732873056, 5.882485871414173 ], [ -75.332421908758334, 5.881358239042013 ], [ -75.333916388554925, 5.881398929039917 ], [ -75.335943685497526, 5.87983965697807 ], [ -75.336453158556409, 5.879974204297571 ], [ -75.336614304076377, 5.880421590647719 ], [ -75.337259666324556, 5.880535109614238 ], [ -75.338414031771364, 5.880129494723145 ], [ -75.338864860037731, 5.880500568831091 ], [ -75.340255722312818, 5.880234633681868 ], [ -75.341124145357412, 5.879690770833969 ], [ -75.342387308467664, 5.880659188473223 ], [ -75.343430643217502, 5.882894920023478 ], [ -75.344191040848102, 5.88268674096549 ], [ -75.344622936483205, 5.88304731442508 ], [ -75.346044904970199, 5.883104468063896 ], [ -75.346286119380252, 5.883532288415555 ], [ -75.346608266272028, 5.883451479236119 ] ] ] } },
{ "type": "Feature", "properties": { "CIRCUITO": "Andes - San José - Pueblo Rico", "LONG_INTER": 22.39, "ORDEN": 3, "NOMBRE_VIA": "Pueblorrico - Ye a La Bodega (Andes) - La Bodega (Andes)", "CODIGO_VIA": "60AN04-1", "MPIO_NOMBR": "ANDES", "SUBREGION_": "SUROESTE", "Long_km": 13.95, "AV_FISICO": 0.03, "AV_FINAN": 0.03, "CONTRATIST": "CONSORCIO VIAS ANTIOQUIA MM 2025", "INTERV": "RENTAN - SADING GROUP S.A.S", "VALOR_CTO": 72870090400.0, "LOTE": 5, "PLAZO_MESE": 12, "FECHA_INI": "05/02/2026", "CTO": "25OO111B2824", "Shape_Leng": 13410.592731500001 }, "geometry": { "type": "MultiLineString", "coordinates": [ [ [ -75.867550014677406, 5.752713823947146 ], [ -75.867520162158954, 5.750552208169524 ], [ -75.865366834049084, 5.749046306099478 ], [ -75.864922547567403, 5.748954436889615 ], [ -75.864458178885187, 5.74930319740805 ], [ -75.864120333703553, 5.749110010531169 ], [ -75.864259172083166, 5.748741140911826 ], [ -75.864708795708822, 5.748625829262407 ], [ -75.867164163789155, 5.749252813589661 ], [ -75.867907013506951, 5.748946504693731 ], [ -75.867716615538313, 5.748762979946645 ], [ -75.86717353769771, 5.748979304751036 ], [ -75.864967944367095, 5.747333656740206 ], [ -75.864150537598135, 5.747126766865214 ], [ -75.864408694575943, 5.745941420144483 ], [ -75.864932001242877, 5.745348962278266 ], [ -75.864769780808501, 5.744805501901858 ], [ -75.865483499529986, 5.745160981176445 ], [ -75.86581577714999, 5.744798339310774 ], [ -75.865649647968553, 5.744389937674036 ], [ -75.864653948430984, 5.744353073402593 ], [ -75.864640858603948, 5.743985268590553 ], [ -75.865876008729515, 5.744005036727709 ], [ -75.866575597033744, 5.744767274136154 ], [ -75.867551758711315, 5.744252797465826 ], [ -75.868167126249702, 5.744254670708332 ], [ -75.868544035975646, 5.745841471221418 ], [ -75.869463556179241, 5.746847585947331 ], [ -75.869650402408951, 5.748384918478991 ], [ -75.870594200569471, 5.748765144190109 ], [ -75.87080186359951, 5.749825253769635 ], [ -75.871598182809876, 5.750118669818595 ], [ -75.871856808280015, 5.749810590684027 ], [ -75.870929994039699, 5.749287269862585 ], [ -75.870856140091746, 5.747405069544414 ], [ -75.87031363125034, 5.746975184125354 ], [ -75.870570325808771, 5.746278763626375 ], [ -75.869499184810081, 5.745416023187545 ], [ -75.86939286677223, 5.743512723033958 ], [ -75.868962035257326, 5.742496177339108 ], [ -75.86739906682422, 5.742382692696668 ], [ -75.867154229232881, 5.740659653774804 ], [ -75.866711637166688, 5.740331701076525 ], [ -75.865662095093782, 5.740198791595339 ], [ -75.865130596613866, 5.739613527798329 ], [ -75.865326893440482, 5.739388220173234 ], [ -75.86603026080202, 5.739605435988962 ], [ -75.866485120233378, 5.738890367805106 ], [ -75.867081778639374, 5.738879457098435 ], [ -75.867689795027673, 5.73817847471055 ], [ -75.868359774711777, 5.737978770073159 ] ], [ [ -75.870756525232466, 5.735158951363704 ], [ -75.869961939780239, 5.735298363928545 ], [ -75.869651471891771, 5.736078552439631 ], [ -75.869248345184687, 5.736037193429482 ], [ -75.868891069952781, 5.734987566956169 ], [ -75.869602172369824, 5.734783732082694 ], [ -75.869925149894641, 5.734331130239762 ], [ -75.868362735553504, 5.734603623113784 ], [ -75.868863560061769, 5.732711856425456 ], [ -75.869205634424588, 5.732291091995873 ], [ -75.869936475846131, 5.732316688783276 ], [ -75.872547551510479, 5.730033925055136 ], [ -75.872448994081196, 5.729110910462993 ], [ -75.873177961312706, 5.728458591594301 ], [ -75.873987713888127, 5.728914383198854 ], [ -75.874392683535291, 5.728736636429909 ], [ -75.874882993949441, 5.726474522009879 ], [ -75.876681031500695, 5.726861860240583 ], [ -75.878631452440771, 5.728559758438792 ], [ -75.879403348541999, 5.728124324087924 ], [ -75.880109627259145, 5.728503012894183 ], [ -75.880903648388909, 5.728138414201474 ], [ -75.881904727524216, 5.728517581473744 ], [ -75.882103279688238, 5.728021058036859 ], [ -75.881260686258955, 5.726782348290647 ], [ -75.881962643029439, 5.726784096276745 ], [ -75.882826144701809, 5.727269863902457 ], [ -75.882710646100222, 5.726234788464652 ], [ -75.882344373534238, 5.725743923316071 ], [ -75.883863939070977, 5.724914308466455 ], [ -75.883638007960087, 5.723615390265406 ], [ -75.882859228611949, 5.723356677627351 ], [ -75.88173042845527, 5.72179054618761 ], [ -75.880748672451361, 5.72151357063737 ], [ -75.881372915302734, 5.7209819258122 ], [ -75.881371801342439, 5.72064291087795 ], [ -75.879223778972332, 5.719469393259407 ], [ -75.877860508237958, 5.71744242386266 ], [ -75.877506448491729, 5.716396129436499 ], [ -75.877537163903909, 5.715110770333081 ], [ -75.878059308567416, 5.714078678342987 ], [ -75.877472406004514, 5.712751759677039 ], [ -75.878829838427308, 5.712566935830176 ], [ -75.879699671833421, 5.710792886460546 ], [ -75.881245497616845, 5.709460319033565 ], [ -75.881155345416857, 5.707853588780952 ], [ -75.880490661583693, 5.705551776357481 ], [ -75.879994659468338, 5.704754858646078 ], [ -75.880475600061175, 5.703313283557442 ], [ -75.879903239391368, 5.703074041180831 ], [ -75.879886445642057, 5.702664206731232 ], [ -75.880528267087954, 5.700724800324041 ], [ -75.880102109015965, 5.699847809355583 ], [ -75.878608025170251, 5.698989949988404 ], [ -75.879268492303126, 5.698177076208698 ], [ -75.879217277319725, 5.696347507911558 ] ] ] } },
{ "type": "Feature", "properties": { "CIRCUITO": "Andes - San José - Pueblo Rico", "LONG_INTER": 22.39, "ORDEN": 3, "NOMBRE_VIA": "Pueblorrico - Ye a La Bodega (Andes) - La Bodega (Andes)", "CODIGO_VIA": "60AN04-1", "MPIO_NOMBR": "PUEBLORRICO", "SUBREGION_": "SUROESTE", "Long_km": 8.44, "AV_FISICO": 0.03, "AV_FINAN": 0.03, "CONTRATIST": "CONSORCIO VIAS ANTIOQUIA MM 2025", "INTERV": "RENTAN - SADING GROUP S.A.S", "VALOR_CTO": 72870090400.0, "LOTE": 5, "PLAZO_MESE": 12, "FECHA_INI": "05/02/2026", "CTO": "25OO111B2824", "Shape_Leng": 8126.1194161399999 }, "geometry": { "type": "MultiLineString", "coordinates": [ [ [ -75.834391620569605, 5.77955602792686 ], [ -75.833811395534326, 5.778686574535651 ], [ -75.833934956927564, 5.77841637265334 ], [ -75.834681968621879, 5.778562392563224 ], [ -75.835210565581662, 5.778290011871628 ], [ -75.836475827530464, 5.778648184018562 ], [ -75.836863773001383, 5.778145120424574 ], [ -75.837061631343047, 5.778823741552028 ], [ -75.837576221022957, 5.778385546435787 ], [ -75.837591690205826, 5.777893044872678 ], [ -75.837097134854218, 5.777133397525423 ], [ -75.837135447843806, 5.775732705604925 ], [ -75.837528651452246, 5.775041288469374 ], [ -75.83685733498659, 5.77489932651658 ], [ -75.837340223913671, 5.774219644226112 ], [ -75.837543269096869, 5.773227070709128 ], [ -75.83838698852179, 5.772299072706934 ], [ -75.838469439227964, 5.771628759703054 ], [ -75.837886817764627, 5.771388695132034 ], [ -75.837924412587071, 5.771121988041075 ], [ -75.838798928362152, 5.771075643120838 ], [ -75.839910843580725, 5.772237046187957 ], [ -75.840768783130656, 5.77239070723954 ], [ -75.841385522812914, 5.773401365892163 ], [ -75.843762216329395, 5.774619607092211 ], [ -75.843889920439736, 5.773727094857747 ], [ -75.847799257413897, 5.771028936561622 ], [ -75.848303313914002, 5.770057807431265 ], [ -75.848881487748784, 5.770054538471494 ], [ -75.849510696540477, 5.770710829980335 ], [ -75.849940765649364, 5.771970131431072 ], [ -75.850431467078081, 5.77189840234021 ], [ -75.851816119986211, 5.77014604850316 ], [ -75.851977992644947, 5.770652900732746 ], [ -75.852494825444609, 5.770595286422962 ], [ -75.853254820565141, 5.771461514250306 ], [ -75.855548989078102, 5.768297964219888 ], [ -75.856628279844756, 5.768865721072097 ], [ -75.858001682553621, 5.768294270545395 ], [ -75.857520166596686, 5.767310302406342 ], [ -75.857502272996541, 5.766372381719489 ], [ -75.856704654048954, 5.765153953436082 ], [ -75.856662843133975, 5.763908265420351 ], [ -75.857386179245182, 5.763519997825711 ], [ -75.858831941000503, 5.763401035688449 ], [ -75.85915094149351, 5.762536128429036 ], [ -75.860420699820097, 5.761720397284323 ], [ -75.860859067606469, 5.761094008374489 ], [ -75.860618979158247, 5.76066206077213 ], [ -75.859450772089801, 5.76060494651387 ], [ -75.860773375016649, 5.75981375102218 ], [ -75.860998516471838, 5.759313820667516 ], [ -75.860119090015573, 5.75857877609205 ], [ -75.860471228673646, 5.758003229723617 ], [ -75.860383214565687, 5.757420189777426 ], [ -75.860763203696138, 5.756253085854312 ], [ -75.860103995046316, 5.754154599030716 ], [ -75.860938950683661, 5.754583389214097 ], [ -75.861617022761337, 5.754302932782623 ], [ -75.862439840688779, 5.754563311375555 ], [ -75.863040932445728, 5.754130577763354 ], [ -75.864276187638325, 5.755467365685328 ], [ -75.864993054475704, 5.755685871200666 ], [ -75.865900659705602, 5.755271313760738 ], [ -75.865787649757365, 5.754573418169425 ], [ -75.866090522009571, 5.753986038445381 ], [ -75.867175656689653, 5.753528377649723 ], [ -75.867550014677406, 5.752713823947146 ] ] ] } },
{ "type": "Feature", "properties": { "CIRCUITO": "Sopetrán - Horizontes - Belmira", "LONG_INTER": 39.59, "ORDEN": 3, "NOMBRE_VIA": "Sopetrán - Belmira", "CODIGO_VIA": "62AN15", "MPIO_NOMBR": "BELMIRA", "SUBREGION_": "NORTE", "Long_km": 4.4, "AV_FISICO": 0.03, "AV_FINAN": 0.03, "CONTRATIST": "CONSORCIO VIAS ANTIOQUIA NORTE", "INTERV": "RENTAN - CONSORCIO INTERVIALES 2025", "VALOR_CTO": 124487403196.0, "LOTE": 8, "PLAZO_MESE": 18, "FECHA_INI": "11/02/2026", "CTO": "25OO111B2826", "Shape_Leng": 4244.8615732799999 }, "geometry": { "type": "MultiLineString", "coordinates": [ [ [ -75.696208120310501, 6.608357891000921 ], [ -75.694661370655709, 6.608830998602628 ], [ -75.694376060934587, 6.609436679179743 ], [ -75.693765201904824, 6.609772240103884 ], [ -75.693794992238921, 6.610287715098946 ], [ -75.693463280966725, 6.610675185654483 ], [ -75.691890489642233, 6.610503485956758 ], [ -75.690474938522811, 6.61105498631666 ], [ -75.689150198651859, 6.611178760008447 ], [ -75.688184711191596, 6.611063999963362 ], [ -75.687617193876676, 6.610622560104827 ], [ -75.687083644326236, 6.610901343231091 ], [ -75.68572991413393, 6.609392041390405 ], [ -75.684053007746158, 6.609616068529289 ], [ -75.683645771239895, 6.608786194508951 ], [ -75.683687431585668, 6.607817491271305 ], [ -75.682683685544987, 6.607326675375325 ], [ -75.681308306500725, 6.606929158273114 ], [ -75.680963806991102, 6.60735336014609 ], [ -75.680194571947553, 6.607333969965229 ], [ -75.678876216116137, 6.606673128661023 ], [ -75.678621663683927, 6.606841208301125 ], [ -75.67860427364846, 6.607440645181834 ], [ -75.678307600873893, 6.607448764492257 ], [ -75.677628732699603, 6.605912224523744 ], [ -75.676803301388276, 6.605419797255879 ], [ -75.677190909193286, 6.604575498238885 ], [ -75.676986190907044, 6.604386226528669 ], [ -75.676013510655096, 6.605576648594933 ], [ -75.675198929865417, 6.605343388860606 ], [ -75.674089170210351, 6.605873039052241 ], [ -75.673742139551194, 6.60669009346395 ], [ -75.674199210758886, 6.607728126005641 ], [ -75.672442639383405, 6.608773889687044 ], [ -75.671727949895143, 6.609685528823149 ], [ -75.671501175713487, 6.610918546039924 ], [ -75.670489995037272, 6.612078455829468 ] ] ] } },
{ "type": "Feature", "properties": { "CIRCUITO": "Sopetrán - Horizontes - Belmira", "LONG_INTER": 39.59, "ORDEN": 3, "NOMBRE_VIA": "Sopetrán - Belmira", "CODIGO_VIA": "62AN15", "MPIO_NOMBR": "SOPETRÁN", "SUBREGION_": "OCCIDENTE", "Long_km": 35.19, "AV_FISICO": 0.03, "AV_FINAN": 0.03, "CONTRATIST": "CONSORCIO EL PROGRESO", "INTERV": "RENTAN - CONSORCIO TEMPORALES", "VALOR_CTO": 104855613958.0, "LOTE": 2, "PLAZO_MESE": 18, "FECHA_INI": "10/02/2026", "CTO": "25OO111B2821", "Shape_Leng": 31981.617645499999 }, "geometry": { "type": "MultiLineString", "coordinates": [ [ [ -75.737093055915452, 6.601120212191218 ], [ -75.736539080219856, 6.602490821012323 ], [ -75.735544672149146, 6.602663623233696 ], [ -75.734149662239474, 6.604095809088639 ], [ -75.732395225099779, 6.604207765181013 ], [ -75.731578278897302, 6.604726473381526 ], [ -75.730277551098681, 6.604827857753937 ], [ -75.728064293723762, 6.605678309039614 ], [ -75.726782588929098, 6.605507945749559 ], [ -75.726096499965664, 6.606013159550076 ], [ -75.725340975840169, 6.60609411207714 ], [ -75.725248081213522, 6.606781962486129 ], [ -75.724444301064878, 6.607101484610192 ], [ -75.723349392044284, 6.605805457317275 ], [ -75.721113044539592, 6.609849812454796 ], [ -75.720320383605781, 6.610535303111925 ], [ -75.719478155907154, 6.610478670682122 ], [ -75.718653641787213, 6.611627870205323 ], [ -75.71773433845334, 6.611763695401346 ], [ -75.716221303062696, 6.613163527711653 ], [ -75.714793178471666, 6.61253307280786 ], [ -75.713752346860744, 6.611163373650762 ], [ -75.712444580899529, 6.613876352047691 ], [ -75.711711378779668, 6.614217302412093 ], [ -75.710976961789413, 6.614067438840493 ], [ -75.710435557119652, 6.614591058182397 ], [ -75.709770155885693, 6.614502623253088 ], [ -75.708484387897059, 6.615703144699439 ], [ -75.706913344020336, 6.615501191727106 ], [ -75.704684248453077, 6.613307591276463 ], [ -75.702996158051988, 6.613688743310037 ], [ -75.700222263335377, 6.612219287146411 ], [ -75.699968713315727, 6.611049742510922 ], [ -75.698504148386164, 6.608741594716772 ], [ -75.697292586860556, 6.60900516937703 ], [ -75.696208120310501, 6.608357891000921 ] ], [ [ -75.731352538715953, 6.581836898654347 ], [ -75.731128704523442, 6.583326826715196 ], [ -75.731311609719597, 6.584503640006682 ], [ -75.730537917139387, 6.585811430665514 ], [ -75.730939430007311, 6.586168933240892 ], [ -75.731421651693012, 6.588146352508524 ], [ -75.732810721272713, 6.586244584079385 ], [ -75.733510266458154, 6.586222386707322 ], [ -75.735404995295795, 6.585197497178819 ], [ -75.737740883695196, 6.584890509305441 ], [ -75.73793045357543, 6.584467306313157 ], [ -75.737683313831553, 6.582865083813097 ], [ -75.736528913722864, 6.582015621634436 ], [ -75.736987936433962, 6.581079479959186 ], [ -75.73796745551347, 6.580149281569715 ], [ -75.739276285505511, 6.579948140667603 ], [ -75.739048579824399, 6.577183417284616 ], [ -75.739808853096847, 6.576324363791263 ], [ -75.741159486224987, 6.577652612741924 ], [ -75.740990247758248, 6.578024326557603 ], [ -75.740323976153448, 6.577366481151388 ], [ -75.740091394980993, 6.577774650007647 ], [ -75.740316732110799, 6.578436132529363 ], [ -75.740080125242216, 6.57904391263637 ], [ -75.740237503088267, 6.580030916441856 ], [ -75.740431821580614, 6.580058530626928 ], [ -75.740594238294193, 6.579403925995312 ], [ -75.741118756458761, 6.579815037210738 ], [ -75.740499146200364, 6.580902808739311 ], [ -75.740539077947517, 6.581453980170454 ], [ -75.741056445243771, 6.580984418931749 ], [ -75.742251694028567, 6.580674402864702 ], [ -75.743512015656734, 6.582808058679301 ], [ -75.74515978703829, 6.583741195721646 ], [ -75.745555002147213, 6.584252528567365 ], [ -75.746261371254576, 6.585840139071976 ], [ -75.745216221470542, 6.584576965717718 ], [ -75.743676411676972, 6.584521617860686 ], [ -75.743226764453439, 6.58397018430021 ], [ -75.742290111398958, 6.584968396263821 ], [ -75.741967756407206, 6.586706341576901 ], [ -75.742658776489165, 6.585632475035655 ], [ -75.742979333328591, 6.585748776218435 ], [ -75.742675815762894, 6.58629514893049 ], [ -75.74283661416996, 6.587580082915494 ], [ -75.742168677491662, 6.588155624318074 ], [ -75.743706943345131, 6.587457282914605 ], [ -75.744553197564258, 6.588821807403909 ], [ -75.743098787412379, 6.591365797328214 ], [ -75.742491270787227, 6.59387135127015 ], [ -75.742260438617492, 6.593834694922139 ], [ -75.742380648721763, 6.592138372712607 ], [ -75.741730424620812, 6.592692556132308 ], [ -75.740441266626746, 6.593130588930448 ], [ -75.740197989362187, 6.594530918880871 ], [ -75.739448541050265, 6.595336025869607 ], [ -75.739652226744099, 6.595526185260238 ], [ -75.740803959980667, 6.594641684141463 ], [ -75.73974169382781, 6.596385847095778 ], [ -75.740822877062669, 6.595914237208195 ], [ -75.741451491334644, 6.596673042685836 ], [ -75.740681967946614, 6.596899723516347 ] ], [ [ -75.745157115138994, 6.530126033402679 ], [ -75.745820751103935, 6.530930207653804 ], [ -75.745779041920798, 6.531387949392861 ], [ -75.745320781017554, 6.531653090302449 ], [ -75.74409773041944, 6.531354625286296 ], [ -75.743086908142672, 6.530279676929053 ], [ -75.742418345231542, 6.53040203292417 ], [ -75.741752988726574, 6.529116489057817 ], [ -75.741774094212744, 6.528539692738241 ], [ -75.741202939983395, 6.528591508804482 ], [ -75.74102763483981, 6.529745764614406 ], [ -75.739667747928763, 6.532334362884546 ], [ -75.738656769058892, 6.53268397319428 ], [ -75.737631030679054, 6.532370789279864 ], [ -75.73736050874632, 6.532940867076397 ], [ -75.735588343262279, 6.534305119754522 ], [ -75.735786102463891, 6.534527837855629 ], [ -75.738031028167597, 6.534561239625028 ], [ -75.738688322535964, 6.534139013392056 ], [ -75.738462149284643, 6.535405122146992 ], [ -75.739090347512985, 6.536815247007959 ], [ -75.73790578374593, 6.535658571211137 ], [ -75.736445806566479, 6.536189205425337 ], [ -75.735874528442409, 6.537560252331136 ], [ -75.735282225869327, 6.538050072370857 ], [ -75.735124116132582, 6.538824771740041 ], [ -75.733096846440034, 6.540132453771223 ], [ -75.732865998721977, 6.540694313641197 ], [ -75.731592390792471, 6.541181689739505 ], [ -75.731803666841174, 6.54171878453594 ], [ -75.73232859565185, 6.541108866471469 ], [ -75.733821853715568, 6.541012953834799 ], [ -75.734408884689799, 6.540563767606752 ], [ -75.735514982447995, 6.540322698336384 ], [ -75.736693679876126, 6.539075815517417 ], [ -75.73711578098272, 6.539138077626206 ], [ -75.736957875863183, 6.53948023361071 ], [ -75.736491457028137, 6.539587256182671 ], [ -75.735552848837656, 6.540986469106095 ], [ -75.734161025287662, 6.541631417879926 ], [ -75.733324985701131, 6.543000876918002 ], [ -75.733603859984527, 6.543105728511135 ], [ -75.734697832216852, 6.542117744253082 ], [ -75.736061292780136, 6.541632165551052 ], [ -75.735901844094229, 6.542530665796665 ], [ -75.735056867885319, 6.543813528448086 ], [ -75.735144914557409, 6.545171598627484 ], [ -75.734717339000511, 6.546645629363241 ], [ -75.73511223284423, 6.546928242559757 ], [ -75.734844459679721, 6.548821138638936 ], [ -75.734539164878768, 6.548712835286862 ], [ -75.734570880486601, 6.54733035554812 ], [ -75.733993243079624, 6.54682816101283 ], [ -75.73410656886017, 6.545817392226149 ], [ -75.733796347405644, 6.545115586052888 ], [ -75.732041238206335, 6.545828263573128 ], [ -75.731327298929841, 6.546550821107287 ], [ -75.730938133082773, 6.546039337846563 ], [ -75.730514369389837, 6.546020949927449 ], [ -75.729710249018652, 6.547657784379163 ], [ -75.72852489572621, 6.54797190478714 ], [ -75.727770924638705, 6.548445805893973 ], [ -75.727441246492376, 6.549044001924377 ], [ -75.729587517200471, 6.548495262204955 ], [ -75.729816921261872, 6.549243332737215 ], [ -75.730593289511773, 6.549174417240459 ], [ -75.730711758634826, 6.549416543369115 ], [ -75.729790748907831, 6.550354280711062 ], [ -75.728192257273321, 6.550384543678008 ], [ -75.726715189560977, 6.550909066840599 ], [ -75.726745460844455, 6.551159432745525 ], [ -75.727284661218135, 6.551149031680055 ], [ -75.727550762014474, 6.5514557713145 ], [ -75.726757995520131, 6.553975775480842 ], [ -75.725902711242057, 6.554483644652617 ], [ -75.725211286433279, 6.554378125595885 ], [ -75.72426329143866, 6.555440012375741 ], [ -75.724335181057256, 6.555952644311182 ], [ -75.723477115185304, 6.557153436500011 ], [ -75.721195565489197, 6.557138778801574 ], [ -75.720623632917253, 6.557491294737019 ], [ -75.719892097942747, 6.557326807092852 ], [ -75.718846853527708, 6.558205462804707 ], [ -75.717587806274025, 6.558464615768203 ], [ -75.71693156211677, 6.559717547482674 ], [ -75.716046664710191, 6.560404614141711 ], [ -75.715915593760798, 6.562882787847701 ], [ -75.714205790131714, 6.564327326665209 ], [ -75.71384905647075, 6.564960899798089 ], [ -75.713738459896405, 6.565670899078039 ], [ -75.714490161063949, 6.566530486546377 ], [ -75.714393660657549, 6.567233148044853 ], [ -75.7151658654481, 6.56745353961963 ], [ -75.715530192110691, 6.568352836072849 ], [ -75.714040511201475, 6.569504085088511 ], [ -75.713366323933556, 6.570597905624097 ], [ -75.713290950936667, 6.572337615450965 ], [ -75.712770586627371, 6.572912905403377 ], [ -75.712850067096795, 6.573177772691841 ], [ -75.715225245629682, 6.572480125939062 ], [ -75.716275271319674, 6.57245738860461 ], [ -75.716999569755686, 6.572932179324006 ], [ -75.7179641431226, 6.572690540026141 ], [ -75.719617803439192, 6.571525889888751 ], [ -75.720896873651483, 6.571208641567835 ], [ -75.721283294918607, 6.570221403198571 ], [ -75.722193376163659, 6.569080564131704 ], [ -75.723161626731681, 6.569373428361499 ], [ -75.724253706742303, 6.569163060323325 ], [ -75.724569082597384, 6.569483816590568 ], [ -75.724314676926269, 6.570887101605583 ], [ -75.722999958420573, 6.571637899738936 ], [ -75.721885097775342, 6.574204433471657 ], [ -75.721240924127386, 6.574578470392338 ], [ -75.720966031865416, 6.575144077083699 ], [ -75.721108045416571, 6.576220507108227 ], [ -75.72227337458699, 6.576864778042722 ], [ -75.72081721222807, 6.579147857954244 ], [ -75.719622569409538, 6.580148335215491 ], [ -75.720040695940284, 6.58054243049525 ], [ -75.719749874426526, 6.581536065486866 ], [ -75.720147985802654, 6.582750236821514 ], [ -75.719365230739896, 6.58357894891375 ], [ -75.720014480065757, 6.583976441722948 ], [ -75.71967353279895, 6.585228511034194 ], [ -75.71895108099983, 6.585555948648311 ], [ -75.718958939813291, 6.585809393327769 ], [ -75.719696350234003, 6.585939665925276 ], [ -75.720418999800501, 6.585692487096037 ], [ -75.720820358618298, 6.584920492178798 ], [ -75.721428957469712, 6.584737557008453 ], [ -75.721898374730898, 6.584061878147232 ], [ -75.723451609144846, 6.583036321734872 ], [ -75.723081977249649, 6.582279164768744 ], [ -75.723777192670397, 6.581712802182501 ], [ -75.723593836064524, 6.580843849519556 ], [ -75.724657364907799, 6.580155741200871 ] ] ] } },
{ "type": "Feature", "properties": { "CIRCUITO": "Ebéjico - Heliconia - Medellin", "LONG_INTER": 28.76, "ORDEN": 2, "NOMBRE_VIA": "La Miserenga (Cruce Ruta 62) - Ebéjico - Heliconia - Alto del Chuscal", "CODIGO_VIA": "62AN17", "MPIO_NOMBR": "EBÉJICO", "SUBREGION_": "OCCIDENTE", "Long_km": 11.23, "AV_FISICO": 0.03, "AV_FINAN": 0.03, "CONTRATIST": "CONSORCIO EL PROGRESO", "INTERV": "RENTAN - CONSORCIO TEMPORALES", "VALOR_CTO": 104855613958.0, "LOTE": 2, "PLAZO_MESE": 18, "FECHA_INI": "10/02/2026", "CTO": "25OO111B2821", "Shape_Leng": 10789.6004381 }, "geometry": { "type": "MultiLineString", "coordinates": [ [ [ -75.770073242365328, 6.317274630529594 ], [ -75.770590144768818, 6.317085821912693 ], [ -75.770842247133032, 6.315898389758549 ], [ -75.771895643526349, 6.314661146020486 ], [ -75.77125045744809, 6.313868251199045 ], [ -75.770876876046131, 6.313803309531968 ], [ -75.77044433186434, 6.314162817817711 ], [ -75.770346743683064, 6.313716104544145 ], [ -75.771986265465799, 6.312927495404121 ], [ -75.772445379438778, 6.312955596368113 ], [ -75.772727869601965, 6.31337658546158 ], [ -75.773872780784998, 6.312988122640623 ], [ -75.773596734794594, 6.31188887876077 ], [ -75.774071641092732, 6.310448184799726 ], [ -75.773865407282358, 6.309437697584096 ], [ -75.774155761091691, 6.308701845703633 ], [ -75.773724595775448, 6.307923425438664 ], [ -75.774320979658128, 6.307708511833674 ], [ -75.774017133880065, 6.307041186641717 ], [ -75.774934324191861, 6.30658954311478 ], [ -75.774461763775875, 6.30613072378921 ], [ -75.774778044108217, 6.305583702068907 ], [ -75.774997673486354, 6.30566918169153 ], [ -75.77489849550166, 6.306138973011571 ], [ -75.77566946164491, 6.306552271422555 ], [ -75.775240694882484, 6.306973547617433 ], [ -75.77511681432587, 6.307778788645829 ], [ -75.777074011613834, 6.310868586156881 ], [ -75.777172844396475, 6.311883587670478 ], [ -75.77824781211585, 6.313988267469394 ], [ -75.778588740161837, 6.314124941822364 ], [ -75.780137997077915, 6.313413424582727 ] ], [ [ -75.77958376768089, 6.312956619000262 ], [ -75.778546663306429, 6.312556003008136 ], [ -75.779877701801936, 6.312370543777353 ], [ -75.779983780675991, 6.312087372250514 ], [ -75.778892583849981, 6.311881942043786 ], [ -75.778777887430977, 6.311619912124986 ], [ -75.779601767540143, 6.311128258045528 ], [ -75.781229510570867, 6.310971108276247 ], [ -75.781430002330467, 6.310741477528262 ], [ -75.781205088908152, 6.310157434850473 ], [ -75.78073737441045, 6.310478868480322 ], [ -75.779820655698302, 6.310282252745105 ], [ -75.779204274860007, 6.309330237004355 ], [ -75.77959145933292, 6.309099741198227 ], [ -75.780621373887399, 6.309190322133897 ], [ -75.780783647460837, 6.308839387527084 ], [ -75.780188056883375, 6.308523120674796 ], [ -75.781229335849233, 6.308059674346897 ], [ -75.780414253553914, 6.307507613837379 ], [ -75.78071812688944, 6.306615857523433 ], [ -75.781124954076503, 6.306309590056826 ], [ -75.780722068419934, 6.304897564632769 ] ], [ [ -75.782902483709307, 6.290060699550841 ], [ -75.782226030589626, 6.289330859563005 ], [ -75.782361969380048, 6.287633332146947 ], [ -75.782720172605764, 6.286919947119918 ], [ -75.782537954267667, 6.28571685340223 ], [ -75.783557196874483, 6.284746996701436 ], [ -75.783826545039418, 6.284060104756996 ], [ -75.783725571770034, 6.282971188897983 ], [ -75.783970422642383, 6.283024567007039 ], [ -75.783894271855345, 6.283577453988208 ], [ -75.784543200225997, 6.284699032073209 ], [ -75.78506100302522, 6.284551776568434 ], [ -75.785393950881542, 6.283483645682774 ], [ -75.785141467380214, 6.282214244442156 ], [ -75.78448284669669, 6.282018355918187 ], [ -75.784049553753661, 6.281502775897498 ], [ -75.784302977904233, 6.281187916140201 ], [ -75.785024423451432, 6.281369352516746 ], [ -75.785373352764495, 6.280943074797102 ], [ -75.785229922500676, 6.278815899839637 ], [ -75.78560785522609, 6.277199562829746 ], [ -75.785484601470785, 6.276627646847634 ], [ -75.786611017559338, 6.275515061784716 ], [ -75.786827189353275, 6.274094716011419 ], [ -75.788391275450593, 6.271365373257429 ], [ -75.789351576617818, 6.270763329167166 ], [ -75.789826961370707, 6.269989741298505 ], [ -75.790690628999741, 6.269866153731308 ], [ -75.791850202715665, 6.271236438924665 ], [ -75.792491347471355, 6.270971624190252 ], [ -75.791427699619859, 6.269760385430603 ], [ -75.791150636033436, 6.268604466840589 ], [ -75.790396646363121, 6.269016621819382 ], [ -75.789299699873297, 6.268813451420692 ], [ -75.788852267222268, 6.269420598415405 ], [ -75.78714905850012, 6.269775836641426 ], [ -75.786444827110316, 6.269618881070924 ], [ -75.785949013126498, 6.270183205556711 ], [ -75.785367197257543, 6.270111870514302 ], [ -75.78547965782974, 6.269334141909463 ], [ -75.786155269282148, 6.268863243953768 ], [ -75.78634884155565, 6.268271227019923 ], [ -75.786194448758337, 6.267854874426082 ], [ -75.785639986035662, 6.267584150937908 ], [ -75.785335085414374, 6.266696647877913 ], [ -75.787311135425853, 6.26603468828165 ], [ -75.787809435263256, 6.265207977189252 ] ] ] } },
{ "type": "Feature", "properties": { "CIRCUITO": "Entrerríos - Labores - San José de la Montana", "LONG_INTER": 39.95, "ORDEN": 3, "NOMBRE_VIA": "El Chaquiro (Ruta 25) - Te a Labores", "CODIGO_VIA": "25AN10", "MPIO_NOMBR": "BELMIRA", "SUBREGION_": "NORTE", "Long_km": 17.76, "AV_FISICO": 0.03, "AV_FINAN": 0.03, "CONTRATIST": "CONSORCIO VIAS ANTIOQUIA NORTE", "INTERV": "RENTAN - CONSORCIO INTERVIALES 2025", "VALOR_CTO": 124487403196.0, "LOTE": 8, "PLAZO_MESE": 18, "FECHA_INI": "11/02/2026", "CTO": "25OO111B2826", "Shape_Leng": 17425.459761300001 }, "geometry": { "type": "MultiLineString", "coordinates": [ [ [ -75.651752993025127, 6.731333724346332 ], [ -75.653835548298844, 6.734494622552575 ], [ -75.655290386637375, 6.734979300414782 ], [ -75.655787523474416, 6.735634310274833 ], [ -75.655797312190828, 6.736052186369255 ], [ -75.655127999431656, 6.737062131861551 ], [ -75.655895177911063, 6.738000275894219 ], [ -75.655499096989331, 6.73939037366276 ], [ -75.656472109067437, 6.740455209200124 ], [ -75.656440808359989, 6.741431203217281 ], [ -75.656896610694488, 6.743005073010781 ], [ -75.657697654657241, 6.743495472841243 ], [ -75.657864913626256, 6.746152836830207 ], [ -75.658698053070623, 6.74714292327329 ], [ -75.658333682737421, 6.748217293596543 ], [ -75.659136846496992, 6.749723438027631 ], [ -75.6583130144937, 6.750545190884834 ], [ -75.658362847166941, 6.754019393918067 ], [ -75.657747752746147, 6.755887973038154 ], [ -75.659090691657028, 6.757651652875202 ], [ -75.65890702506448, 6.758768586667444 ], [ -75.65921168190674, 6.759590959090064 ], [ -75.658679673641188, 6.760806660118831 ], [ -75.657028005005941, 6.761493953025065 ], [ -75.657088808021385, 6.762227509629787 ], [ -75.657561804053998, 6.762918682346029 ], [ -75.656592514233054, 6.764054018978166 ], [ -75.656954266642899, 6.764575385320067 ], [ -75.656614204787061, 6.765464116356675 ], [ -75.657404069291545, 6.766936391377662 ], [ -75.658039823042685, 6.767505472529756 ], [ -75.658788242552802, 6.767683502426212 ], [ -75.658873446043572, 6.769371920189167 ], [ -75.659935581381831, 6.769269977108951 ], [ -75.660042465368903, 6.770191135754414 ] ], [ [ -75.587289705361158, 6.671600117990354 ], [ -75.587335548831675, 6.672723434157411 ], [ -75.586756766159482, 6.673522041544239 ], [ -75.587312189979983, 6.674638742498074 ], [ -75.588433533393399, 6.674877969829848 ], [ -75.589777311055599, 6.673676225468442 ], [ -75.590935585232387, 6.675353373454873 ], [ -75.592365630913832, 6.675681829734298 ], [ -75.593209364185142, 6.675297577192332 ], [ -75.594291281076863, 6.676486922393566 ], [ -75.595283122360073, 6.676660470475739 ], [ -75.597241093405188, 6.678591275061178 ], [ -75.599440409796728, 6.679877944679643 ], [ -75.599937159321129, 6.680857355867862 ], [ -75.601398190320097, 6.680888519762874 ], [ -75.601443309090556, 6.681740229694752 ], [ -75.600929879066399, 6.682768389466575 ], [ -75.600788546923226, 6.683937120124684 ], [ -75.601740810540861, 6.685225191222954 ], [ -75.602108752380872, 6.686730551444414 ], [ -75.600887735509275, 6.688051597331553 ], [ -75.600867622712769, 6.688595933208727 ], [ -75.602231940823188, 6.689917602819508 ], [ -75.602012517837053, 6.691226367707835 ], [ -75.602588585959708, 6.69406121710841 ], [ -75.603343962825591, 6.695720420924609 ], [ -75.603309892382015, 6.696753528463178 ], [ -75.602732755395209, 6.69732607409471 ], [ -75.603117345442385, 6.698602127755673 ], [ -75.606524691407913, 6.698723990233454 ], [ -75.607970268370309, 6.70044979170432 ], [ -75.609427784481198, 6.70058349834947 ], [ -75.611304645724161, 6.701365872354367 ], [ -75.61278207600202, 6.703720510130752 ], [ -75.615826048714382, 6.703495942187854 ], [ -75.617382055545036, 6.704416694004504 ], [ -75.619073264608531, 6.704466665008968 ], [ -75.620131775027261, 6.707536493090147 ], [ -75.620588055165669, 6.707898547709588 ], [ -75.621450848866516, 6.707965854304618 ], [ -75.622209193097191, 6.709455211190901 ], [ -75.62285303685988, 6.709643070844312 ], [ -75.623528689538816, 6.70911136606193 ], [ -75.624640290756886, 6.70898409909401 ], [ -75.624843875609272, 6.70941471017547 ], [ -75.624707831312179, 6.710548552678292 ], [ -75.625279707101043, 6.711124444610134 ], [ -75.626945012440387, 6.71536005760635 ], [ -75.627522736073217, 6.716056722878243 ], [ -75.628983127850105, 6.716809812759124 ], [ -75.632585035451456, 6.716783722211295 ], [ -75.632906769517902, 6.716135953047301 ], [ -75.632812647150459, 6.714966225315269 ], [ -75.635292401729046, 6.713547732426743 ], [ -75.636168513291963, 6.713843144892797 ], [ -75.637269314904273, 6.713108701705943 ], [ -75.638485681156126, 6.713198720092225 ], [ -75.63929129190096, 6.712945679354326 ], [ -75.642282355477406, 6.714415944590723 ], [ -75.642870887260983, 6.714829428323913 ], [ -75.642983770577686, 6.715753616183009 ], [ -75.644253836147399, 6.717807386770686 ], [ -75.644129886003427, 6.718703572190065 ], [ -75.64468409211716, 6.718837170076683 ], [ -75.645636848507081, 6.719715379899622 ], [ -75.646535292390169, 6.719761275179713 ], [ -75.648668162447308, 6.722040919145477 ], [ -75.649845686662758, 6.722418871816157 ], [ -75.651720143455734, 6.725482276709968 ] ] ] } },
{ "type": "Feature", "properties": { "CIRCUITO": "Entrerríos - Labores - San José de la Montana", "LONG_INTER": 39.95, "ORDEN": 3, "NOMBRE_VIA": "El Chaquiro (Ruta 25) - Te a Labores", "CODIGO_VIA": "25AN10", "MPIO_NOMBR": "ENTRERRIOS", "SUBREGION_": "NORTE", "Long_km": 11.23, "AV_FISICO": 0.03, "AV_FINAN": 0.03, "CONTRATIST": "CONSORCIO VIAS ANTIOQUIA NORTE", "INTERV": "RENTAN - CONSORCIO INTERVIALES 2025", "VALOR_CTO": 124487403196.0, "LOTE": 8, "PLAZO_MESE": 18, "FECHA_INI": "11/02/2026", "CTO": "25OO111B2826", "Shape_Leng": 10983.7305179 }, "geometry": { "type": "MultiLineString", "coordinates": [ [ [ -75.54361913680907, 6.625176369116363 ], [ -75.543968704938194, 6.625223857701083 ], [ -75.544667297576112, 6.624267253083667 ], [ -75.545410136582191, 6.623986451755901 ], [ -75.546063968397348, 6.624084410585414 ], [ -75.546291362501066, 6.624702436433591 ], [ -75.546851292230798, 6.624761769019177 ], [ -75.547523293296365, 6.625406917480701 ], [ -75.549825690682098, 6.62464224139904 ], [ -75.553640158651248, 6.627147215455274 ], [ -75.555517265822388, 6.626280640163202 ], [ -75.556754580455532, 6.626745666476624 ], [ -75.557875103278789, 6.625665926345615 ], [ -75.558311101804009, 6.625792010277332 ], [ -75.558568325407165, 6.626495044202924 ], [ -75.55920480145366, 6.626030338552046 ], [ -75.560782249921772, 6.626745609430426 ], [ -75.561404610356362, 6.627344189211921 ], [ -75.561165667921017, 6.630193511985801 ], [ -75.561498128716224, 6.630867924771206 ], [ -75.562323981317263, 6.631452997430465 ], [ -75.562889919613383, 6.633288878351585 ], [ -75.564843999085213, 6.63526652441745 ], [ -75.566617245117087, 6.635593159740271 ], [ -75.567231458139545, 6.635970902443544 ], [ -75.567336922070922, 6.636739364930822 ], [ -75.567728618676085, 6.637211559103639 ], [ -75.568770115471935, 6.637102555334004 ], [ -75.56889091340075, 6.637633556930282 ], [ -75.569189569267721, 6.637719793294803 ], [ -75.569273235601116, 6.637105821436418 ], [ -75.570006074698682, 6.636714681892638 ], [ -75.571684496556102, 6.638688938173757 ], [ -75.575253846212561, 6.640210360194637 ], [ -75.575820876102213, 6.641629998994116 ], [ -75.576207934542381, 6.641284525343426 ], [ -75.576752595050948, 6.641332522696112 ], [ -75.577340979197132, 6.641852069778269 ], [ -75.577709379717632, 6.641456739457563 ], [ -75.577713519550812, 6.640871268392977 ], [ -75.578307066329117, 6.640643347114601 ], [ -75.579464826531378, 6.64276239552731 ], [ -75.581389270357931, 6.642980898592607 ], [ -75.581910409531616, 6.643486997899009 ], [ -75.581767730597406, 6.644171197928688 ], [ -75.582557116702532, 6.644597865222662 ], [ -75.58350970608106, 6.644741505680664 ], [ -75.584085524438251, 6.644310060621576 ], [ -75.585699419061498, 6.644050411212995 ], [ -75.587732415757188, 6.643040053682563 ], [ -75.589328799381875, 6.643079348338907 ], [ -75.590281372977088, 6.643856988088104 ], [ -75.590920328673903, 6.645005967582863 ], [ -75.592237971716472, 6.644357731779025 ], [ -75.592537030277143, 6.64446925674244 ], [ -75.593058031245832, 6.645150521364272 ], [ -75.59310248703062, 6.647820247166807 ], [ -75.592201933032385, 6.648510675389494 ], [ -75.591769908839353, 6.649510957116354 ], [ -75.591368942849527, 6.649571414757997 ], [ -75.591042393174817, 6.64919242337396 ], [ -75.590772948663144, 6.649342547499252 ], [ -75.590319624624669, 6.651222455345227 ], [ -75.590523794405684, 6.652771817332711 ], [ -75.588832554827405, 6.656006774317656 ], [ -75.588448477696204, 6.659177068824861 ], [ -75.587739270982425, 6.660491030872209 ], [ -75.587028951394387, 6.660786752116048 ], [ -75.586584164631091, 6.661442342397411 ], [ -75.586441904440235, 6.664887796498996 ], [ -75.585998598733497, 6.665868353615184 ], [ -75.585600553142584, 6.668512390293771 ], [ -75.586124310630211, 6.668937529129437 ], [ -75.586325937997216, 6.670301360016313 ], [ -75.587289705361158, 6.671600117990354 ] ] ] } },
{ "type": "Feature", "properties": { "CIRCUITO": "Entrerríos - Labores - San José de la Montana", "LONG_INTER": 39.95, "ORDEN": 3, "NOMBRE_VIA": "El Chaquiro (Ruta 25) - Te a Labores", "CODIGO_VIA": "25AN10", "MPIO_NOMBR": "SAN JOSÉ DE LA MONTAÑA", "SUBREGION_": "NORTE", "Long_km": 10.96, "AV_FISICO": 0.03, "AV_FINAN": 0.03, "CONTRATIST": "CONSORCIO VIAS ANTIOQUIA NORTE", "INTERV": "RENTAN - CONSORCIO INTERVIALES 2025", "VALOR_CTO": 124487403196.0, "LOTE": 8, "PLAZO_MESE": 18, "FECHA_INI": "11/02/2026", "CTO": "25OO111B2826", "Shape_Leng": 10734.8798857 }, "geometry": { "type": "MultiLineString", "coordinates": [ [ [ -75.660042465368903, 6.770191135754414 ], [ -75.660131730024148, 6.772012647046628 ], [ -75.661380188010597, 6.77364308477748 ], [ -75.661628277755227, 6.774820685871078 ], [ -75.662371262571085, 6.775216270449722 ], [ -75.663807504319905, 6.778086936402249 ], [ -75.662762010474836, 6.779861595781308 ], [ -75.662816989298392, 6.780384108757816 ], [ -75.663534136420694, 6.781266999556457 ], [ -75.66484587675204, 6.781005999574155 ], [ -75.665619605868898, 6.7827054515122 ], [ -75.66619050304422, 6.782862970419129 ], [ -75.667576426898492, 6.782193728837786 ], [ -75.668076004055592, 6.781342812421372 ], [ -75.668741288731709, 6.781402115750913 ], [ -75.669983607293304, 6.780768098438824 ], [ -75.670345460614527, 6.78260294071047 ], [ -75.669423658025025, 6.787740025214686 ], [ -75.672192077565796, 6.789879962157882 ], [ -75.671625146469808, 6.790809995048045 ], [ -75.672230577676274, 6.793011934919259 ], [ -75.673708017588879, 6.793877125598261 ], [ -75.675088734579219, 6.793745697382573 ], [ -75.675910036631578, 6.796160630665205 ], [ -75.677384443895662, 6.797384248646534 ], [ -75.677581362940515, 6.798386629165791 ], [ -75.67843212121447, 6.798601943907648 ], [ -75.678677421635172, 6.79934910171684 ], [ -75.67926397198768, 6.799775812248213 ], [ -75.679379139746175, 6.800545065418231 ], [ -75.680090118690785, 6.800843656497679 ], [ -75.680108641812723, 6.801735062609925 ], [ -75.679511080463115, 6.802440623423466 ], [ -75.679482870967192, 6.802902022991639 ], [ -75.679594176807598, 6.803538391414494 ], [ -75.680299522455414, 6.804142941390428 ], [ -75.680595033268759, 6.804970451189139 ], [ -75.679656741868314, 6.807531822126829 ], [ -75.680631759003504, 6.811476394344411 ], [ -75.682596082275168, 6.812888545525321 ], [ -75.684101635044669, 6.813120405350181 ], [ -75.684901426011947, 6.812447836679935 ], [ -75.686011005951144, 6.813379230998723 ], [ -75.687495242258649, 6.813551498099149 ], [ -75.688168339143772, 6.81462135335109 ], [ -75.688908384410482, 6.814347211963703 ], [ -75.6891701902032, 6.814565909967005 ], [ -75.689356039255983, 6.816169925913571 ], [ -75.689107473214307, 6.817155145076058 ], [ -75.689540806507097, 6.818160011481535 ], [ -75.688807593472788, 6.819846902251055 ], [ -75.689068797571224, 6.823648737525152 ], [ -75.687817813774814, 6.826922440739032 ], [ -75.687542752706136, 6.829792297753267 ], [ -75.688050779375374, 6.831621425354261 ], [ -75.687752371747592, 6.832929199747917 ], [ -75.688277920396672, 6.834004605456161 ], [ -75.688269989024022, 6.835362336435979 ], [ -75.688707170420415, 6.836476486050001 ], [ -75.687296192474605, 6.840974934763511 ] ] ] } },
{ "type": "Feature", "properties": { "CIRCUITO": "San Vicente - El Peñol", "LONG_INTER": 18.15, "ORDEN": 3, "NOMBRE_VIA": "San Vicente - El Peñol", "CODIGO_VIA": "60AN14-1", "MPIO_NOMBR": "EL PEÑOL", "SUBREGION_": "ORIENTE", "Long_km": 2.96, "AV_FISICO": 0.03, "AV_FINAN": 0.03, "CONTRATIST": "POR DEFINIR (RENTAN)", "INTERV": "RENTAN - POR DEFINIR", "VALOR_CTO": 108554215084.00002, "LOTE": 1, "PLAZO_MESE": 15, "FECHA_INI": "20/01/2026", "CTO": "4600018900", "Shape_Leng": 2910.4241499200002 }, "geometry": { "type": "MultiLineString", "coordinates": [ [ [ -75.238082155962445, 6.284346630197495 ], [ -75.240509922026305, 6.283597708722366 ], [ -75.240801059549156, 6.282922380810286 ], [ -75.241571789153298, 6.282475161522663 ], [ -75.242524675691854, 6.282561043396842 ], [ -75.242838117123028, 6.282260606754954 ], [ -75.242221558925436, 6.280565885644588 ], [ -75.241446809037967, 6.280096622905161 ], [ -75.241279209002698, 6.279483918926037 ], [ -75.241335619287184, 6.278843092738573 ], [ -75.242281645985386, 6.27821988847866 ], [ -75.241216489071775, 6.275202874672376 ], [ -75.241710036977125, 6.274304430297656 ], [ -75.242011749223067, 6.27273411569282 ], [ -75.240893976021297, 6.272033187146075 ], [ -75.239857531242379, 6.270521034803473 ], [ -75.238314409987112, 6.271157964101035 ], [ -75.237485963024554, 6.270490914507515 ], [ -75.235429853678056, 6.269744970471958 ], [ -75.234051062304857, 6.268701714923851 ] ] ] } },
{ "type": "Feature", "properties": { "CIRCUITO": "San Vicente - El Peñol", "LONG_INTER": 18.15, "ORDEN": 3, "NOMBRE_VIA": "San Vicente - El Peñol", "CODIGO_VIA": "60AN14-1", "MPIO_NOMBR": "SAN VICENTE", "SUBREGION_": "ORIENTE", "Long_km": 15.19, "AV_FISICO": 0.03, "AV_FINAN": 0.03, "CONTRATIST": "POR DEFINIR (RENTAN)", "INTERV": "RENTAN - POR DEFINIR", "VALOR_CTO": 108554215084.00002, "LOTE": 1, "PLAZO_MESE": 15, "FECHA_INI": "20/01/2026", "CTO": "4600018900", "Shape_Leng": 14695.5541644 }, "geometry": { "type": "MultiLineString", "coordinates": [ [ [ -75.328404923733089, 6.28193253285446 ], [ -75.32795887979411, 6.282485982111479 ], [ -75.326977210744587, 6.282018637633167 ], [ -75.326044418268992, 6.282762691455099 ], [ -75.325964878793897, 6.283412676095588 ], [ -75.325493472963984, 6.282962698125799 ], [ -75.324766683481698, 6.283073333320933 ], [ -75.322700079009451, 6.282176999121452 ], [ -75.321860366126486, 6.282251682634626 ], [ -75.321613013955698, 6.282657936756531 ], [ -75.321810579176471, 6.283090426055352 ], [ -75.321610151330063, 6.284001219061948 ], [ -75.321944801964506, 6.284333412117148 ], [ -75.321887162870553, 6.284730599461767 ], [ -75.321579185551954, 6.285042036471531 ], [ -75.320412959570561, 6.284994715971842 ], [ -75.320067898967295, 6.285887617983787 ], [ -75.319314029516121, 6.284906912320827 ], [ -75.318580245412392, 6.284843924028099 ], [ -75.317792203750002, 6.284173476790935 ], [ -75.315935666725579, 6.283763123455198 ], [ -75.314924619590499, 6.284167648256218 ], [ -75.314556086265327, 6.283412541351472 ], [ -75.313729106915318, 6.283318720896617 ], [ -75.312807840732006, 6.283635851635621 ], [ -75.311882491899823, 6.282715828170354 ], [ -75.310545151721968, 6.282878746459047 ], [ -75.309410274302891, 6.283874533913786 ], [ -75.309048518457473, 6.285099196553911 ], [ -75.30778733890962, 6.285451908042254 ], [ -75.305997065394919, 6.284423259515663 ], [ -75.305131286189692, 6.284930388856972 ], [ -75.304439107442875, 6.284736736898782 ], [ -75.303785615469323, 6.283801530727684 ], [ -75.304068354397273, 6.2828970276712 ], [ -75.303398599276903, 6.281269124537583 ], [ -75.301768662222443, 6.281565828117261 ], [ -75.300895560694116, 6.280377035636975 ], [ -75.300247593261275, 6.280580561787924 ], [ -75.299044654564696, 6.280255396516837 ], [ -75.297676626533232, 6.28110859333282 ], [ -75.297337990645005, 6.282694690730384 ], [ -75.296856110413188, 6.283497684122215 ], [ -75.296338271460144, 6.283642461054921 ], [ -75.295375212478035, 6.283349835969667 ], [ -75.294843600500229, 6.283819831261361 ], [ -75.2942625064629, 6.283527067168515 ], [ -75.293737440772105, 6.283792778378257 ], [ -75.294513612323243, 6.286029500303862 ], [ -75.294451295166894, 6.286732164294152 ], [ -75.292944770551301, 6.288496884609703 ], [ -75.292838576202939, 6.28933974588336 ], [ -75.292101246659286, 6.289800395636897 ], [ -75.288572240565586, 6.290235712694313 ], [ -75.286937865987241, 6.291577213967941 ], [ -75.286638788036285, 6.291324883532475 ], [ -75.286322649553597, 6.289804627196755 ], [ -75.284714822304537, 6.289837018052296 ], [ -75.284118928715387, 6.289236821405608 ], [ -75.283146528155612, 6.289778701189303 ], [ -75.283019325672058, 6.290457830840269 ], [ -75.282492793606835, 6.290587307587717 ], [ -75.281470244644012, 6.291627703167769 ], [ -75.280412300813353, 6.291506611477035 ], [ -75.280084818825642, 6.290941581788936 ], [ -75.278692066076985, 6.291138582748657 ], [ -75.277165158789074, 6.292364217732556 ], [ -75.275905659369968, 6.291272819909766 ], [ -75.27567304439296, 6.291796630522762 ], [ -75.275127818339499, 6.292007394458844 ], [ -75.273394256416879, 6.291805042370624 ], [ -75.272439336195944, 6.292308518217334 ], [ -75.270860070476743, 6.293937042616258 ], [ -75.268827871908357, 6.294574441499854 ], [ -75.267941368291815, 6.294411105433792 ], [ -75.267279563442656, 6.294975157802593 ], [ -75.266323231370819, 6.294511151854024 ], [ -75.266016968188623, 6.295198478667078 ], [ -75.264945582368242, 6.295420512934133 ], [ -75.264049196239796, 6.2945967752173 ], [ -75.263053381422168, 6.294590283773801 ], [ -75.262380072774533, 6.294898956295828 ], [ -75.261269432621617, 6.294128356535071 ], [ -75.258753627931299, 6.293878697225654 ], [ -75.258090376336483, 6.29347016426534 ], [ -75.257312725479906, 6.293892259823456 ], [ -75.256456758387472, 6.295369042006889 ], [ -75.255027624036899, 6.294803093550568 ], [ -75.254221837727258, 6.293351393010506 ], [ -75.253319061196166, 6.293103844063468 ], [ -75.252560492653174, 6.293297434435265 ], [ -75.252439696845485, 6.294105294284543 ], [ -75.251567949820924, 6.294385412113823 ], [ -75.251125236035634, 6.294882672418358 ], [ -75.249762746605015, 6.292253372955178 ], [ -75.248613409826262, 6.291671190731282 ], [ -75.248196651930499, 6.2911440943739 ], [ -75.248219122647043, 6.290182255607162 ], [ -75.248729141918915, 6.289034435720324 ], [ -75.247849188018122, 6.28731321518455 ], [ -75.246775828687788, 6.286896882600127 ], [ -75.246800400796033, 6.28611160908307 ], [ -75.246155650764791, 6.285366543343677 ], [ -75.245136096693997, 6.284633657687381 ], [ -75.244380116844283, 6.284786258731329 ], [ -75.24411566923014, 6.284126845721874 ], [ -75.24339780982541, 6.284042278778468 ], [ -75.242968341146707, 6.284684739882676 ], [ -75.242298002728006, 6.28464362678528 ], [ -75.24227455773638, 6.286244137641466 ], [ -75.241545942845889, 6.285336483596581 ], [ -75.241215262271169, 6.28395898520639 ], [ -75.240121622913392, 6.284012060892247 ], [ -75.238215941484654, 6.285038449586837 ], [ -75.237816808022785, 6.28471976253013 ], [ -75.238072861235864, 6.284355129268839 ] ] ] } },
{ "type": "Feature", "properties": { "CIRCUITO": "La Quiebra - Santa Ana", "LONG_INTER": 5.33, "ORDEN": 3, "NOMBRE_VIA": "La Quiebra - Santa Ana", "CODIGO_VIA": "05313VT17", "MPIO_NOMBR": "GRANADA", "SUBREGION_": "ORIENTE", "Long_km": 5.33, "AV_FISICO": 0.03, "AV_FINAN": 0.03, "CONTRATIST": "POR DEFINIR (RENTAN)", "INTERV": "RENTAN - POR DEFINIR", "VALOR_CTO": 108554215084.00002, "LOTE": 1, "PLAZO_MESE": 15, "FECHA_INI": "20/01/2026", "CTO": "4600018900", "Shape_Leng": 5074.7491920299999 }, "geometry": { "type": "MultiLineString", "coordinates": [ [ [ -75.103252533716798, 6.109299110901003 ], [ -75.103179345155041, 6.10848181473337 ], [ -75.10379166248859, 6.108091463890224 ], [ -75.103655013427272, 6.106771067964233 ], [ -75.104043871488258, 6.106403313336932 ], [ -75.103718130243934, 6.105760993140006 ] ], [ [ -75.103733626394913, 6.102951944133649 ], [ -75.102953453894742, 6.102408970708953 ], [ -75.103560354259017, 6.102067271550406 ], [ -75.103991836554329, 6.100547048687554 ], [ -75.103249819704047, 6.100038934140687 ], [ -75.103403009434473, 6.098938257079163 ], [ -75.103892101495063, 6.098266604500857 ], [ -75.103100091150964, 6.096990885080792 ], [ -75.103460729261911, 6.096672729766802 ], [ -75.104173940727492, 6.097094247537539 ], [ -75.10476414071907, 6.096927189750772 ], [ -75.105164900921991, 6.096166776188304 ], [ -75.104478962114229, 6.096123869329239 ], [ -75.102949268817412, 6.093851000987243 ], [ -75.103610287485978, 6.092059304731446 ], [ -75.104218656786372, 6.091498236220398 ], [ -75.103538595183736, 6.0909730640735 ], [ -75.103567505985296, 6.08965170967796 ], [ -75.103119310775568, 6.088637512807489 ], [ -75.103976439867537, 6.08768252977403 ], [ -75.103733016662275, 6.086653915348649 ], [ -75.10545437789051, 6.086333741661414 ], [ -75.105574299303967, 6.085410119525474 ], [ -75.106693826338613, 6.084805415961965 ], [ -75.107714757000409, 6.083741442864376 ], [ -75.10721303365699, 6.083045806760673 ], [ -75.107309939339331, 6.082558609396899 ], [ -75.106674410573362, 6.082029117131969 ], [ -75.106539252600626, 6.079648679482428 ], [ -75.107113205973135, 6.078970918159698 ], [ -75.106846995905713, 6.078354968176462 ], [ -75.106960324835399, 6.077689491551592 ], [ -75.107525945779088, 6.077213228246448 ], [ -75.108092460178398, 6.077788177520707 ], [ -75.108320239699125, 6.077682989619927 ], [ -75.107687225240667, 6.076691079627159 ], [ -75.106828417268062, 6.076423131801161 ], [ -75.106581202299438, 6.076030366238639 ], [ -75.106029592141738, 6.076000928727606 ], [ -75.105275085996013, 6.074876788001904 ], [ -75.106205010412197, 6.075491348810306 ] ] ] } },
{ "type": "Feature", "properties": { "CIRCUITO": "El Guayabo - El Salto - Partidas a Guadalupe", "LONG_INTER": 10.61, "ORDEN": 3, "NOMBRE_VIA": "El Guayabo - El Salto - Partidas a Guadalupe", "CODIGO_VIA": "62AN21-1-2", "MPIO_NOMBR": "GOMEZ PLATA", "SUBREGION_": "NORTE", "Long_km": 10.61, "AV_FISICO": 0.03, "AV_FINAN": 0.03, "CONTRATIST": "CONSORCIO VIAS ANTIOQUIA NORTE", "INTERV": "RENTAN - CONSORCIO INTERVIALES 2025", "VALOR_CTO": 124487403196.0, "LOTE": 8, "PLAZO_MESE": 18, "FECHA_INI": "11/02/2026", "CTO": "25OO111B2826", "Shape_Leng": 10298.3349483 }, "geometry": { "type": "MultiLineString", "coordinates": [ [ [ -75.236498377362466, 6.718568352112245 ], [ -75.237027609496522, 6.719324969937401 ], [ -75.237144394044023, 6.720580984987364 ], [ -75.236315512614553, 6.722069102848379 ], [ -75.235142816624332, 6.722721499972637 ], [ -75.234188925439582, 6.724819242804878 ], [ -75.234442692389905, 6.725314065712434 ], [ -75.234006240143401, 6.726265542339999 ], [ -75.234029394168104, 6.727035852742704 ], [ -75.233362095481695, 6.727354703242344 ], [ -75.232685884741826, 6.728469596831445 ], [ -75.233033926689956, 6.729548434117294 ], [ -75.232318404456535, 6.730533193709159 ], [ -75.232096634397749, 6.731539364964219 ], [ -75.232434296093743, 6.731997848595627 ], [ -75.233120700696261, 6.732213797717294 ], [ -75.233131330155871, 6.733194321948492 ], [ -75.23225910269133, 6.733692884133062 ], [ -75.232530326294381, 6.735465731587429 ], [ -75.232066192431361, 6.736710879593584 ], [ -75.231670256163596, 6.737135752030532 ], [ -75.230756091105803, 6.73719161985055 ], [ -75.230470597494758, 6.737662350772085 ], [ -75.230273689261409, 6.739642808883489 ], [ -75.230647610223599, 6.740590913187147 ], [ -75.230347177915945, 6.741301977417328 ], [ -75.231711374761176, 6.74147649669723 ], [ -75.23252371941588, 6.742954813622091 ], [ -75.232448380426689, 6.744452833173548 ], [ -75.23176299675859, 6.745161767935007 ], [ -75.232083812883829, 6.746106123274761 ], [ -75.233131455535883, 6.746271302271598 ], [ -75.234052507574077, 6.747365389080064 ], [ -75.235363031833487, 6.746984996995235 ], [ -75.237689930251619, 6.748552563188986 ], [ -75.239190438996843, 6.747805335778033 ], [ -75.240907875148352, 6.749662015958276 ], [ -75.240892785616609, 6.751444183258083 ], [ -75.239130292607484, 6.752209633849253 ], [ -75.23817775214728, 6.753869116174269 ], [ -75.238248653089187, 6.754424249435953 ], [ -75.237627600508972, 6.755662763438051 ], [ -75.236755971310458, 6.756835780258663 ], [ -75.236552534912008, 6.757983068768622 ], [ -75.237947155200175, 6.758672296295559 ], [ -75.238348468890834, 6.759582266333541 ], [ -75.239287245332477, 6.759968833376949 ], [ -75.239791126113204, 6.759884039373155 ], [ -75.240404758646278, 6.759188966432212 ], [ -75.241129074421025, 6.759446941126041 ], [ -75.243987246772392, 6.763306797227242 ], [ -75.244278284948422, 6.764317951467202 ], [ -75.245086252812897, 6.764248570389467 ], [ -75.245810800013032, 6.765001285075149 ], [ -75.245182802274684, 6.766297904324403 ], [ -75.24635109841752, 6.766209097860341 ], [ -75.247009322342919, 6.766703465333813 ], [ -75.247028920540529, 6.768390436601369 ], [ -75.246618054218544, 6.768720668471389 ], [ -75.246702403937704, 6.769032060455694 ], [ -75.249040220964503, 6.770618897443074 ], [ -75.24935498089539, 6.771297015001091 ], [ -75.249831299799609, 6.771486823330462 ], [ -75.250686868052171, 6.773788445254802 ], [ -75.251723962374314, 6.773580211857165 ], [ -75.252365599061193, 6.774032453212152 ], [ -75.253034107666963, 6.773952853200752 ], [ -75.253434578471271, 6.775570909576773 ], [ -75.252223273423525, 6.775349570079754 ] ], [ [ -75.236498377362466, 6.718568352112245 ], [ -75.236498429438328, 6.718568576196891 ], [ -75.236498339989751, 6.718568608954866 ], [ -75.236498377362466, 6.718568352112245 ] ], [ [ -75.236438265223626, 6.718500986077403 ], [ -75.236498377362466, 6.718568352112245 ] ], [ [ -75.235281999649985, 6.702394912086364 ], [ -75.236281661633939, 6.702563402018951 ], [ -75.236781465561478, 6.703089516808996 ], [ -75.237126846500061, 6.704378551408623 ], [ -75.236266840348733, 6.705687067060799 ], [ -75.236751845093934, 6.706642490409779 ], [ -75.237412543855783, 6.706983728404132 ] ] ] } },
{ "type": "Feature", "properties": { "CIRCUITO": "Caramanta - Cristales - San Roque", "LONG_INTER": 20.64, "ORDEN": 3, "NOMBRE_VIA": "Caramanta - San Roque", "CODIGO_VIA": "62AN25", "MPIO_NOMBR": "SAN ROQUE", "SUBREGION_": "NORDESTE", "Long_km": 20.64, "AV_FISICO": 0.03, "AV_FINAN": 0.03, "CONTRATIST": "CONSORCIO CONSTRUCCIONES 11 SAN ROQUE", "INTERV": "RENTAN - ARREDONDO MADRID INGENIEROS (AIM)", "VALOR_CTO": 57385592096.0, "LOTE": 6, "PLAZO_MESE": 13, "FECHA_INI": "10/02/2026", "CTO": "4600018883", "Shape_Leng": 19963.828480299999 }, "geometry": { "type": "MultiLineString", "coordinates": [ [ [ -74.870992487289044, 6.500639068645078 ], [ -74.871847882401752, 6.500201834337057 ], [ -74.871998526475309, 6.498629905457858 ], [ -74.872345101502788, 6.49790269789144 ], [ -74.873578891152235, 6.497970459430142 ], [ -74.87394203343321, 6.498615549633366 ], [ -74.874397690353248, 6.497769000992899 ], [ -74.875749480006689, 6.498363124916145 ], [ -74.87743456202648, 6.495925962052698 ], [ -74.87773140047311, 6.494818710607955 ], [ -74.87952253355671, 6.494932638406882 ], [ -74.879852205911817, 6.494007858366454 ], [ -74.881032741822025, 6.493419105224841 ], [ -74.88164646425092, 6.493981018863401 ], [ -74.882331544761371, 6.493458936764639 ], [ -74.882732063288273, 6.492219163628012 ], [ -74.883482855819111, 6.492008743983072 ], [ -74.883896872764652, 6.490947498061068 ], [ -74.884662843417075, 6.490596869177049 ], [ -74.884738938336397, 6.489728999617627 ], [ -74.88606274177684, 6.488714123060991 ], [ -74.886157361048973, 6.488164624870878 ], [ -74.886595575137747, 6.487796004575086 ], [ -74.886692960169327, 6.487155990497077 ], [ -74.885899794967159, 6.486387777707408 ], [ -74.88635921962144, 6.485730543339632 ], [ -74.886981200094041, 6.485837015405794 ], [ -74.887988049396412, 6.485269357465037 ], [ -74.888700088932694, 6.483786565153441 ], [ -74.889818091802169, 6.483621829288469 ], [ -74.889902594029991, 6.482775322728274 ], [ -74.891151270461407, 6.482524162914372 ], [ -74.891255636487188, 6.481690337991273 ], [ -74.892365918878781, 6.481092533956537 ], [ -74.89315707575075, 6.481071464445794 ], [ -74.893611447116456, 6.481579138881492 ], [ -74.894376235598187, 6.481075376840846 ], [ -74.895435134067256, 6.481309934511324 ], [ -74.897075319583394, 6.480598107820811 ], [ -74.898476500691487, 6.481708144938487 ], [ -74.899837899226938, 6.480921789300973 ], [ -74.899767918695545, 6.481946863011977 ], [ -74.900294771384509, 6.482440602875049 ], [ -74.900799272199421, 6.482808081344703 ], [ -74.902109524615256, 6.48297488333644 ], [ -74.902472125312627, 6.483394754350077 ], [ -74.903148274003087, 6.483408987983902 ], [ -74.903523674334394, 6.484051082863728 ], [ -74.904297487490254, 6.483339569048331 ], [ -74.90625019165121, 6.484029284575175 ], [ -74.909336005137376, 6.482969886758045 ], [ -74.912658784371061, 6.484279701983874 ] ], [ [ -74.982371389698656, 6.475189754584265 ], [ -74.983018088423833, 6.476134883704554 ], [ -74.983951224000364, 6.476694167323874 ], [ -74.98393013373142, 6.47831790093448 ], [ -74.984411599580085, 6.479088392340542 ], [ -74.985478217216155, 6.478918665863592 ], [ -74.985426122770264, 6.478160973717965 ], [ -74.985714487518948, 6.477792150081599 ], [ -74.987295896720823, 6.478200966434508 ], [ -74.989064231895185, 6.478142699572261 ], [ -74.989585751203023, 6.478322927523136 ], [ -74.989819814921859, 6.479020866664293 ], [ -74.990698273395338, 6.479471918215173 ], [ -74.990962915826472, 6.47996927385157 ], [ -74.991793870350818, 6.479616186171246 ], [ -74.992193167657419, 6.480193428788443 ], [ -74.993456622193406, 6.480704853783073 ], [ -74.99424385510828, 6.480561761650289 ], [ -74.995125904999128, 6.48083613728314 ], [ -74.995873334584459, 6.480421960380504 ], [ -74.996239162976124, 6.481184487120835 ], [ -74.996782241699421, 6.48083613946887 ], [ -74.997484589007954, 6.480938641995794 ], [ -75.000565847794775, 6.482512806426303 ], [ -75.002707365872908, 6.482577982639478 ], [ -75.003292926201127, 6.482215997045673 ], [ -75.005043519523781, 6.484360619810037 ], [ -75.00623773395904, 6.4849361310712 ], [ -75.006934070552163, 6.484771219284435 ], [ -75.007211021543796, 6.485976554449992 ], [ -75.007699891851004, 6.486443247537608 ] ], [ [ -74.922982490035537, 6.484033616903259 ], [ -74.926823497545826, 6.4828353574838 ], [ -74.92676746979005, 6.482164721933422 ], [ -74.928562848537354, 6.481884199197199 ], [ -74.928955161645348, 6.481154871903728 ], [ -74.930401214488924, 6.480505760756432 ], [ -74.930871610263225, 6.480012048881405 ], [ -74.931968355852987, 6.479982286043176 ], [ -74.932733258120436, 6.480362754559404 ], [ -74.933629908443478, 6.479678022742728 ], [ -74.93384327606843, 6.479056947002704 ], [ -74.935881432766948, 6.478951875791848 ], [ -74.936244757456549, 6.478489185133356 ], [ -74.936170203067562, 6.477119116987074 ], [ -74.936860092328473, 6.475496534722388 ], [ -74.937199584157042, 6.473620941595309 ], [ -74.938688202488748, 6.47207763820532 ], [ -74.93962385927594, 6.472121995304658 ], [ -74.940293032660364, 6.472800885140018 ], [ -74.940825958667531, 6.472706958795977 ], [ -74.942394906443411, 6.47333922112785 ], [ -74.943213825469527, 6.47332240332583 ], [ -74.943622858292713, 6.472714547750616 ], [ -74.945011538029519, 6.472140406262144 ], [ -74.945236506903328, 6.471145065754158 ], [ -74.946561954315086, 6.47046289939013 ], [ -74.947515036488653, 6.470606026317563 ], [ -74.949288097539196, 6.469667946404392 ], [ -74.949670799522153, 6.469237254731012 ], [ -74.949651853111178, 6.468583016141185 ], [ -74.950470928554267, 6.467636736194551 ], [ -74.950494794737509, 6.466468652007895 ], [ -74.952128872317473, 6.464385810809637 ], [ -74.952591337245636, 6.464224216818015 ], [ -74.953462655222864, 6.464548013588258 ], [ -74.954722546523541, 6.463612398713956 ], [ -74.956361016873402, 6.464242653425563 ], [ -74.957573303976702, 6.464289688375525 ], [ -74.958716453864696, 6.463584924168654 ], [ -74.959839844230657, 6.464128605102922 ], [ -74.960888326380484, 6.46362340887521 ], [ -74.961315236640885, 6.464715959721387 ], [ -74.961996711897143, 6.464676481903067 ], [ -74.962811267895304, 6.465057707859181 ], [ -74.963758939844709, 6.464866841154161 ], [ -74.964275494741813, 6.464369343040825 ], [ -74.964756797126725, 6.46440983337872 ], [ -74.966152496343241, 6.465598120882653 ], [ -74.965684782704301, 6.46606740566761 ], [ -74.965791292413115, 6.466514129005413 ], [ -74.96631896359979, 6.466846031032254 ], [ -74.96607278011885, 6.467604172167711 ], [ -74.967241456043283, 6.467216013414091 ], [ -74.968056554814808, 6.467275826309118 ], [ -74.96820165931247, 6.467611693358974 ], [ -74.967720253238653, 6.468268803460638 ], [ -74.969169750935876, 6.468061708424869 ], [ -74.970428497242423, 6.468740254832226 ], [ -74.971331372372219, 6.468042545275432 ], [ -74.971891790674533, 6.468220568073158 ], [ -74.9722435905271, 6.468728298894846 ], [ -74.972128673127656, 6.469397603560817 ], [ -74.97277773637407, 6.469761873255636 ], [ -74.9728046061295, 6.471972814188242 ], [ -74.974222649683881, 6.472671701002467 ], [ -74.975663913736582, 6.473943224106562 ], [ -74.97726959822748, 6.474796781227026 ], [ -74.977625562744436, 6.474657867964461 ], [ -74.978046965944841, 6.473698908752017 ], [ -74.978965579206644, 6.473867989201922 ], [ -74.980766156432267, 6.473212481863053 ], [ -74.981907485206747, 6.474242297991583 ], [ -74.982371389698656, 6.475189754584265 ] ], [ [ -74.982371389698656, 6.475189754584265 ], [ -74.982371090818688, 6.475189427816848 ], [ -74.98237131091409, 6.475189167031453 ], [ -74.982371389698656, 6.475189754584265 ] ] ] } },
{ "type": "Feature", "properties": { "CIRCUITO": "Salgar - La Quiebra - Concordia", "LONG_INTER": 15.93, "ORDEN": 3, "NOMBRE_VIA": "Salgar - La Quiebra", "CODIGO_VIA": "60AN05-1", "MPIO_NOMBR": "SALGAR", "SUBREGION_": "SUROESTE", "Long_km": 15.93, "AV_FISICO": 0.03, "AV_FINAN": 0.03, "CONTRATIST": "CONSORCIO VIAS ANTIOQUIA MM 2025", "INTERV": "RENTAN - SADING GROUP S.A.S", "VALOR_CTO": 72870090400.0, "LOTE": 5, "PLAZO_MESE": 12, "FECHA_INI": "05/02/2026", "CTO": "25OO111B2824", "Shape_Leng": 15437.6880972 }, "geometry": { "type": "MultiLineString", "coordinates": [ [ [ -75.984386612861456, 6.029082887793985 ], [ -75.984818422691461, 6.029785444601885 ], [ -75.984465386989029, 6.030809173453042 ], [ -75.984852107806233, 6.03173010797447 ], [ -75.984717025455112, 6.032732277712937 ], [ -75.985622786654773, 6.034364005521801 ], [ -75.985695122417596, 6.035799414539792 ], [ -75.988162627889054, 6.038101681263563 ], [ -75.988151228680167, 6.039501696234146 ], [ -75.988440085813124, 6.040244281942971 ], [ -75.988263641488913, 6.040490989757286 ], [ -75.987894259642218, 6.040063028531837 ], [ -75.986649668077106, 6.039654215875455 ], [ -75.985265211874619, 6.039964375743492 ], [ -75.985864598980385, 6.03891579828773 ], [ -75.985723601823395, 6.038396124263566 ], [ -75.984578447245795, 6.03782785194154 ], [ -75.983065545079938, 6.036475107755638 ], [ -75.983288184877665, 6.035389109944195 ], [ -75.983081571683769, 6.035019660131362 ], [ -75.981111187841904, 6.034539959757948 ], [ -75.981441471201833, 6.032512016945671 ], [ -75.980268087510026, 6.032653732309708 ], [ -75.979692727434539, 6.032154131453924 ], [ -75.979053933448668, 6.032268685529592 ], [ -75.978948223026862, 6.031592910556017 ], [ -75.975851841366747, 6.028441818529431 ], [ -75.975886318173764, 6.028183012852416 ], [ -75.976913041362394, 6.02785052499218 ], [ -75.977059546035008, 6.027519997089788 ], [ -75.976458496388233, 6.026300803834763 ], [ -75.975331907208115, 6.025697461682864 ], [ -75.97547026363776, 6.025146158800536 ], [ -75.975134263580529, 6.024834798465175 ], [ -75.973985960602221, 6.024869473808272 ], [ -75.972839528737566, 6.024204055981581 ], [ -75.972720557258143, 6.024569980014365 ], [ -75.973180510355064, 6.025674251241943 ], [ -75.972308576508937, 6.027143325373379 ], [ -75.971964818062332, 6.028724821829664 ], [ -75.971567513328566, 6.028811331635419 ], [ -75.970287602012277, 6.02782440403406 ], [ -75.969346722225481, 6.02826404606604 ], [ -75.968821058812352, 6.028100938778747 ], [ -75.968535960425911, 6.02863235233802 ], [ -75.968916932583582, 6.030475358685849 ], [ -75.968549911383477, 6.03104224144258 ], [ -75.967555674898591, 6.031193962859038 ], [ -75.967007390769041, 6.030868723501492 ], [ -75.965915170427991, 6.031806639897576 ], [ -75.96624587292682, 6.033437731236998 ], [ -75.965745565167197, 6.033815427451344 ], [ -75.965569005371691, 6.034593313826704 ], [ -75.964829728700039, 6.035626760132364 ], [ -75.96556096116376, 6.036352808398034 ], [ -75.966814318037805, 6.036285405731255 ], [ -75.965972969462243, 6.037009725647788 ], [ -75.966211893037155, 6.03857070600837 ], [ -75.967812986972021, 6.039631616369967 ], [ -75.966777044773551, 6.039947628935078 ], [ -75.966966218897468, 6.040926149347962 ], [ -75.966694871531928, 6.041945604750031 ], [ -75.967169753537306, 6.042300247695441 ], [ -75.967114823630908, 6.043048193132164 ], [ -75.967974546737921, 6.043567966520586 ], [ -75.967555812889913, 6.044613508376738 ], [ -75.968184216392231, 6.045166763342143 ], [ -75.969455641911551, 6.044922397042675 ], [ -75.969719254141822, 6.045106739214147 ], [ -75.968590353267871, 6.046938165310124 ], [ -75.968853704608193, 6.04732771630291 ], [ -75.969568881098226, 6.047549207978006 ], [ -75.969157231644616, 6.048229830866978 ], [ -75.969559596142631, 6.049076379329157 ], [ -75.970728486928905, 6.049301721712354 ], [ -75.969121453879765, 6.050398142180899 ] ], [ [ -75.965607525729354, 5.983913679459835 ], [ -75.965512706052607, 5.986096528187532 ], [ -75.964786544279164, 5.987096659395388 ], [ -75.964112655958274, 5.987460976545089 ], [ -75.963420893989039, 5.989056724536819 ], [ -75.963343819237934, 5.99000146916795 ], [ -75.964233292548315, 5.990526405077244 ], [ -75.965304324643284, 5.992730559470831 ], [ -75.9651713279479, 5.994267639386051 ], [ -75.963669236146728, 5.995879299882111 ], [ -75.964294086355977, 5.996845895792554 ], [ -75.964123705880141, 5.998133834328884 ], [ -75.964673679310835, 5.998612186998685 ], [ -75.965243208786362, 5.999786001445604 ], [ -75.965291952190256, 6.001564507723612 ], [ -75.966499681821759, 6.002857534071297 ], [ -75.966752665422703, 6.004801794317232 ], [ -75.967478924040236, 6.006812884107121 ], [ -75.967392864403593, 6.007429584238115 ], [ -75.968030518338068, 6.008017495093901 ], [ -75.969363762626017, 6.008366701073746 ], [ -75.970086471613072, 6.008203555847965 ], [ -75.970737529126012, 6.008577268849065 ], [ -75.973180134889674, 6.008265173522152 ], [ -75.973840713464966, 6.008715153648509 ], [ -75.974561326699586, 6.009966127810078 ], [ -75.975561150314007, 6.010260146132298 ], [ -75.975952043643986, 6.01178370279887 ], [ -75.976567281571974, 6.012944231241891 ], [ -75.976985738773507, 6.013215125763781 ], [ -75.977406747018861, 6.014321409464176 ], [ -75.977551449240281, 6.015313479874202 ], [ -75.977217149348391, 6.017013495487742 ], [ -75.97777773830235, 6.017410232941661 ], [ -75.978164812924319, 6.018423169091131 ], [ -75.981171090651344, 6.021558226791545 ], [ -75.981286080839837, 6.023255716226656 ], [ -75.981685439739096, 6.023759773830007 ] ], [ [ -75.967378845110275, 5.975427069570017 ], [ -75.967205453198858, 5.976860423523787 ] ] ] } },
{ "type": "Feature", "properties": { "CIRCUITO": "Sonsón - Aguadas (Puente San Rafael)", "LONG_INTER": 19.22, "ORDEN": 2, "NOMBRE_VIA": "Sonsón - Puente San Rafael", "CODIGO_VIA": "56AN09", "MPIO_NOMBR": "SONSÓN", "SUBREGION_": "ORIENTE", "Long_km": 19.22, "AV_FISICO": 0.03, "AV_FINAN": 0.03, "CONTRATIST": "POR DEFINIR (RENTAN)", "INTERV": "RENTAN - POR DEFINIR", "VALOR_CTO": 108554215084.00002, "LOTE": 1, "PLAZO_MESE": 15, "FECHA_INI": "20/01/2026", "CTO": "4600018900", "Shape_Leng": 18502.9620679 }, "geometry": { "type": "MultiLineString", "coordinates": [ [ [ -75.310658991444541, 5.704992430427909 ], [ -75.310986758290554, 5.70387349620605 ], [ -75.310457743398842, 5.703402083559405 ], [ -75.310401134588119, 5.702588278578033 ], [ -75.311078085458618, 5.701907577249532 ], [ -75.311107541021769, 5.701355706832516 ], [ -75.312269823636697, 5.70081400624072 ], [ -75.31347054263739, 5.700891029780156 ], [ -75.313855136280637, 5.699835865147129 ], [ -75.313693501251635, 5.698332754525442 ], [ -75.313934443708959, 5.697892158531088 ], [ -75.314766025716352, 5.69742598286009 ], [ -75.31497812364006, 5.696354981447963 ], [ -75.315663627997537, 5.696149593599233 ], [ -75.316126320891712, 5.695466722217415 ], [ -75.317300500549138, 5.695430704133686 ], [ -75.317938897605458, 5.694473476939671 ], [ -75.318463399840255, 5.694464853140864 ], [ -75.319123951915316, 5.693876746628411 ], [ -75.319692510264801, 5.692418472129919 ], [ -75.32044538955904, 5.692256115879195 ], [ -75.320591457255915, 5.690647047071882 ], [ -75.321779188042328, 5.690692022782152 ], [ -75.322455409021117, 5.688674088808105 ], [ -75.323988490694191, 5.687358994298973 ], [ -75.324950480644148, 5.685410983451887 ], [ -75.325224442345515, 5.683348532364239 ], [ -75.325842002943318, 5.682803325413499 ], [ -75.325843652945863, 5.682145166224511 ], [ -75.3266684730376, 5.681277949994248 ], [ -75.327050462367225, 5.679847544235174 ], [ -75.326923015988427, 5.678855696128867 ], [ -75.328443701198609, 5.678398380993461 ], [ -75.32885749108523, 5.677866023626994 ], [ -75.330105062662625, 5.677804896108654 ], [ -75.331226831097879, 5.676182353579191 ], [ -75.332219134330828, 5.675872543594664 ], [ -75.332869793520914, 5.675936672543067 ], [ -75.332384311921459, 5.676315152456707 ], [ -75.332592583011419, 5.676587437363804 ], [ -75.333180141224517, 5.676534842244164 ], [ -75.333491390553121, 5.675932465823297 ], [ -75.333762995732414, 5.675920118411677 ], [ -75.333576830447086, 5.677544605364673 ], [ -75.334241382033881, 5.677311018545411 ], [ -75.334056935350901, 5.678000035691261 ], [ -75.334933053796746, 5.677448340973019 ], [ -75.335438774069445, 5.67656067609124 ], [ -75.336414327228127, 5.676351055272812 ], [ -75.337175470238023, 5.67532108688937 ], [ -75.337281108184726, 5.674335310262306 ], [ -75.337761521311975, 5.674117680486139 ], [ -75.339465291420964, 5.674521329812404 ], [ -75.340423989503378, 5.674087630759576 ], [ -75.339417397925729, 5.674810224968114 ], [ -75.338618549565538, 5.674649310916981 ], [ -75.3381813610428, 5.674850533359523 ], [ -75.337022014688898, 5.677410247918828 ], [ -75.338414275901755, 5.675937081831147 ], [ -75.339441651158765, 5.675472420765607 ], [ -75.340363474996224, 5.675597012559442 ], [ -75.341002592635107, 5.675299329457106 ], [ -75.341033174290658, 5.675539607956165 ], [ -75.339978077947535, 5.67576409700834 ], [ -75.339198572534599, 5.676325457550822 ], [ -75.341066185257645, 5.676481789791918 ], [ -75.342615893247483, 5.675222339935811 ], [ -75.344995830701251, 5.674555541165661 ], [ -75.344938653384077, 5.675177895490093 ], [ -75.343946416237543, 5.675961233651766 ], [ -75.34521143075176, 5.676433629415753 ], [ -75.345727215058702, 5.677525468512289 ], [ -75.347197188004145, 5.678538319893118 ], [ -75.348359540273421, 5.678355680764615 ], [ -75.349836330946317, 5.677221494473757 ], [ -75.351465189616903, 5.67683399178253 ], [ -75.350794691388685, 5.675424191070443 ], [ -75.34972835838937, 5.675135579681895 ], [ -75.348766113988006, 5.674239689262178 ], [ -75.347823695503706, 5.674098380258523 ], [ -75.346030121739048, 5.672866848117509 ], [ -75.345531225878517, 5.669380444973469 ], [ -75.342979720688589, 5.669621749286965 ], [ -75.342111201165679, 5.668239144693561 ], [ -75.341070009249933, 5.667495376242508 ], [ -75.341024301737178, 5.666586965902349 ], [ -75.3430108083341, 5.666170708528555 ], [ -75.343627044757341, 5.664643091815526 ], [ -75.344631506719963, 5.663722646518782 ], [ -75.345606324427379, 5.661881528947267 ], [ -75.3453723860206, 5.660850605669554 ], [ -75.344357518587557, 5.660072674895391 ], [ -75.344667707604515, 5.659184733518573 ], [ -75.345054968874436, 5.659303948520833 ], [ -75.345369528571112, 5.660250825157309 ], [ -75.347635853203613, 5.661590531153144 ], [ -75.348114402901984, 5.66298496111059 ], [ -75.347801384533696, 5.664080450619228 ], [ -75.348261885642827, 5.664395979886844 ], [ -75.348804099242713, 5.66403137674298 ], [ -75.349081904482716, 5.66496080472242 ], [ -75.350467693286092, 5.665239689065299 ], [ -75.350741779635683, 5.666794212829164 ], [ -75.352231397171479, 5.667711854918531 ], [ -75.352808487100688, 5.669070807245617 ], [ -75.353497219923412, 5.66932416024957 ], [ -75.353668861024502, 5.66908143609309 ], [ -75.353240764705916, 5.667403456822329 ], [ -75.352585259667038, 5.666519367559074 ], [ -75.35409414392285, 5.665541847334544 ], [ -75.356226836716488, 5.667397391400781 ], [ -75.357409590302126, 5.666800640408619 ], [ -75.358271231008104, 5.667538931139743 ], [ -75.360222737131735, 5.667272325540434 ], [ -75.360859855184671, 5.668033055686719 ], [ -75.362736154540372, 5.668178034282671 ], [ -75.363630944579498, 5.668537715892899 ], [ -75.366838720166498, 5.66834936243335 ], [ -75.367228927693048, 5.668646245586697 ], [ -75.368574460454596, 5.668649226002095 ], [ -75.369259797828278, 5.668129833428138 ], [ -75.370650504663089, 5.668046598299433 ], [ -75.371866145758005, 5.667624089487125 ], [ -75.372338769812558, 5.668120116416067 ], [ -75.37215926892668, 5.667445667529283 ], [ -75.370332049044549, 5.667207287166252 ], [ -75.372178342470491, 5.66713853795449 ], [ -75.373187657055098, 5.666590382830514 ], [ -75.371051188296732, 5.664178541302563 ], [ -75.369835609008348, 5.661939968419287 ], [ -75.369956520307454, 5.661575306301507 ] ] ] } },
{ "type": "Feature", "properties": { "CIRCUITO": "Cáceres - La Chilona", "LONG_INTER": 25.0, "ORDEN": 3, "NOMBRE_VIA": "Cáceres - La Chilona", "CODIGO_VIA": "25AN15-1", "MPIO_NOMBR": "CÁCERES", "SUBREGION_": "BAJO CAUCA", "Long_km": 25.0, "AV_FISICO": 0.03, "AV_FINAN": 0.03, "CONTRATIST": "CONSORCIO VIAS 7PD", "INTERV": "RENTAN - SODICON SAS", "VALOR_CTO": 26362070969.0, "LOTE": 7, "PLAZO_MESE": 11, "FECHA_INI": "11/02/2026", "CTO": "25OO111B2825", "Shape_Leng": 24459.185566299999 }, "geometry": { "type": "MultiLineString", "coordinates": [ [ [ -75.208744769978694, 7.599328356580886 ], [ -75.206222566259186, 7.598487471002389 ], [ -75.206151506220039, 7.597898040646969 ], [ -75.205231236314219, 7.596625524586406 ], [ -75.204910258390413, 7.595803528965896 ], [ -75.205381937349372, 7.595121796002254 ], [ -75.205265102872104, 7.593984729362148 ], [ -75.205843976771334, 7.593043191424725 ], [ -75.205664523481715, 7.592713568648016 ], [ -75.204811516155445, 7.592409613619067 ], [ -75.204591783633006, 7.591340983343287 ], [ -75.204034791723629, 7.591479964662192 ], [ -75.20441448754525, 7.591838968534095 ], [ -75.20423986079561, 7.592649198952433 ], [ -75.203054933556004, 7.591644781603156 ], [ -75.202057470632298, 7.591930091999605 ], [ -75.202022418504853, 7.592278928565573 ], [ -75.202755038600017, 7.592473650308209 ], [ -75.202832815819988, 7.593067608473142 ], [ -75.202375841039199, 7.593228095619062 ], [ -75.201459369638371, 7.592578900766876 ], [ -75.200883960306413, 7.594212176475993 ], [ -75.199807607911765, 7.594585231466623 ], [ -75.200044800414318, 7.593978977215683 ], [ -75.199715452465128, 7.593437333898555 ], [ -75.199142036086002, 7.593068540398627 ], [ -75.198996959631117, 7.592589567954399 ], [ -75.19822813699659, 7.592300211932784 ], [ -75.198568243439681, 7.591443972749202 ], [ -75.198255880662302, 7.590794645845937 ], [ -75.198295015917765, 7.588689149072515 ], [ -75.196909144578598, 7.587281945298018 ], [ -75.196624684556738, 7.587408973283939 ], [ -75.196410963485619, 7.588158555969888 ] ], [ [ -75.278299822271734, 7.578555246642692 ], [ -75.27717720373542, 7.578299787931211 ], [ -75.275853271625493, 7.578643637642209 ], [ -75.274325345628938, 7.57806976922664 ], [ -75.273867776940264, 7.578804089485456 ], [ -75.272618799997844, 7.579075099490219 ], [ -75.271284807630778, 7.579958888424517 ], [ -75.270720044953507, 7.581016341668764 ], [ -75.269621692544987, 7.581300827897035 ], [ -75.267364911720207, 7.580596915043524 ], [ -75.26623307768935, 7.579489667875702 ], [ -75.26513647484208, 7.579381126647853 ], [ -75.262932772869263, 7.5798904561034 ], [ -75.262074969695604, 7.58079027101573 ], [ -75.260086533645634, 7.581107220104398 ], [ -75.256497541234538, 7.580789529347786 ], [ -75.25516348944339, 7.579713300589587 ], [ -75.253749440905153, 7.579884079832575 ], [ -75.252525591712129, 7.579552262842791 ], [ -75.250180121104719, 7.581048181376793 ], [ -75.248630356683421, 7.580334954365163 ], [ -75.246689268318718, 7.579990757200015 ], [ -75.245670432740582, 7.579323688872681 ], [ -75.244849421632978, 7.57925101073253 ], [ -75.244137644205921, 7.579524082610797 ], [ -75.243414564361046, 7.58034471827327 ], [ -75.24190854366536, 7.58322889014266 ], [ -75.241138074709554, 7.58373102487097 ], [ -75.239797224737018, 7.583922150480935 ], [ -75.238557361019687, 7.585263879127212 ], [ -75.236664028357026, 7.586047942034774 ], [ -75.234231227002468, 7.584898569094476 ], [ -75.233654206374368, 7.584274304853069 ], [ -75.23306962213691, 7.584964134343577 ], [ -75.231740677323899, 7.585396707024084 ], [ -75.22879475615423, 7.584841791771999 ], [ -75.227770553879026, 7.583657845313065 ], [ -75.225579243137787, 7.584105914772431 ], [ -75.224162122170895, 7.583242859770107 ], [ -75.223263130027021, 7.580763315721258 ], [ -75.222428882561928, 7.579567006270652 ], [ -75.221313493079421, 7.579808850267996 ], [ -75.220495691494335, 7.579593806519938 ], [ -75.220124278053405, 7.579819871466173 ], [ -75.219243093941571, 7.581834174222453 ], [ -75.218624562471589, 7.582500845296413 ], [ -75.218761766464795, 7.584080358872673 ], [ -75.217266938686009, 7.585829196783473 ], [ -75.216915187188846, 7.587891968449893 ], [ -75.215580458306093, 7.588996950998158 ], [ -75.215402941668927, 7.590773429575178 ], [ -75.213770982598376, 7.593261728437533 ], [ -75.213899130328258, 7.595046975202468 ], [ -75.213321208341512, 7.595888057910708 ], [ -75.212376322895111, 7.596202675927564 ], [ -75.211965343107593, 7.596715624358501 ], [ -75.210687324838432, 7.596606539939178 ], [ -75.209810910335463, 7.598595479885044 ] ], [ [ -75.303763448693957, 7.568231404464196 ], [ -75.303030451664, 7.569841453638196 ], [ -75.302531408172214, 7.5697786809702 ], [ -75.301526144215202, 7.568765930095958 ], [ -75.301062597685387, 7.568667934978001 ], [ -75.299387696293991, 7.570079113579538 ], [ -75.298064997239067, 7.570444343830047 ], [ -75.296242239962794, 7.572738017705085 ], [ -75.295101994257763, 7.572959172788127 ], [ -75.294425292623686, 7.573450758771035 ], [ -75.294325201418033, 7.575007189235685 ], [ -75.293414836769301, 7.576461695501567 ], [ -75.291596946311515, 7.577210452697885 ], [ -75.290882860059909, 7.577112466569444 ], [ -75.289914312577451, 7.576412160204368 ], [ -75.289401947380085, 7.576565498105918 ], [ -75.288722157463837, 7.577298134061016 ], [ -75.287774782472212, 7.577255070579104 ], [ -75.28605981172494, 7.5785667632136 ], [ -75.286107155429107, 7.580567819474771 ], [ -75.284797920342228, 7.581878606808013 ], [ -75.284298490190636, 7.581864793892513 ], [ -75.282616562115166, 7.580890063101978 ], [ -75.28084966837659, 7.580699293122315 ] ], [ [ -75.281197388154709, 7.579093041276389 ], [ -75.27985430227244, 7.578816934320816 ] ], [ [ -75.351383524525872, 7.570280795662264 ], [ -75.35113030566356, 7.567417506602044 ], [ -75.350015642522962, 7.566809651921258 ], [ -75.349348031166286, 7.565993529276891 ], [ -75.348725193578815, 7.563995263946984 ], [ -75.347907148880054, 7.563884584813197 ], [ -75.34693181682006, 7.563151029211887 ], [ -75.34538154366237, 7.563098378578682 ], [ -75.345114584073585, 7.562524140002745 ], [ -75.345278911330027, 7.562068111192895 ], [ -75.344888995486983, 7.561833798098826 ], [ -75.343661889905022, 7.561809454929199 ], [ -75.342550136162814, 7.562513125001929 ], [ -75.341822114823941, 7.56203156048128 ], [ -75.341263339029155, 7.562081941256575 ], [ -75.339385360106931, 7.561085782792548 ], [ -75.33650854902605, 7.558966873047371 ], [ -75.335807729440859, 7.558771171303978 ], [ -75.333967910711394, 7.558720143716954 ], [ -75.331040438910463, 7.560026645631737 ], [ -75.330317874685448, 7.562594857504938 ], [ -75.329599713904685, 7.563148252461373 ], [ -75.328807283352035, 7.563107676776618 ], [ -75.328311768397967, 7.564031054265512 ], [ -75.327313999269109, 7.563686289365577 ], [ -75.325930876550999, 7.564335546404231 ], [ -75.324007995191863, 7.564516694678955 ], [ -75.323477999267325, 7.563641225580149 ], [ -75.323057934799579, 7.564425049205528 ], [ -75.322294495078097, 7.564635665349676 ], [ -75.321768254831724, 7.565275385542414 ], [ -75.320737143835316, 7.56520486706478 ], [ -75.318894255177966, 7.56577835729941 ], [ -75.318397265930741, 7.566562369913829 ], [ -75.317058949270688, 7.566696606980005 ], [ -75.315633684272015, 7.567700072608174 ], [ -75.313637326199171, 7.567004626141349 ], [ -75.312304972255149, 7.565994602148523 ], [ -75.311559522219184, 7.565985078029597 ], [ -75.310945747079202, 7.564998127825149 ], [ -75.309693291110463, 7.564731984671525 ], [ -75.309081731059365, 7.564907254852029 ], [ -75.30865032051517, 7.566166501278727 ], [ -75.307947567408476, 7.566342633424051 ], [ -75.307449434877341, 7.566011499004351 ], [ -75.307322984288774, 7.565156576681937 ] ], [ [ -75.30474176389508, 7.564217220439147 ], [ -75.304244293439965, 7.564222433149009 ], [ -75.303785566241729, 7.564975950661742 ], [ -75.303774520202765, 7.566757158718315 ] ] ] } },
{ "type": "Feature", "properties": { "CIRCUITO": "San Pedro de Urabá - Necoclí", "LONG_INTER": 58.65, "ORDEN": 3, "NOMBRE_VIA": "El Bobal - San Pedro de Urabá", "CODIGO_VIA": "90AN01", "MPIO_NOMBR": "NECOCLÍ", "SUBREGION_": "URABA", "Long_km": 26.05, "AV_FISICO": 0.03, "AV_FINAN": 0.03, "CONTRATIST": "CONSORCIO URABÁ 25", "INTERV": "RENTAN - GRUPO INTECON S.A.S", "VALOR_CTO": 144973755369.0, "LOTE": 3, "PLAZO_MESE": 18, "FECHA_INI": "04/02/2026", "CTO": "25OO111B2822", "Shape_Leng": 25658.884395000001 }, "geometry": { "type": "MultiLineString", "coordinates": [ [ [ -76.755469161677269, 8.412545296510775 ], [ -76.753645996659259, 8.413358561533039 ], [ -76.751364834060425, 8.415588572410057 ], [ -76.749956575653428, 8.418082836253122 ], [ -76.749037622990102, 8.418925459953973 ], [ -76.748300480962584, 8.418981238831753 ], [ -76.747375210318694, 8.41832788584844 ], [ -76.746718306121338, 8.418209095279915 ], [ -76.744944920830946, 8.41946895871293 ], [ -76.743174114484177, 8.423326006543229 ], [ -76.740217338297995, 8.424584255545316 ], [ -76.738695075193263, 8.429647875687804 ], [ -76.737200654676883, 8.430747321682123 ], [ -76.73695558827761, 8.432634765147286 ], [ -76.735846388554194, 8.432995886801498 ], [ -76.734231818207689, 8.432410921753856 ], [ -76.73312366865315, 8.433558048201284 ], [ -76.733286306064642, 8.434524394486674 ], [ -76.732927984753132, 8.434898630116585 ], [ -76.730882969616616, 8.435043135964378 ], [ -76.729265860282808, 8.435995705034525 ], [ -76.727790118031265, 8.438711710829612 ], [ -76.726905961899476, 8.438015866831124 ], [ -76.726391258227082, 8.43658333508548 ], [ -76.725985803399809, 8.436355575565509 ], [ -76.722742134179811, 8.436350613022915 ], [ -76.720279918443126, 8.438542081478483 ], [ -76.718508060653477, 8.437512039159474 ], [ -76.710711969898782, 8.436120240024323 ], [ -76.708704591637726, 8.435029298384826 ], [ -76.707624924630181, 8.433478665777427 ], [ -76.706486771715788, 8.432438587500281 ], [ -76.704149350078097, 8.43114168924135 ], [ -76.702290961138473, 8.432559404101326 ], [ -76.700620982453046, 8.432681314634923 ], [ -76.699645193011676, 8.433880215849031 ], [ -76.698454419244428, 8.434605290333884 ], [ -76.694222982783316, 8.435503404498354 ], [ -76.691951367953479, 8.43442086303031 ], [ -76.691441371696513, 8.4335432282118 ], [ -76.690435747255549, 8.432761609257247 ], [ -76.689388450129314, 8.432553214058668 ], [ -76.686841096151227, 8.433511168891153 ], [ -76.683288370732186, 8.430976260407958 ], [ -76.680922010581384, 8.430735977743755 ], [ -76.679978397336654, 8.429823975505194 ], [ -76.678587679819614, 8.430319211069849 ], [ -76.676309517620538, 8.42939143354633 ], [ -76.674060117892267, 8.429596990491856 ], [ -76.673495786893483, 8.429221270305341 ], [ -76.671905313127056, 8.430469683796391 ], [ -76.671166399020606, 8.430486141878506 ], [ -76.670204096233292, 8.429580457166937 ], [ -76.669099572708106, 8.429026969908666 ], [ -76.668289122065588, 8.42803964044743 ], [ -76.66450827210133, 8.426636714956272 ], [ -76.662117912874777, 8.426804758909634 ], [ -76.660931631839588, 8.427221668036347 ], [ -76.659907492396499, 8.428145494686362 ], [ -76.657680037495808, 8.427390028548899 ], [ -76.653994702793085, 8.427901887734039 ], [ -76.653108953296837, 8.427010640063546 ], [ -76.652007198125204, 8.4250705423113 ], [ -76.651569125920901, 8.423402630619096 ], [ -76.651130574840394, 8.423037695825053 ], [ -76.651259831539477, 8.422268540181653 ], [ -76.651022403878073, 8.421928248791263 ], [ -76.650597172561575, 8.42158091739233 ], [ -76.649016657544294, 8.421816798597815 ], [ -76.647228987536906, 8.42092611980347 ], [ -76.646847537882365, 8.4194015449359 ], [ -76.64573122146048, 8.418454541316777 ], [ -76.645235505695979, 8.416625270112069 ], [ -76.643798030898182, 8.416500224838614 ], [ -76.642592456370835, 8.415303467491352 ], [ -76.644829889814289, 8.412377222852433 ], [ -76.644269407177362, 8.41036495956503 ], [ -76.643670916406322, 8.409491686889082 ], [ -76.64262563322275, 8.408868016532459 ], [ -76.641949829248333, 8.407575992937295 ], [ -76.641237476785562, 8.407163478595725 ], [ -76.638687735318726, 8.406561701947117 ], [ -76.63696426043569, 8.40665995493751 ], [ -76.635577304455239, 8.40564003655575 ], [ -76.634698300334605, 8.404212693151692 ], [ -76.633885071740281, 8.403697622150531 ], [ -76.633742104621319, 8.402709923315074 ], [ -76.633017423938952, 8.402591355951513 ], [ -76.632090935836132, 8.401539904449679 ], [ -76.631216987264793, 8.401539102611805 ], [ -76.629153648967147, 8.400675199347644 ], [ -76.629696898622612, 8.398997892531916 ], [ -76.627854802303446, 8.396828903958319 ], [ -76.627393377728936, 8.39500462381447 ], [ -76.623381388273657, 8.395062333520977 ], [ -76.619805904832049, 8.391989573869498 ], [ -76.619341318131788, 8.390938491780458 ], [ -76.618905733609651, 8.388558541143153 ], [ -76.620213500835703, 8.38630598385283 ], [ -76.619883904817442, 8.384789612207264 ], [ -76.620647945841014, 8.384279364444184 ], [ -76.620460441621631, 8.383229380540259 ], [ -76.621116353942995, 8.382377241436552 ], [ -76.621120702570579, 8.381406657150087 ], [ -76.619377830492326, 8.379907260923499 ], [ -76.619581042165649, 8.37921943284071 ], [ -76.618711420228777, 8.378143747759353 ], [ -76.618931586582036, 8.376759007261185 ], [ -76.618448529653278, 8.375986388998566 ], [ -76.618977987399205, 8.375646986909832 ], [ -76.620049389553927, 8.375834537199484 ], [ -76.620574311168468, 8.375291773283132 ], [ -76.619988518699429, 8.374082403204184 ], [ -76.620634039619191, 8.373397705233913 ], [ -76.621004272598, 8.372162863670384 ], [ -76.62040892562176, 8.371087394826514 ], [ -76.619126854087185, 8.37030439240573 ], [ -76.619111252662762, 8.36905145845893 ], [ -76.618252889853807, 8.368994672931153 ], [ -76.618057389488044, 8.368109489430019 ], [ -76.617702486398187, 8.367760610199129 ], [ -76.611410054099863, 8.368093591275358 ], [ -76.610665817399322, 8.367772519224932 ], [ -76.609038151067764, 8.366282027297911 ], [ -76.60876134219393, 8.365759768128799 ], [ -76.608919548189235, 8.365223228381636 ], [ -76.611258029715231, 8.364144448012516 ], [ -76.611728506939556, 8.363498436098178 ] ] ] } },
{ "type": "Feature", "properties": { "CIRCUITO": "San Pedro de Urabá - Necoclí", "LONG_INTER": 58.65, "ORDEN": 3, "NOMBRE_VIA": "El Bobal - San Pedro de Urabá", "CODIGO_VIA": "90AN01", "MPIO_NOMBR": "TURBO", "SUBREGION_": "URABA", "Long_km": 32.6, "AV_FISICO": 0.03, "AV_FINAN": 0.03, "CONTRATIST": "CONSORCIO URABÁ 25", "INTERV": "RENTAN - GRUPO INTECON S.A.S", "VALOR_CTO": 144973755369.0, "LOTE": 3, "PLAZO_MESE": 18, "FECHA_INI": "04/02/2026", "CTO": "25OO111B2822", "Shape_Leng": 32230.741767399999 }, "geometry": { "type": "MultiLineString", "coordinates": [ [ [ -76.611728506939556, 8.363498436098178 ], [ -76.611610504662011, 8.362712105785945 ], [ -76.609346976943883, 8.361342226420616 ], [ -76.60886399495898, 8.361347579094367 ], [ -76.606764642979996, 8.362421125190966 ], [ -76.605018718235499, 8.361881584093394 ], [ -76.60478843940939, 8.362205801395568 ], [ -76.605093863377363, 8.363136445019823 ], [ -76.605001322557854, 8.36434320717666 ], [ -76.603724276983087, 8.365106794107751 ], [ -76.602015289642196, 8.365515381789269 ], [ -76.600873941110621, 8.36684389003614 ], [ -76.59770446248595, 8.365229325830812 ], [ -76.594751743492921, 8.366027903212554 ], [ -76.592521232934232, 8.365103759169143 ], [ -76.590351213001668, 8.365346210570225 ], [ -76.58804390101885, 8.364415668047195 ], [ -76.578848581844269, 8.363390145756028 ], [ -76.57667666172388, 8.363595808868316 ], [ -76.57404329036693, 8.360613107332675 ], [ -76.571928986741668, 8.360501309488605 ], [ -76.570856608283108, 8.359231395039755 ], [ -76.570034236130169, 8.358899930067162 ], [ -76.56908453279388, 8.358767434678656 ], [ -76.567775804112188, 8.359070841918937 ], [ -76.566106477220487, 8.358640732650613 ], [ -76.563159810292973, 8.359323858947082 ], [ -76.562351327041895, 8.360047492091624 ], [ -76.560466341385279, 8.360469499715373 ], [ -76.559331729225349, 8.361342522710995 ], [ -76.558784767991725, 8.362377160112171 ], [ -76.558033659880792, 8.362896494638047 ], [ -76.557316650066042, 8.362965433454745 ], [ -76.556172553877033, 8.362243581371583 ], [ -76.55467771583865, 8.36287505321503 ], [ -76.553246751827714, 8.363092278956598 ], [ -76.551504666570708, 8.364550427439188 ], [ -76.550025690144679, 8.364959374679191 ], [ -76.549574044090789, 8.366906856042172 ], [ -76.548387311824897, 8.366829383131314 ], [ -76.547483339061301, 8.367638747216407 ], [ -76.546727579282091, 8.367018150024215 ], [ -76.545916531045108, 8.367409498786129 ], [ -76.54383277627457, 8.366668043169218 ], [ -76.541688363686163, 8.367286068064184 ], [ -76.538851074283315, 8.367019761376978 ], [ -76.536835354029776, 8.367632696959243 ], [ -76.535462686276617, 8.36729163443829 ], [ -76.533801856260354, 8.367325735038927 ], [ -76.532731370841816, 8.36695932625447 ], [ -76.531777711325503, 8.367089087636858 ], [ -76.530370433545286, 8.366522994729413 ], [ -76.528798235817959, 8.3683073450268 ], [ -76.528659231223244, 8.367455002496657 ], [ -76.527452662557423, 8.366517165108908 ], [ -76.524952394514429, 8.366546761501976 ], [ -76.52321269382773, 8.365825525908447 ], [ -76.522116630637981, 8.365891979756057 ], [ -76.520531525122976, 8.364412804875213 ], [ -76.517930871607831, 8.366469434210407 ], [ -76.515477232789252, 8.365797127588966 ], [ -76.512865555539506, 8.366039647318674 ], [ -76.511928896184955, 8.366918515632619 ], [ -76.510890380268691, 8.367259663174719 ], [ -76.509485128830619, 8.366008612436138 ], [ -76.508421754422983, 8.36549786607384 ], [ -76.506895366502604, 8.365956766267507 ], [ -76.505394491576226, 8.365635682717596 ], [ -76.504246373715134, 8.364998561985034 ], [ -76.501894998302447, 8.366722220658511 ], [ -76.498601286934488, 8.366487147003879 ], [ -76.497585014639156, 8.366116150459716 ], [ -76.496547737043954, 8.367016856048867 ], [ -76.495715654110924, 8.366985653267848 ], [ -76.494793185477491, 8.368743302023159 ], [ -76.494153195668076, 8.369189457072292 ], [ -76.492944331670031, 8.369460339563647 ], [ -76.491520264423642, 8.368795967458455 ], [ -76.490463849673489, 8.368862895198291 ], [ -76.485349508805314, 8.3724555046724 ], [ -76.483417684339216, 8.369382399822038 ], [ -76.484435010179567, 8.366615892411446 ], [ -76.484285519345562, 8.365003834310611 ], [ -76.482741230420004, 8.363274355729837 ], [ -76.48135248720321, 8.360681201741986 ], [ -76.478601159024677, 8.353471758973532 ], [ -76.476427705642067, 8.35239751283625 ], [ -76.47532862190927, 8.351261382123333 ], [ -76.47313550390524, 8.349775522647136 ], [ -76.472167937217762, 8.349991979370287 ], [ -76.470833756068984, 8.349623102012723 ], [ -76.46847989454767, 8.349862096616716 ], [ -76.467026952699811, 8.349161624736652 ], [ -76.464754166567801, 8.347303446518376 ], [ -76.463912702786914, 8.347465409535005 ], [ -76.463069763801883, 8.347183586196437 ], [ -76.462687768090646, 8.346692557550284 ], [ -76.462946139987821, 8.346018287801085 ], [ -76.462587531651977, 8.344370610099611 ], [ -76.459393722016273, 8.343925483791212 ], [ -76.459057495558, 8.344090201879656 ], [ -76.459263605736368, 8.344688318525064 ], [ -76.458767425816788, 8.344945436555076 ], [ -76.457005904309312, 8.34403404714414 ], [ -76.45548229118512, 8.344259867291283 ], [ -76.454556107305805, 8.343647947572775 ], [ -76.453100803640282, 8.343692695431088 ], [ -76.452654508504423, 8.342327113920248 ], [ -76.453358671337568, 8.341702501046377 ], [ -76.453500317160433, 8.341147440793881 ], [ -76.45204822752082, 8.34048876530542 ], [ -76.451810085910708, 8.339805430000295 ], [ -76.450827304161777, 8.339361270538031 ], [ -76.451467100919075, 8.338526740148794 ], [ -76.45126702507963, 8.33782552381421 ], [ -76.449065302680623, 8.335944968201682 ], [ -76.447670849950271, 8.332987616171057 ], [ -76.445436177680762, 8.332576744369527 ], [ -76.445009877353371, 8.332217465763815 ], [ -76.444156184126868, 8.330375409377545 ], [ -76.443771692720929, 8.32858864101331 ], [ -76.443692654547974, 8.328006488510281 ], [ -76.444077783198594, 8.327372945244322 ], [ -76.441990587487879, 8.327671847875148 ], [ -76.441030254220621, 8.327490733397793 ], [ -76.441333465342666, 8.325263991318817 ], [ -76.441982151528151, 8.324899781640658 ], [ -76.442277401681196, 8.323328674834164 ], [ -76.441512276062269, 8.321944518839087 ], [ -76.440514777874199, 8.32103248542256 ], [ -76.440099532061637, 8.318901564953983 ], [ -76.438589126017305, 8.318901398653718 ], [ -76.436870693058935, 8.317972205834963 ], [ -76.433559382166862, 8.317115440440658 ], [ -76.431926407663852, 8.314973154215306 ], [ -76.427978733223256, 8.312647949645051 ], [ -76.426388700907935, 8.31278000120294 ], [ -76.420583415409936, 8.311472887757379 ], [ -76.39774187381613, 8.291737903016655 ], [ -76.395265455089685, 8.28780509785947 ] ] ] } },
{ "type": "Feature", "properties": { "CIRCUITO": "San Rafael - San Roque - Santo Domingo - Alejandría", "LONG_INTER": 25.72, "ORDEN": 3, "NOMBRE_VIA": "Santo Domingo - San Roque", "CODIGO_VIA": "62AN22-1", "MPIO_NOMBR": "ALEJANDRÍA", "SUBREGION_": "ORIENTE", "Long_km": 2.26, "AV_FISICO": 0.03, "AV_FINAN": 0.03, "CONTRATIST": "POR DEFINIR (RENTAN)", "INTERV": "RENTAN - POR DEFINIR", "VALOR_CTO": 108554215084.00002, "LOTE": 1, "PLAZO_MESE": 15, "FECHA_INI": "20/01/2026", "CTO": "4600018900", "Shape_Leng": 2213.6228830499999 }, "geometry": { "type": "MultiLineString", "coordinates": [ [ [ -74.994800542027278, 6.387530294660511 ], [ -74.995302466720986, 6.383827631409143 ], [ -74.99456821157213, 6.382572877829355 ], [ -74.995313759684223, 6.382177457486975 ], [ -74.996654024417126, 6.382360390206055 ], [ -74.996829712723667, 6.381909158005914 ], [ -74.99657748503013, 6.380709678158391 ], [ -75.000322453396109, 6.376316011898105 ], [ -75.000152217288374, 6.376064042731626 ], [ -74.998444916813241, 6.375949004594403 ], [ -74.998439426304913, 6.37552697410314 ], [ -74.998939040581419, 6.375178861937687 ], [ -74.998870761632247, 6.374590265856923 ], [ -74.997386165656721, 6.374363661207697 ] ] ] } },
{ "type": "Feature", "properties": { "CIRCUITO": "San Rafael - San Roque - Santo Domingo - Alejandría", "LONG_INTER": 25.72, "ORDEN": 3, "NOMBRE_VIA": "Santo Domingo - San Roque", "CODIGO_VIA": "62AN22-1", "MPIO_NOMBR": "SAN ROQUE", "SUBREGION_": "NORDESTE", "Long_km": 23.23, "AV_FISICO": 0.03, "AV_FINAN": 0.03, "CONTRATIST": "CONSORCIO CONSTRUCCIONES 11 SAN ROQUE", "INTERV": "RENTAN - ARREDONDO MADRID INGENIEROS (AIM)", "VALOR_CTO": 57385592096.0, "LOTE": 6, "PLAZO_MESE": 13, "FECHA_INI": "10/02/2026", "CTO": "4600018883", "Shape_Leng": 22777.324641200001 }, "geometry": { "type": "MultiLineString", "coordinates": [ [ [ -75.024569769850643, 6.48628085535078 ], [ -75.025095117293844, 6.485590019993821 ], [ -75.026993251642665, 6.485847400125784 ], [ -75.029958841019038, 6.48560691721745 ], [ -75.031868365148839, 6.483487967981828 ], [ -75.032991250218814, 6.482767693450407 ], [ -75.035172530602011, 6.482070582178612 ], [ -75.03650810130965, 6.482697712445896 ], [ -75.03667084279995, 6.481839113814091 ], [ -75.038355808494444, 6.481742364670128 ], [ -75.039478439188585, 6.480534515828991 ], [ -75.040748881826502, 6.481391158220286 ], [ -75.040873205715656, 6.480928205571042 ], [ -75.041257288666756, 6.480733891556489 ], [ -75.041128348288126, 6.480302668292438 ], [ -75.041434986652249, 6.479901206346905 ], [ -75.045577121617981, 6.480937283832558 ], [ -75.045824664360154, 6.481790451250214 ], [ -75.045465235193589, 6.482208654850213 ], [ -75.046127045484852, 6.482761291603635 ], [ -75.046288262475883, 6.483371690741935 ], [ -75.048703231219733, 6.484570246083406 ], [ -75.049585565995841, 6.484712761098801 ], [ -75.049946591927565, 6.485461860573281 ], [ -75.049826377184417, 6.486773585321711 ], [ -75.051424952721746, 6.487060897769619 ], [ -75.051908668974974, 6.487478040363047 ], [ -75.052661671861628, 6.486727323217602 ], [ -75.053333312074557, 6.486538123073212 ], [ -75.054651043764281, 6.48683971284085 ], [ -75.055498310358033, 6.487884302020456 ], [ -75.056773176143537, 6.487652329869936 ], [ -75.057453665005696, 6.487241055320864 ], [ -75.057527988313851, 6.486671190695784 ], [ -75.058366096885777, 6.485823282271717 ], [ -75.058966511595358, 6.485629743831622 ], [ -75.059389873808215, 6.484559209778494 ], [ -75.061190995747879, 6.48332634750983 ], [ -75.062245344780933, 6.483762593388382 ], [ -75.062899951523804, 6.483126654348634 ], [ -75.063818683886112, 6.483557781611106 ], [ -75.064673365706057, 6.483203832396946 ], [ -75.065873974379585, 6.484370934399532 ], [ -75.067056438790431, 6.484030490051362 ], [ -75.068285244810795, 6.484430843688377 ], [ -75.068774739344164, 6.484092343635202 ], [ -75.068675146609721, 6.483464427364082 ], [ -75.068998868991827, 6.48323043478925 ], [ -75.071309479653024, 6.484295410723625 ], [ -75.071710785641841, 6.484946997521243 ], [ -75.073129773324908, 6.484907854575116 ], [ -75.075055799764087, 6.486832809076639 ], [ -75.076459719137389, 6.487007659865691 ], [ -75.077199365695407, 6.486794036056874 ], [ -75.078608084202116, 6.487806219450728 ], [ -75.079704955533302, 6.488162419087126 ], [ -75.08022437180729, 6.487567678573916 ], [ -75.080225190358249, 6.486903145915949 ], [ -75.081045409652106, 6.486051243912321 ], [ -75.082366095009959, 6.485342406159447 ], [ -75.083379303476107, 6.484370786269074 ], [ -75.083486491257432, 6.483784233050867 ], [ -75.084005864521529, 6.483480754856034 ], [ -75.083875268020108, 6.482482624836573 ], [ -75.085115513895616, 6.480514252008765 ], [ -75.084654347223491, 6.479210804522591 ], [ -75.086489235118776, 6.478595856646111 ], [ -75.08848465177438, 6.476681299121391 ], [ -75.091152391134671, 6.476594463852039 ], [ -75.0914140643237, 6.476320461096208 ], [ -75.091966217961044, 6.47683881030999 ], [ -75.091938957417184, 6.479082870570358 ], [ -75.09250203932416, 6.479823092707525 ], [ -75.093510491030273, 6.479968641779893 ], [ -75.094212472359104, 6.480641977290705 ], [ -75.095093652520205, 6.480444654887812 ], [ -75.095963690967764, 6.480786668960756 ], [ -75.097178451925018, 6.481986051933605 ], [ -75.097581282171063, 6.483262528014871 ], [ -75.098742182825703, 6.483858099173506 ], [ -75.099679361937461, 6.484191485253963 ], [ -75.102920739637653, 6.484263855110567 ], [ -75.104551268829226, 6.484673042212044 ], [ -75.104839316238127, 6.484478508001694 ], [ -75.104989235452337, 6.48363832041831 ], [ -75.106090471573765, 6.483515324641495 ], [ -75.107677203328478, 6.483937743487739 ], [ -75.108431300907, 6.483029613132469 ] ], [ [ -75.032661478967398, 6.441362909988351 ], [ -75.032718070479646, 6.440221039243734 ], [ -75.031804357487118, 6.439822180130851 ], [ -75.031762622695325, 6.438814953616442 ], [ -75.031244004090439, 6.438249195043618 ], [ -75.031299289386709, 6.437827372839127 ], [ -75.032000951914114, 6.437290606156174 ], [ -75.031021281612709, 6.436412476155538 ], [ -75.03081244879202, 6.435523740117413 ], [ -75.029301738828195, 6.434585378360973 ], [ -75.029027968694507, 6.433032540537432 ], [ -75.028019795787287, 6.432414281086004 ], [ -75.027553162706027, 6.432430423824839 ], [ -75.025654047717055, 6.431127098051953 ], [ -75.024980160164674, 6.431224239683205 ], [ -75.02398053316638, 6.430859891270452 ], [ -75.023793343781378, 6.431411864645613 ], [ -75.023035305129696, 6.431692312830832 ], [ -75.021544612888007, 6.430417153007046 ], [ -75.021853733853632, 6.429830826615286 ], [ -75.021209470939851, 6.426790894513963 ], [ -75.021655095531599, 6.426269335735585 ], [ -75.022588490268831, 6.425958208621078 ], [ -75.022610244718805, 6.424781844498739 ], [ -75.021320177506155, 6.423774771493806 ], [ -75.020693397800372, 6.422751883815852 ], [ -75.020410700092683, 6.42149793346424 ], [ -75.022520473591655, 6.420003380335306 ], [ -75.023614358354138, 6.419758093449063 ], [ -75.023813644415014, 6.419075562756271 ], [ -75.023079002015677, 6.418335195826105 ], [ -75.020802430633211, 6.417035486885512 ], [ -75.020407521568387, 6.416479129487634 ], [ -75.019033901380624, 6.417287103844227 ], [ -75.018474508494123, 6.417294297618207 ], [ -75.018282044213834, 6.416765746599876 ], [ -75.01868688494099, 6.415324363238584 ], [ -75.017482249256446, 6.41455934695779 ], [ -75.017365906843565, 6.413483174651989 ], [ -75.015533535435111, 6.412251260122758 ], [ -75.015907168082819, 6.411015319896713 ], [ -75.01512032523641, 6.409617081841007 ], [ -75.014052165078056, 6.409191857748081 ], [ -75.013603276346345, 6.409919339803302 ], [ -75.012368060925454, 6.408556616778086 ], [ -75.01170313006142, 6.408348922178049 ], [ -75.011444884749565, 6.407655539277325 ], [ -75.01168088875967, 6.406595291320344 ], [ -75.011144963364487, 6.406014620592657 ], [ -75.011069473256526, 6.405489518464904 ], [ -75.0090185925811, 6.40463262033473 ], [ -75.008406682798139, 6.403885059454871 ], [ -75.007832138088006, 6.403794067520014 ], [ -75.006716786592762, 6.402838604937318 ], [ -75.006329330853404, 6.401708541460331 ], [ -75.006438026657221, 6.40081810701669 ], [ -75.006925001080432, 6.400235253978281 ], [ -75.005873858999166, 6.399902106418432 ], [ -75.005549816170841, 6.399024295220717 ], [ -75.006364977066852, 6.398650131282966 ], [ -75.00639223454489, 6.398300365167824 ], [ -75.005140487630698, 6.397659012079084 ], [ -75.005531462722274, 6.396556263208944 ], [ -75.004971378744926, 6.396286700081397 ], [ -75.004508810399159, 6.396607488090067 ], [ -75.004134284163811, 6.396276520051737 ], [ -75.00424734874106, 6.395453997588164 ], [ -75.002749687495978, 6.392769661833116 ], [ -75.001211423214698, 6.39269188308462 ], [ -75.000586309991604, 6.391914232833721 ], [ -75.000507156037642, 6.391584131671763 ], [ -75.001191235536993, 6.390544991778624 ], [ -75.000753138611131, 6.389697175072111 ], [ -75.000080142630793, 6.38972114387687 ], [ -74.999380599448273, 6.390304815179362 ], [ -74.998001568676699, 6.38987767993063 ], [ -74.997573285707688, 6.389379770599454 ], [ -74.99708160233844, 6.389427332142852 ], [ -74.996500875467092, 6.390065726035904 ], [ -74.995011376946977, 6.389649817388745 ], [ -74.994588268295814, 6.389240808454537 ], [ -74.994800542027278, 6.387530294660511 ] ] ] } },
{ "type": "Feature", "properties": { "CIRCUITO": "San Rafael - San Roque - Santo Domingo - Alejandría", "LONG_INTER": 25.72, "ORDEN": 3, "NOMBRE_VIA": "Santo Domingo - San Roque", "CODIGO_VIA": "62AN22-1", "MPIO_NOMBR": "SANTO DOMINGO", "SUBREGION_": "NORDESTE", "Long_km": 0.23, "AV_FISICO": 0.03, "AV_FINAN": 0.03, "CONTRATIST": "CONSORCIO CONSTRUCCIONES 11 SAN ROQUE", "INTERV": "RENTAN - ARREDONDO MADRID INGENIEROS (AIM)", "VALOR_CTO": 57385592096.0, "LOTE": 6, "PLAZO_MESE": 13, "FECHA_INI": "10/02/2026", "CTO": "4600018883", "Shape_Leng": 232.273561607 }, "geometry": { "type": "MultiLineString", "coordinates": [ [ [ -75.107999591095094, 6.48378625228619 ], [ -75.108202418127888, 6.483457833537028 ] ], [ [ -75.091152391134671, 6.476594463852039 ], [ -75.0914140643237, 6.476320461096208 ], [ -75.091966217961044, 6.47683881030999 ], [ -75.091843299860244, 6.47740321181282 ] ] ] } },
{ "type": "Feature", "properties": { "CIRCUITO": "La Ye - Yondó", "LONG_INTER": 30.0, "ORDEN": 3, "NOMBRE_VIA": "La Ye - Yondo", "CODIGO_VIA": "62AN29-1", "MPIO_NOMBR": "YONDÓ", "SUBREGION_": "MAGDALENA MEDIO", "Long_km": 30.0, "AV_FISICO": 0.03, "AV_FINAN": 0.03, "CONTRATIST": "CONSORCIO MAGDALENA 787", "INTERV": "RENTAN - CONSORCIO INTERVIAL ANTIOQUIA", "VALOR_CTO": 54441800920.0, "LOTE": 4, "PLAZO_MESE": 16, "FECHA_INI": "10/02/2026", "CTO": "25OO111B2823", "Shape_Leng": 29539.444145400001 }, "geometry": { "type": "MultiLineString", "coordinates": [ [ [ -74.058832007673942, 6.94726753813812 ], [ -74.06195590105628, 6.946352398902825 ], [ -74.064646777895007, 6.946725576607785 ], [ -74.066371633984147, 6.945994743874376 ], [ -74.068612429443334, 6.943798373144165 ], [ -74.068820340907806, 6.942830463887053 ], [ -74.069378805871878, 6.942201757946315 ], [ -74.070178493908145, 6.94188693380335 ], [ -74.071254577820952, 6.942034701503588 ], [ -74.072350237943724, 6.942790403458955 ], [ -74.073201803537813, 6.944436746770992 ], [ -74.075181301387218, 6.944747347842097 ], [ -74.075282247583715, 6.944016535161152 ], [ -74.076114431796711, 6.943101396481918 ], [ -74.076320336670634, 6.94219847139169 ], [ -74.077368371674268, 6.940506609554325 ], [ -74.078753840556445, 6.940518344933737 ], [ -74.080080800636196, 6.940920263838786 ], [ -74.081639301751835, 6.940401618730403 ], [ -74.08339639454725, 6.941052469872274 ], [ -74.084126775194022, 6.940832097724411 ], [ -74.084539623125707, 6.93988541907469 ], [ -74.085251374316286, 6.939403919929657 ], [ -74.086761069807622, 6.940132273796467 ], [ -74.087238201625297, 6.941665180811277 ], [ -74.089096847304347, 6.942358815268989 ], [ -74.091318274411904, 6.941456020035111 ], [ -74.09343577673468, 6.940094923520262 ], [ -74.094856783566001, 6.939950403773428 ], [ -74.09620135870513, 6.938585904478135 ], [ -74.097759796590523, 6.938452610275639 ], [ -74.099048102483081, 6.939095547359909 ], [ -74.100672410874211, 6.938633640921834 ], [ -74.102214027114812, 6.939745331419683 ], [ -74.103349033770954, 6.939719852874678 ], [ -74.103873233359806, 6.939062561420076 ], [ -74.103636449838774, 6.938105548310688 ], [ -74.104181907776407, 6.93704595126731 ], [ -74.1038191939451, 6.935660373075786 ], [ -74.104662843377326, 6.932334333830133 ], [ -74.104648779286848, 6.931347721527921 ], [ -74.104322665210532, 6.930660375141054 ], [ -74.104376274935106, 6.929300254718631 ], [ -74.106223802329282, 6.929083464318755 ], [ -74.10818544757629, 6.928106358662535 ], [ -74.108671945303598, 6.927399159247928 ], [ -74.109528660298665, 6.92692772343765 ], [ -74.110805276208708, 6.927548828631233 ], [ -74.111669112004037, 6.927598274326087 ], [ -74.113046862888936, 6.925454498103822 ], [ -74.115970527360815, 6.925122270855299 ], [ -74.117309935234772, 6.923251610179999 ], [ -74.11855049688009, 6.922460505075464 ], [ -74.118499170108734, 6.922114900946806 ], [ -74.117251613055416, 6.921264589636784 ], [ -74.116482441459198, 6.918840148523985 ], [ -74.116785335930857, 6.917104358317282 ], [ -74.116018043422315, 6.91654005920516 ], [ -74.115423014976628, 6.915470077383908 ], [ -74.115690715007119, 6.913877838153004 ], [ -74.116327036846485, 6.912808136809431 ], [ -74.117267459393346, 6.912092870499944 ], [ -74.119188578221326, 6.912091576 ], [ -74.120191170157113, 6.91120939428632 ], [ -74.121648521024625, 6.911268308228584 ], [ -74.12334869692107, 6.910764686215585 ], [ -74.124490504914704, 6.911240077438221 ], [ -74.125838734148047, 6.910965271351014 ], [ -74.127547344580876, 6.911646781657826 ], [ -74.12961966348314, 6.911004993869134 ], [ -74.130818003858579, 6.910267735832901 ], [ -74.134466066692767, 6.909528180903051 ], [ -74.135176205845994, 6.910352570292926 ], [ -74.136482522709713, 6.910368704776169 ], [ -74.138122133364504, 6.908776814883858 ], [ -74.138329223607727, 6.908133125056929 ], [ -74.139117804267755, 6.907320394490826 ], [ -74.140629813969085, 6.907913819624617 ], [ -74.141362483654973, 6.908744689223223 ], [ -74.141982574097526, 6.908029842145811 ], [ -74.141749198980762, 6.906697533838475 ], [ -74.141993477953548, 6.906163195901255 ], [ -74.143390650399951, 6.90587649721323 ], [ -74.144238460148358, 6.906434104016011 ], [ -74.144905792791135, 6.906287713556688 ], [ -74.14647009117904, 6.903092872708044 ], [ -74.146013133124725, 6.901893232159847 ], [ -74.147633604501024, 6.899532845852069 ], [ -74.148744095715671, 6.895725207213451 ], [ -74.14962195736959, 6.894705999343604 ], [ -74.148784670321547, 6.892896853384341 ], [ -74.149428760122603, 6.891636583635553 ], [ -74.150982178624943, 6.891504626931171 ], [ -74.151814662230251, 6.890959586288703 ], [ -74.152979863826303, 6.890672109179768 ], [ -74.153920163863603, 6.88918834028224 ], [ -74.154830135897967, 6.889142873529327 ], [ -74.155866949135671, 6.888527660069414 ], [ -74.159603813786546, 6.888385980810622 ], [ -74.16178184812631, 6.885995574323622 ], [ -74.163324941982737, 6.88638495409517 ], [ -74.16505615272068, 6.885675609224245 ], [ -74.165865114747646, 6.885094677468929 ], [ -74.166000400068384, 6.883288717456643 ], [ -74.168176194293849, 6.881829557159351 ], [ -74.16846442637474, 6.880462846168781 ], [ -74.169206616190323, 6.87929430239108 ], [ -74.168475034045017, 6.87872233959357 ], [ -74.167879165219148, 6.877305665013827 ], [ -74.167927052229643, 6.876523851640743 ], [ -74.167550737140743, 6.875759461478369 ], [ -74.167972257745461, 6.874768228412663 ], [ -74.16725540523953, 6.873234241606244 ], [ -74.167777653094248, 6.872773660110833 ], [ -74.168809238028501, 6.872581277814819 ], [ -74.169983991256544, 6.871442426572958 ], [ -74.170527559578275, 6.870281704318011 ], [ -74.173014718788906, 6.869092268319467 ], [ -74.173149343369943, 6.868073146755445 ], [ -74.172753579859531, 6.866790102189712 ], [ -74.172883923645955, 6.866309907580258 ], [ -74.174358279155769, 6.865164032389862 ], [ -74.175363338697693, 6.864898696623913 ], [ -74.176378293731275, 6.864144263196293 ], [ -74.177413418294208, 6.86463240075765 ], [ -74.178527059135945, 6.864344927139409 ], [ -74.179635505332726, 6.86528840979259 ], [ -74.181472569947374, 6.864781668773869 ], [ -74.182016995195369, 6.865098449796716 ], [ -74.182235590656248, 6.86690532325659 ], [ -74.182741112940974, 6.867587487390612 ], [ -74.184643064767656, 6.867127713200455 ], [ -74.185744400615633, 6.868234958529325 ], [ -74.186965926112535, 6.868570578465704 ], [ -74.187543821909429, 6.868237505741093 ], [ -74.187684957207097, 6.867338479914379 ], [ -74.188486042227652, 6.866869709988339 ], [ -74.188543491357692, 6.866504746228513 ], [ -74.187989434726703, 6.865682677677365 ], [ -74.188571093530911, 6.864895955678848 ], [ -74.191147220212144, 6.8659378210585 ], [ -74.191446678464473, 6.866589135883627 ], [ -74.191867758662283, 6.86676081371819 ], [ -74.1936493367254, 6.866222327805592 ], [ -74.198129735673533, 6.864007964161948 ], [ -74.199495242880815, 6.864243091401034 ], [ -74.20120716089238, 6.86527092493874 ], [ -74.201751351506559, 6.86525988820687 ], [ -74.204311535843971, 6.862736105869064 ], [ -74.205944013576598, 6.861643207909822 ], [ -74.20784906055934, 6.860928247064109 ], [ -74.209817228113167, 6.859237498580161 ], [ -74.211000927044992, 6.85908236537902 ], [ -74.21342819009277, 6.859572431976503 ], [ -74.214572225625702, 6.859199868278174 ], [ -74.216234247609862, 6.856623011383577 ], [ -74.217290570911643, 6.854209765475051 ], [ -74.218910860895889, 6.854050877882321 ], [ -74.220505026244652, 6.852604186733365 ], [ -74.220013931089625, 6.850815868428746 ], [ -74.221999994787438, 6.847393866708637 ], [ -74.222982701864524, 6.84678668231578 ], [ -74.2246391488586, 6.846908259447932 ], [ -74.225341443054432, 6.845685921870238 ], [ -74.226313560873109, 6.845061671082827 ], [ -74.22771453989732, 6.84290550632965 ], [ -74.227748217759171, 6.842080198215699 ], [ -74.228304908859471, 6.841398518329954 ], [ -74.228044007692702, 6.840934657416109 ] ] ] } },
{ "type": "Feature", "properties": { "CIRCUITO": "Amalfi - Portachuelos - Santa Isabel", "LONG_INTER": 10.0, "ORDEN": 3, "NOMBRE_VIA": "Playas - Chorritos - Amalfi", "CODIGO_VIA": "62AN21-4", "MPIO_NOMBR": "AMALFI", "SUBREGION_": "NORDESTE", "Long_km": 10.0, "AV_FISICO": 0.03, "AV_FINAN": 0.03, "CONTRATIST": "CONSORCIO CONSTRUCCIONES 11 SAN ROQUE", "INTERV": "RENTAN - ARREDONDO MADRID INGENIEROS (AIM)", "VALOR_CTO": 57385592096.0, "LOTE": 6, "PLAZO_MESE": 13, "FECHA_INI": "10/02/2026", "CTO": "4600018883", "Shape_Leng": 9670.491015 }, "geometry": { "type": "MultiLineString", "coordinates": [ [ [ -74.990094550515678, 6.844231643215929 ], [ -74.988208857869054, 6.844959585255856 ], [ -74.987419888793738, 6.844670419175577 ], [ -74.986541294049474, 6.845118693202524 ], [ -74.985319970914418, 6.847464196139047 ], [ -74.984307965785788, 6.848305590291108 ], [ -74.983799200300808, 6.848291206640772 ], [ -74.983105525341912, 6.848758240244865 ], [ -74.983242380450207, 6.849647808881939 ], [ -74.982267901769333, 6.850058283926817 ], [ -74.981554072123231, 6.851411437453054 ], [ -74.980039126309023, 6.852075195699959 ], [ -74.979536022043547, 6.852736083509748 ], [ -74.978164490176596, 6.85276941526512 ], [ -74.978062757042807, 6.853835305104062 ], [ -74.976808023257277, 6.854223747015656 ], [ -74.97638014088183, 6.855188550813522 ], [ -74.978006361295087, 6.857386193101648 ], [ -74.977870247609687, 6.857936674371293 ], [ -74.975399213219461, 6.857623421636687 ], [ -74.974798660659644, 6.857808747710274 ], [ -74.973890847883908, 6.858300143999509 ], [ -74.973115870617107, 6.859598501745261 ], [ -74.972280262366169, 6.859957312736445 ], [ -74.97222929210379, 6.858666421017673 ], [ -74.970898842616947, 6.858023505813218 ], [ -74.971366609792469, 6.857587471625543 ], [ -74.971468707336314, 6.856973182153295 ], [ -74.97122035253156, 6.856571903196343 ], [ -74.971603867712403, 6.855806824838139 ], [ -74.970979026435742, 6.855228013909055 ], [ -74.96972831160349, 6.855030589086861 ], [ -74.969270009810472, 6.855484953396992 ], [ -74.968537021031608, 6.855382618930944 ], [ -74.967720537536181, 6.85685716432195 ], [ -74.966233141471406, 6.856273690365342 ], [ -74.965544026316465, 6.857088397329478 ], [ -74.964788297163238, 6.856747014742663 ], [ -74.964657985967605, 6.857311368256246 ], [ -74.963709836974672, 6.857741115685128 ], [ -74.962776278831072, 6.85779746228096 ], [ -74.962321203070942, 6.857426130525804 ], [ -74.961303051560137, 6.857757014214431 ], [ -74.960703469642638, 6.858401392464489 ], [ -74.960999121871026, 6.858952273010892 ], [ -74.960899283777579, 6.859488435130215 ], [ -74.960196584009481, 6.860004886015703 ], [ -74.961121182741394, 6.860969043675198 ], [ -74.95975106065336, 6.861056519934622 ], [ -74.959104285376384, 6.862204897966041 ], [ -74.958140674332569, 6.862364077645253 ], [ -74.958175376486722, 6.864007930899354 ], [ -74.957821040379912, 6.865080189724832 ], [ -74.958038652018033, 6.865634639967729 ], [ -74.957691700061929, 6.866088411479748 ], [ -74.958936023537532, 6.866764389787068 ], [ -74.958037199782126, 6.867211517802731 ], [ -74.957148373290636, 6.868388869032948 ], [ -74.956724588410779, 6.8696913032347 ], [ -74.957144197253413, 6.870251829516556 ], [ -74.957333226046984, 6.871486594552583 ], [ -74.95591924071411, 6.873615616252006 ], [ -74.955324722379814, 6.87525976466459 ], [ -74.954790066313109, 6.875218973363038 ], [ -74.953575562503431, 6.875769329167757 ], [ -74.95221439535473, 6.875496923969162 ], [ -74.951308502613585, 6.87624205833577 ], [ -74.950882299675072, 6.877059171806907 ], [ -74.949288981302956, 6.878087674452714 ], [ -74.948007536528777, 6.877307683715324 ], [ -74.947158447830773, 6.877501075800118 ], [ -74.946918039488551, 6.877735747358026 ], [ -74.946909230516695, 6.878776958989952 ], [ -74.946288214229014, 6.87899294585868 ], [ -74.945806650695673, 6.879595387727612 ], [ -74.944505102602278, 6.880291013229931 ], [ -74.94372896932866, 6.88020472642764 ], [ -74.943288160428068, 6.880753902051334 ], [ -74.942723082132204, 6.88049285060882 ] ] ] } },
{ "type": "Feature", "properties": { "CIRCUITO": "Remedios - La Y De La Virgen - Puerto Berrío", "LONG_INTER": 25.0, "ORDEN": 2, "NOMBRE_VIA": "Las Flores (Puerto Berrío) - La Ye", "CODIGO_VIA": "62AN29", "MPIO_NOMBR": "PUERTO BERRIO", "SUBREGION_": "MAGDALENA MEDIO", "Long_km": 25.0, "AV_FISICO": 0.03, "AV_FINAN": 0.03, "CONTRATIST": "CONSORCIO MAGDALENA 787", "INTERV": "RENTAN - CONSORCIO INTERVIAL ANTIOQUIA", "VALOR_CTO": 54441800920.0, "LOTE": 4, "PLAZO_MESE": 16, "FECHA_INI": "10/02/2026", "CTO": "25OO111B2823", "Shape_Leng": 24865.462694599999 }, "geometry": { "type": "MultiLineString", "coordinates": [ [ [ -74.436878031411624, 6.63324512765937 ], [ -74.437125878973774, 6.636057194445684 ], [ -74.436712419813972, 6.637711620652706 ], [ -74.435230521263179, 6.640154486214497 ], [ -74.434518677865725, 6.642149461485978 ], [ -74.433231280996281, 6.643356651480326 ], [ -74.433211099918182, 6.644828167834142 ], [ -74.431962363451674, 6.647456125214468 ], [ -74.43232157756411, 6.649637058729954 ], [ -74.43179119113357, 6.651254660849617 ], [ -74.432965252234325, 6.652482843467479 ], [ -74.433202431768919, 6.654158724788056 ], [ -74.432340123137621, 6.657285281765505 ], [ -74.431654568426552, 6.658608052266018 ], [ -74.429711510921038, 6.669628997080208 ], [ -74.428808783061115, 6.670524539316109 ], [ -74.427442767826165, 6.672946741642663 ], [ -74.427225617390505, 6.674037404703355 ], [ -74.426743092543731, 6.674540241980499 ], [ -74.426418020587292, 6.675617571440663 ], [ -74.424256642797928, 6.679272440798706 ], [ -74.424058451718139, 6.680966619714554 ], [ -74.42292468600327, 6.682860304941725 ], [ -74.422092196525, 6.687800842559886 ], [ -74.421162753068302, 6.689255423519486 ], [ -74.419785865252024, 6.692469132075543 ], [ -74.417764932998921, 6.695444131776085 ], [ -74.417403579346541, 6.697040584485847 ], [ -74.415279086281259, 6.701393881103686 ], [ -74.415300058437595, 6.704476586027466 ], [ -74.413723959901759, 6.709704154818421 ] ], [ [ -74.474662296877241, 6.495012359627295 ], [ -74.472750815826231, 6.501828342268465 ], [ -74.473586883384826, 6.503681370821933 ], [ -74.471272313526399, 6.506818461478246 ], [ -74.470613337053692, 6.509724042781943 ], [ -74.468183459977709, 6.511450976140886 ], [ -74.467565814809163, 6.516576531284247 ], [ -74.466424049502393, 6.517985489679142 ], [ -74.465646196462799, 6.523228200946573 ], [ -74.466232118598228, 6.527200945915717 ], [ -74.465721846505161, 6.527623043107111 ], [ -74.463717072986398, 6.527620114834193 ], [ -74.463192839586938, 6.527957189944141 ], [ -74.461136873219488, 6.533827168878529 ], [ -74.461597408320571, 6.535490976153258 ], [ -74.460716423178766, 6.536212226510727 ], [ -74.460600501638055, 6.536794490053556 ], [ -74.459183541946203, 6.538648226142745 ], [ -74.456569568947387, 6.543115725325337 ], [ -74.457467835663763, 6.54633758725957 ], [ -74.45821672766715, 6.547303401063292 ], [ -74.458502927667723, 6.548499612080494 ], [ -74.459476824578616, 6.549955310269939 ], [ -74.459083185020859, 6.554787495649773 ], [ -74.459504119049654, 6.557521918379503 ], [ -74.458358600622844, 6.560054479939708 ], [ -74.457564779848241, 6.561135620652543 ], [ -74.456262975371359, 6.564403257696494 ], [ -74.455565747089409, 6.567051004004191 ], [ -74.454223486667217, 6.568843513898284 ], [ -74.452733947705269, 6.572471107032666 ], [ -74.452067898369492, 6.575770944989974 ], [ -74.452260454688997, 6.582997376610443 ], [ -74.451920498253074, 6.584376709643446 ], [ -74.452212367218209, 6.589492035929565 ], [ -74.449210828851591, 6.59445615392094 ], [ -74.445204610034764, 6.598761844317568 ], [ -74.44364194698521, 6.601149478010257 ], [ -74.443331987429843, 6.602733654039564 ], [ -74.440569601058641, 6.60939690730844 ], [ -74.438139739837808, 6.617274467282794 ], [ -74.436729572992618, 6.620617502936431 ], [ -74.436412017685029, 6.622743136271073 ] ] ] } },
{ "type": "Feature", "properties": { "CIRCUITO": "Alto del Cardal - Toledo", "LONG_INTER": 15.0, "ORDEN": 3, "NOMBRE_VIA": "La Apartada (San José de La Montaña) - Partidas (San Jose de la Montaña) - Toledo - Matanzas", "CODIGO_VIA": "62AN18-3-1", "MPIO_NOMBR": "SAN ANDRÉS DE CUERQUIA", "SUBREGION_": "NORTE", "Long_km": 10.83, "AV_FISICO": 0.03, "AV_FINAN": 0.03, "CONTRATIST": "CONSORCIO VIAS ANTIOQUIA NORTE", "INTERV": "RENTAN - CONSORCIO INTERVIALES 2025", "VALOR_CTO": 124487403196.0, "LOTE": 8, "PLAZO_MESE": 18, "FECHA_INI": "11/02/2026", "CTO": "25OO111B2826", "Shape_Leng": 10582.284388100001 }, "geometry": { "type": "MultiLineString", "coordinates": [ [ [ -75.719348814824798, 6.867830374834146 ], [ -75.719643203785878, 6.869587743984456 ], [ -75.719197218595852, 6.871293740244089 ], [ -75.718530015020676, 6.871625410722081 ], [ -75.718287308248264, 6.872465711458693 ], [ -75.717749148049464, 6.872909438526924 ], [ -75.717607517807579, 6.873823594221941 ], [ -75.716782480443229, 6.875417095295257 ], [ -75.7162243646235, 6.875911843423202 ], [ -75.715671776932268, 6.877476564814951 ], [ -75.711636972552867, 6.883167408834009 ], [ -75.709448051282536, 6.884369080092831 ], [ -75.708204156520225, 6.885436740616471 ], [ -75.707967707314552, 6.886928411029202 ], [ -75.707074846787094, 6.887882103058527 ], [ -75.706694727192954, 6.890471191615739 ], [ -75.707436966349817, 6.89159215327886 ], [ -75.708118603776484, 6.891870671649367 ], [ -75.70857775274348, 6.892962730666327 ], [ -75.707293522319645, 6.894069011908819 ], [ -75.707530597880066, 6.894645187799221 ], [ -75.706902760629873, 6.895657009376123 ], [ -75.706987137761558, 6.896231299586731 ], [ -75.706463357528904, 6.897209072929167 ], [ -75.705216280545713, 6.897797007344762 ], [ -75.704897117966453, 6.898506970576299 ], [ -75.703315680690125, 6.90010836188454 ], [ -75.703522875706398, 6.900538534715681 ], [ -75.704051962860859, 6.900632405211413 ], [ -75.704575456688744, 6.89964002326304 ], [ -75.705360434835114, 6.899093714235489 ], [ -75.704925004089205, 6.900452595924642 ], [ -75.705270437155718, 6.901262389074587 ], [ -75.705291982512421, 6.902729220464919 ], [ -75.704859956855543, 6.903412352736241 ], [ -75.705377661215891, 6.905352246974569 ], [ -75.704910474258554, 6.906799961297563 ], [ -75.705371853641353, 6.907436769169345 ], [ -75.706086377313312, 6.907362995617628 ], [ -75.706431684075781, 6.907867244962111 ], [ -75.707177164927714, 6.908216970183274 ], [ -75.706785046631126, 6.908618938929822 ], [ -75.706074349827389, 6.908625751295348 ], [ -75.705669921297385, 6.909064289130201 ], [ -75.705519980779599, 6.910370580808282 ], [ -75.704994322642406, 6.911056014925801 ], [ -75.705007031494773, 6.912373250260065 ], [ -75.704348906739042, 6.913241055816504 ], [ -75.704120663906934, 6.914153274551631 ], [ -75.703641908961231, 6.91453838083412 ], [ -75.703363767165484, 6.914367762167761 ], [ -75.703763243251032, 6.913432014552778 ], [ -75.703319852417735, 6.911600894094147 ], [ -75.703142254328881, 6.911840575291349 ], [ -75.703391778062468, 6.912414438923572 ], [ -75.702497782405658, 6.914009195370808 ], [ -75.703331453541509, 6.916427964167827 ], [ -75.702304480270499, 6.920216032508675 ], [ -75.702907286139961, 6.923491147362723 ], [ -75.702429233507203, 6.924625879637509 ], [ -75.702757202487604, 6.928064347223255 ], [ -75.704710268315424, 6.930040398601992 ], [ -75.704541100554664, 6.930436064356864 ], [ -75.703626112574057, 6.930680027453839 ], [ -75.704452726627096, 6.931365432815555 ], [ -75.704195353146034, 6.93289815402448 ], [ -75.704486113037717, 6.934560723511789 ], [ -75.703604616037794, 6.935840689859239 ], [ -75.703570480979252, 6.938445644845864 ] ] ] } },
{ "type": "Feature", "properties": { "CIRCUITO": "Alto del Cardal - Toledo", "LONG_INTER": 15.0, "ORDEN": 3, "NOMBRE_VIA": "La Apartada (San José de La Montaña) - Partidas (San Jose de la Montaña) - Toledo - Matanzas", "CODIGO_VIA": "62AN18-3-1", "MPIO_NOMBR": "SAN JOSÉ DE LA MONTAÑA", "SUBREGION_": "NORTE", "Long_km": 4.17, "AV_FISICO": 0.03, "AV_FINAN": 0.03, "CONTRATIST": "CONSORCIO VIAS ANTIOQUIA NORTE", "INTERV": "RENTAN - CONSORCIO INTERVIALES 2025", "VALOR_CTO": 124487403196.0, "LOTE": 8, "PLAZO_MESE": 18, "FECHA_INI": "11/02/2026", "CTO": "25OO111B2826", "Shape_Leng": 4024.7153096000002 }, "geometry": { "type": "MultiLineString", "coordinates": [ [ [ -75.706699081790219, 6.845359204884599 ], [ -75.707039418446527, 6.845005463206961 ], [ -75.707627371924431, 6.845058703035375 ], [ -75.708050614746284, 6.846308078476193 ], [ -75.708631379136548, 6.846616421088857 ], [ -75.708780496679665, 6.847481727384336 ], [ -75.708504386163384, 6.848013159028118 ], [ -75.708979028335932, 6.848765481439025 ], [ -75.709967855217357, 6.849461269594454 ], [ -75.710196484026142, 6.850934011802857 ], [ -75.710594770887127, 6.851367491815219 ], [ -75.711088394673482, 6.853256828860412 ], [ -75.711794614548182, 6.853264532602256 ], [ -75.712615822543356, 6.853949530619587 ], [ -75.712738470436378, 6.855208513368165 ], [ -75.713308383510309, 6.855653697891698 ], [ -75.71386970062656, 6.856965014343108 ], [ -75.715146840589327, 6.858471760015264 ], [ -75.715017211815663, 6.86002401668629 ], [ -75.715277210724253, 6.860476041205263 ], [ -75.715569837800317, 6.860529841677863 ], [ -75.716371196576404, 6.859538755867226 ], [ -75.716819441139563, 6.858423498820017 ], [ -75.717400918079164, 6.858275022650545 ], [ -75.717768046225089, 6.858549092824643 ], [ -75.718027885177648, 6.860648017765858 ], [ -75.717291029056867, 6.861937371180816 ], [ -75.717371257848725, 6.863122522503148 ], [ -75.718383060293021, 6.862901086524691 ], [ -75.718568666659664, 6.863185896790886 ], [ -75.7183996500832, 6.863697038228038 ], [ -75.717767649920248, 6.863829674052207 ], [ -75.717096375661129, 6.86458181113646 ], [ -75.717905791451599, 6.86480274432908 ], [ -75.71877523324676, 6.865731143773652 ], [ -75.719348814824798, 6.867830374834146 ] ] ] } },
{ "type": "Feature", "properties": { "CIRCUITO": "Santa Rosa - Carolina del Príncipe", "LONG_INTER": 33.67, "ORDEN": 2, "NOMBRE_VIA": "El Roble (Ruta 25) - La Ye (Partidas Angostura) - La Herradura", "CODIGO_VIA": "25AN09", "MPIO_NOMBR": "CAROLINA", "SUBREGION_": "NORTE", "Long_km": 16.94, "AV_FISICO": 0.03, "AV_FINAN": 0.03, "CONTRATIST": "CONSORCIO VIAS ANTIOQUIA NORTE", "INTERV": "RENTAN - CONSORCIO INTERVIALES 2025", "VALOR_CTO": 124487403196.0, "LOTE": 8, "PLAZO_MESE": 18, "FECHA_INI": "11/02/2026", "CTO": "25OO111B2826", "Shape_Leng": 16348.0578852 }, "geometry": { "type": "MultiLineString", "coordinates": [ [ [ -75.337301273510391, 6.785879998579938 ], [ -75.336826645754726, 6.786169729385054 ], [ -75.33540441392212, 6.784827813921309 ], [ -75.332514140648229, 6.785214308503215 ], [ -75.331420415615455, 6.783870141952754 ], [ -75.331935505292819, 6.78313680320498 ], [ -75.331864122626186, 6.782434221366749 ], [ -75.329711392034895, 6.780448501697563 ], [ -75.328925814055268, 6.780351258612184 ], [ -75.328732212267738, 6.779548330076224 ], [ -75.327675722038933, 6.779495024490533 ], [ -75.327006879543944, 6.780311053674357 ], [ -75.326432462744151, 6.780401641534429 ], [ -75.326282148970435, 6.781031564991701 ], [ -75.32531080135324, 6.780623552625037 ], [ -75.324274156412287, 6.782272482866104 ], [ -75.323820894939217, 6.780544301593999 ], [ -75.32423737879887, 6.779557012955099 ], [ -75.323879924582272, 6.779240627683789 ], [ -75.323250305471234, 6.779791767822894 ], [ -75.322397950034443, 6.779569221438734 ], [ -75.322408533201454, 6.780368772620625 ], [ -75.321107729417363, 6.781498283456875 ], [ -75.319744547540424, 6.780559183465129 ], [ -75.318676888431881, 6.780573618308924 ], [ -75.318445330423572, 6.780985766108561 ], [ -75.318588214716527, 6.782822933763184 ], [ -75.319363768666221, 6.783243518058972 ], [ -75.319750753303197, 6.783910663397061 ], [ -75.318830241653586, 6.784288545700643 ], [ -75.318541991943221, 6.785832319277041 ], [ -75.316874221554713, 6.786347639607293 ], [ -75.316609489670341, 6.785237597815115 ], [ -75.315639868138675, 6.78542275230992 ], [ -75.315313402175576, 6.784934396157383 ], [ -75.314647780979143, 6.784775932359939 ], [ -75.313953546329728, 6.785439161577199 ], [ -75.314278212074029, 6.78641951726589 ], [ -75.313115064856774, 6.78928785848991 ], [ -75.313303731654017, 6.790906068880161 ], [ -75.312023152380078, 6.791829352829765 ], [ -75.311743332743944, 6.794566662791842 ], [ -75.311290234861829, 6.795519591010889 ], [ -75.311518912173284, 6.797433643268145 ], [ -75.311313583371643, 6.799236951146446 ], [ -75.312010070456935, 6.800654553042487 ], [ -75.311782867101186, 6.801453212609727 ], [ -75.311032546197794, 6.802230090693036 ], [ -75.310252641121721, 6.802414885416277 ], [ -75.307199128982774, 6.802292892244409 ], [ -75.306141685398572, 6.80178439335835 ], [ -75.304806497210762, 6.802355259514169 ], [ -75.302718710122903, 6.802259136217307 ], [ -75.301907112138025, 6.803412583177934 ], [ -75.302235234456077, 6.804109399339165 ], [ -75.302104268443557, 6.805614521582825 ], [ -75.301462023080816, 6.806089167317325 ], [ -75.300765221347206, 6.806155618021934 ], [ -75.300153594326858, 6.806902088646653 ], [ -75.299811987676549, 6.806730426059074 ] ], [ [ -75.381322670277839, 6.764975674594119 ], [ -75.380678553728941, 6.765352966957649 ], [ -75.379972262426463, 6.765032614317412 ], [ -75.379616199440179, 6.76522011186159 ], [ -75.379272614186362, 6.766312881745915 ], [ -75.377964458390053, 6.768507489360222 ], [ -75.377206759701011, 6.76860594570541 ], [ -75.376818321419307, 6.768036151222152 ], [ -75.376461803701659, 6.767989952042549 ], [ -75.374774820416675, 6.768761540575089 ], [ -75.374045170251463, 6.769792969272442 ], [ -75.373382214197065, 6.769832121619434 ], [ -75.372963472544896, 6.771177828312558 ], [ -75.372221445925405, 6.772061507963283 ], [ -75.371544700531487, 6.772241307831362 ], [ -75.371333304405979, 6.772582974587857 ], [ -75.371547493577353, 6.773093227474405 ], [ -75.372104824809725, 6.773379484385528 ], [ -75.371980992590423, 6.773878148408064 ], [ -75.37052017621599, 6.774982017247784 ], [ -75.36969848113381, 6.775196008767493 ], [ -75.36952966649244, 6.775680683333451 ], [ -75.368989827044501, 6.775581916688744 ], [ -75.368537590718816, 6.77589241250897 ], [ -75.368743775648838, 6.778157022388715 ], [ -75.367745665549833, 6.778518956110671 ], [ -75.367356909355692, 6.777137067244461 ], [ -75.366658365746162, 6.77661001943604 ], [ -75.365158839022072, 6.777550962170112 ], [ -75.364091237992596, 6.777464166476284 ], [ -75.363844576359327, 6.779192640712499 ], [ -75.362601358964639, 6.778707791967215 ], [ -75.359588172517007, 6.779883477936484 ], [ -75.358959503434193, 6.779720198249795 ], [ -75.356611278397622, 6.780366439981762 ], [ -75.35584916921519, 6.780296018247435 ], [ -75.355288487047346, 6.781043590861721 ], [ -75.355480687258023, 6.782806118963554 ], [ -75.355222838349192, 6.784372961353208 ], [ -75.353152134482983, 6.784738147872216 ], [ -75.35247727207873, 6.785395464857274 ], [ -75.352468216458007, 6.785960994306143 ], [ -75.351999626775267, 6.785881539034668 ], [ -75.351293101799868, 6.785192360910443 ], [ -75.350617639308041, 6.78558471065493 ], [ -75.35033003429362, 6.7844869863484 ], [ -75.34848984533923, 6.781899240715314 ], [ -75.347639664528259, 6.782413059966196 ], [ -75.347677914159291, 6.783744336971548 ], [ -75.346582945837923, 6.783480376457881 ], [ -75.346035835686806, 6.783782068544207 ], [ -75.346243555555589, 6.784560456624865 ], [ -75.34531457299191, 6.784122960925604 ], [ -75.344770137687959, 6.783394566539429 ], [ -75.343874671176707, 6.783238482020065 ], [ -75.343623918392453, 6.78405398179758 ], [ -75.342609289901603, 6.784202173405507 ], [ -75.342358227557696, 6.785340114033919 ], [ -75.341775640996119, 6.784567767401795 ], [ -75.341323245006137, 6.78446688330282 ], [ -75.340909923305944, 6.785183079180452 ], [ -75.340291497908851, 6.784756502179399 ], [ -75.339652738793504, 6.784946284639222 ], [ -75.33949702767984, 6.785892131346728 ], [ -75.338421333135116, 6.78549386587457 ], [ -75.337301273510391, 6.785879998579938 ] ], [ [ -75.337301273510391, 6.785879998579938 ], [ -75.337310826802934, 6.785874838882578 ], [ -75.337308563567305, 6.785872583785144 ], [ -75.337301273510391, 6.785879998579938 ] ] ] } },
{ "type": "Feature", "properties": { "CIRCUITO": "Santa Rosa - Carolina del Príncipe", "LONG_INTER": 33.67, "ORDEN": 2, "NOMBRE_VIA": "El Roble (Ruta 25) - La Ye (Partidas Angostura) - La Herradura", "CODIGO_VIA": "25AN09", "MPIO_NOMBR": "SANTA ROSA DE OSOS", "SUBREGION_": "NORTE", "Long_km": 16.73, "AV_FISICO": 0.03, "AV_FINAN": 0.03, "CONTRATIST": "CONSORCIO VIAS ANTIOQUIA NORTE", "INTERV": "RENTAN - CONSORCIO INTERVIALES 2025", "VALOR_CTO": 124487403196.0, "LOTE": 8, "PLAZO_MESE": 18, "FECHA_INI": "11/02/2026", "CTO": "25OO111B2826", "Shape_Leng": 16344.808899 }, "geometry": { "type": "MultiLineString", "coordinates": [ [ [ -75.40764956628604, 6.751520544907283 ], [ -75.408216175306919, 6.751907032677301 ], [ -75.408748557317537, 6.75287687893987 ], [ -75.408382071828896, 6.753531625685226 ], [ -75.407891165185035, 6.752923435193377 ], [ -75.407502008724975, 6.753099916045686 ], [ -75.407554350536856, 6.753678451464133 ], [ -75.408025985535858, 6.754121016898677 ], [ -75.407965742336884, 6.755273091969087 ], [ -75.406715235772651, 6.75685313470015 ], [ -75.405931018502955, 6.757017572232029 ], [ -75.405567489689133, 6.757473615835508 ], [ -75.405017762325087, 6.757491362310224 ], [ -75.404326855660457, 6.758051309068093 ], [ -75.404225578984708, 6.758482196711908 ], [ -75.404722557068979, 6.759731316236994 ], [ -75.404314747734162, 6.760312651613598 ], [ -75.403679725762672, 6.760299021075679 ], [ -75.403320128039383, 6.760629885250666 ], [ -75.402639786640265, 6.760458134063088 ], [ -75.401730217742895, 6.760919187634298 ], [ -75.400772619669681, 6.760343351673924 ], [ -75.399439709740392, 6.761035581265409 ], [ -75.399024124904869, 6.762638539868952 ], [ -75.39707591998426, 6.763496376338273 ], [ -75.396182297201847, 6.763230065029806 ], [ -75.395757624501314, 6.763783684674481 ], [ -75.395094445169732, 6.76350346073697 ], [ -75.394864282050222, 6.764064205542184 ], [ -75.393754236302357, 6.76451462781959 ], [ -75.392980871110836, 6.763903124372868 ], [ -75.39231706308054, 6.764283043585648 ], [ -75.39009862609835, 6.763211568836158 ], [ -75.389265631077507, 6.763620432239598 ], [ -75.388651643175621, 6.763489285042962 ], [ -75.387998548495702, 6.764175548738807 ], [ -75.38522531006835, 6.763897796228379 ], [ -75.384914794313175, 6.764466762236524 ], [ -75.384195946549568, 6.76437944924001 ], [ -75.383151680239507, 6.763418925797628 ], [ -75.381322670277839, 6.764975674594119 ] ], [ [ -75.40764956628604, 6.751520544907283 ], [ -75.407649992989462, 6.751520828504583 ], [ -75.407648091636716, 6.751520977430003 ], [ -75.40764956628604, 6.751520544907283 ] ], [ [ -75.465302939870128, 6.694954730273777 ], [ -75.463895843732672, 6.696755257795023 ], [ -75.462363550394301, 6.697292103484028 ], [ -75.460865841115549, 6.697010901382916 ], [ -75.460452885714361, 6.697454533516544 ], [ -75.460723301300419, 6.698277844887595 ], [ -75.460157770994741, 6.698129441873435 ], [ -75.459402859471041, 6.698718748109425 ], [ -75.45861727273028, 6.698735788430924 ], [ -75.458856831333193, 6.697860728234826 ], [ -75.458253988189853, 6.696963898760671 ], [ -75.457104067151377, 6.696701176255583 ], [ -75.456648942602058, 6.697102863417824 ], [ -75.456562067631111, 6.697911812622542 ], [ -75.455403941445766, 6.6975404570903 ], [ -75.452624319289498, 6.698890446609087 ], [ -75.450751640413145, 6.698396440157953 ], [ -75.449055963569251, 6.698510054444522 ], [ -75.448310300466005, 6.699383824189216 ], [ -75.4467195160735, 6.699710549483034 ], [ -75.445187332495067, 6.699395676384474 ], [ -75.4447911374169, 6.69822063839638 ], [ -75.444468377192251, 6.698103924329947 ], [ -75.443319278211348, 6.699940333298586 ], [ -75.442873456895214, 6.699993527323683 ], [ -75.44060523926376, 6.699094068258753 ], [ -75.439850049394465, 6.699630659897442 ], [ -75.438447028338729, 6.700056441047386 ], [ -75.437260265856182, 6.700986808387488 ], [ -75.436912221751896, 6.701538559087556 ], [ -75.436930136806808, 6.702627133767458 ], [ -75.435615928782155, 6.704988648450042 ], [ -75.435477105068529, 6.706346200529992 ], [ -75.433823741808609, 6.707119387688173 ], [ -75.43193466537204, 6.708564864676867 ], [ -75.431204281483787, 6.712562575377595 ], [ -75.42932632986809, 6.716592641029067 ], [ -75.428220411821115, 6.718108208537863 ], [ -75.427307138901199, 6.721044703394579 ], [ -75.428240737109789, 6.722810021676 ], [ -75.429041717336077, 6.72348718557248 ], [ -75.429018673810319, 6.724300865195119 ], [ -75.429769623630534, 6.725351443449495 ], [ -75.429191780517826, 6.728977427745782 ], [ -75.430163784102163, 6.731088234270436 ], [ -75.42998682241975, 6.731647021317271 ], [ -75.428321676038323, 6.733054838347587 ], [ -75.428017094705297, 6.735913980154344 ], [ -75.42758018543087, 6.736266973446813 ], [ -75.425130747232942, 6.736686558951034 ], [ -75.422758752935323, 6.739666834556679 ], [ -75.420915453334587, 6.73952091881902 ], [ -75.419897919692403, 6.740559408225097 ], [ -75.418695892551014, 6.740610571530723 ], [ -75.417942368153817, 6.742484107941822 ], [ -75.416798684420399, 6.742749037669115 ], [ -75.416196997974083, 6.743384199919655 ], [ -75.41491636286689, 6.743683739707643 ], [ -75.413837507485127, 6.745854787568295 ], [ -75.412074849510105, 6.74599124488613 ], [ -75.410071181609354, 6.74675990753333 ], [ -75.407875793427237, 6.748472706056342 ], [ -75.408076554437685, 6.749215753365896 ], [ -75.407886650179464, 6.750337628795888 ], [ -75.407287169709775, 6.751140032503448 ], [ -75.40764956628604, 6.751520544907283 ] ] ] } },
{ "type": "Feature", "properties": { "CIRCUITO": "Mutata - Pavarando", "LONG_INTER": 10.0, "ORDEN": 3, "NOMBRE_VIA": "Mutatá - Pavarando Grande", "CODIGO_VIA": "62AN06", "MPIO_NOMBR": "MUTATÁ", "SUBREGION_": "URABA", "Long_km": 10.0, "AV_FISICO": 0.03, "AV_FINAN": 0.03, "CONTRATIST": "CONSORCIO URABÁ 25", "INTERV": "RENTAN - GRUPO INTECON S.A.S", "VALOR_CTO": 144973755369.0, "LOTE": 3, "PLAZO_MESE": 18, "FECHA_INI": "04/02/2026", "CTO": "25OO111B2822", "Shape_Leng": 9917.1664447000003 }, "geometry": { "type": "MultiLineString", "coordinates": [ [ [ -76.432584929210449, 7.235025227897493 ], [ -76.432811659753412, 7.235019008251458 ], [ -76.433635464038616, 7.236431043497862 ], [ -76.434251682109547, 7.236606100346779 ], [ -76.43530458005327, 7.234608902865227 ], [ -76.437780498421318, 7.23120674030093 ], [ -76.437642931489677, 7.2296481956486 ], [ -76.440703284982362, 7.229649791305382 ], [ -76.442268730248472, 7.228712251149183 ], [ -76.443895516538063, 7.2288840051871 ], [ -76.444772820768264, 7.228538848076588 ], [ -76.44572370745918, 7.229285992658095 ], [ -76.446215754012655, 7.229166436307256 ], [ -76.454366577053918, 7.219774814417087 ], [ -76.454383482952863, 7.219295236208286 ], [ -76.452723649691038, 7.216180508779814 ], [ -76.454251154498763, 7.21509867265402 ], [ -76.454810228336925, 7.215090724945895 ], [ -76.455349479541837, 7.215562438347614 ], [ -76.45480038379236, 7.216551288282848 ], [ -76.4549069068227, 7.216790785657926 ], [ -76.455919506498986, 7.217094246540798 ], [ -76.456422815344908, 7.21766852020009 ], [ -76.460646632857475, 7.21863456757686 ], [ -76.461242742181426, 7.219432090470574 ], [ -76.463376731908895, 7.220210193723571 ], [ -76.464666514100003, 7.224931687033374 ], [ -76.464551555055138, 7.227264468415756 ], [ -76.466433955249954, 7.230600782733774 ], [ -76.473917698127323, 7.237377377093218 ], [ -76.491399162983285, 7.243094689726029 ] ] ] } },
{ "type": "Feature", "properties": { "CIRCUITO": "San Pedro de Urabá - Arboletes", "LONG_INTER": 30.0, "ORDEN": 3, "NOMBRE_VIA": "San Pedro de Urabá - El Tambito", "CODIGO_VIA": "62AN02-2", "MPIO_NOMBR": "ARBOLETES", "SUBREGION_": "URABA", "Long_km": 25.2, "AV_FISICO": 0.03, "AV_FINAN": 0.03, "CONTRATIST": "CONSORCIO URABÁ 25", "INTERV": "RENTAN - GRUPO INTECON S.A.S", "VALOR_CTO": 144973755369.0, "LOTE": 3, "PLAZO_MESE": 18, "FECHA_INI": "04/02/2026", "CTO": "25OO111B2822", "Shape_Leng": 24676.901221600001 }, "geometry": { "type": "MultiLineString", "coordinates": [ [ [ -76.427080383962348, 8.847057987094626 ], [ -76.432189339058013, 8.835385004530021 ], [ -76.432483891088481, 8.833445182931689 ], [ -76.431707686799555, 8.830343779335662 ], [ -76.432216631224492, 8.829448825136746 ], [ -76.432218166284557, 8.827777470851114 ], [ -76.431974769919606, 8.827280483203463 ], [ -76.430692286861657, 8.826270477300371 ], [ -76.430457500326767, 8.825631292680145 ], [ -76.430833793135506, 8.824953607918905 ], [ -76.429910853156116, 8.823716588544087 ], [ -76.429881238523421, 8.822656381946793 ], [ -76.429023378006121, 8.8220056951935 ], [ -76.428076642622344, 8.821887784921836 ], [ -76.42532606904355, 8.820513929283667 ], [ -76.42495513444905, 8.81694477253831 ], [ -76.424198659458469, 8.81439355552024 ], [ -76.420884559039024, 8.81234206428646 ], [ -76.419914784540978, 8.80970037508999 ], [ -76.419723397374241, 8.808264831202651 ], [ -76.41915614029422, 8.807307380545065 ], [ -76.419316152737579, 8.806185624067163 ], [ -76.419123238188263, 8.805676935516539 ], [ -76.418150971319491, 8.805652577965093 ], [ -76.416520228495429, 8.805012510577958 ], [ -76.416516256518022, 8.804589959506666 ], [ -76.417229918484367, 8.80365488008859 ], [ -76.41727763584035, 8.802479857750866 ], [ -76.416611195589297, 8.801552489595988 ], [ -76.415867348095588, 8.798513560340682 ], [ -76.415334380683163, 8.797856056715357 ], [ -76.415471615431869, 8.796254674605789 ], [ -76.416068335368465, 8.79578843221328 ], [ -76.416229646004908, 8.795097105038167 ], [ -76.418665264672484, 8.794221525126941 ], [ -76.419104671001477, 8.793739267819817 ], [ -76.419797383931524, 8.793800814253389 ], [ -76.420030322171371, 8.793563355283279 ], [ -76.419485591076153, 8.792468467844765 ], [ -76.418580913359335, 8.79178435499183 ], [ -76.418135810337745, 8.790262607353473 ], [ -76.417255096653136, 8.790217548822355 ], [ -76.416550828488482, 8.789550135052417 ], [ -76.416515264251842, 8.78850380649591 ], [ -76.417753457014726, 8.786867402602191 ], [ -76.421032645489461, 8.78584770322998 ], [ -76.421855611717945, 8.784897954318165 ], [ -76.421295252365198, 8.784155650958596 ], [ -76.422087025173767, 8.783780911004845 ], [ -76.422455566798931, 8.783062680203706 ], [ -76.42244916136552, 8.781038369434023 ], [ -76.422852251026157, 8.779799170341452 ], [ -76.42228632172565, 8.77862204564315 ], [ -76.422356263284243, 8.777445149906486 ], [ -76.421509017781375, 8.776500516507257 ], [ -76.420742221526353, 8.77454898379807 ], [ -76.420881274887691, 8.77333494336033 ], [ -76.421342207624932, 8.772579280773869 ], [ -76.420957791064282, 8.771591298100084 ], [ -76.421152623098351, 8.769884270835457 ], [ -76.422943061387073, 8.767903428729598 ], [ -76.424389848687056, 8.767166742807293 ], [ -76.424159114933971, 8.765111082120164 ], [ -76.426045446554582, 8.764148465676154 ], [ -76.427359503822728, 8.762566289956492 ], [ -76.42722186552669, 8.761028277569228 ], [ -76.427918221218761, 8.760266643661742 ], [ -76.428742524959517, 8.758002243221469 ], [ -76.428611194056643, 8.757681365497765 ], [ -76.427451783281697, 8.757288375061936 ], [ -76.428221633569535, 8.756611301825622 ], [ -76.428002265931937, 8.7558915280881 ], [ -76.4269133182774, 8.755803749116444 ], [ -76.426534935583703, 8.75538730068382 ], [ -76.426854778975525, 8.754837931188751 ], [ -76.427948821019726, 8.754546127282433 ], [ -76.42773510032454, 8.753522670794149 ], [ -76.428465042608394, 8.751766531783751 ], [ -76.4273102811662, 8.750143895568167 ], [ -76.428555456968098, 8.74922060685363 ], [ -76.428241710105766, 8.748891426828598 ], [ -76.427189864889442, 8.748649012300312 ], [ -76.426462435244005, 8.747859125183375 ], [ -76.426120455508553, 8.745804644678834 ], [ -76.424320877268528, 8.743578097218167 ], [ -76.423972199965846, 8.74173640100372 ], [ -76.423056232324711, 8.741258436171083 ], [ -76.422984328367221, 8.740504392544466 ], [ -76.423410951716946, 8.739788320019166 ], [ -76.42386242873539, 8.739671918969051 ], [ -76.423889801922982, 8.739245657499724 ], [ -76.423343241423964, 8.739024091458088 ], [ -76.422952045278464, 8.738334221474645 ], [ -76.42183002315079, 8.738211469211327 ], [ -76.421510397744299, 8.737773957203604 ], [ -76.423457997821941, 8.736428495761814 ], [ -76.423308467335843, 8.735586396158407 ], [ -76.424027726207996, 8.734999039075557 ], [ -76.424347074482242, 8.73388780013058 ], [ -76.425509069124757, 8.732628816005223 ], [ -76.425812789600158, 8.731567642909289 ], [ -76.425740381774631, 8.731127133897251 ], [ -76.424714839513342, 8.730197084196027 ], [ -76.424217130612433, 8.730244634285395 ], [ -76.423801242883428, 8.730724981693337 ], [ -76.423172524156755, 8.730668272951734 ], [ -76.422868899045568, 8.72962304074739 ], [ -76.423576838612902, 8.728358591998411 ], [ -76.424758619666562, 8.727089915772552 ], [ -76.424784426656885, 8.72621392225942 ], [ -76.425858828714269, 8.72508639401938 ], [ -76.425898333900477, 8.724326195789363 ], [ -76.426671755924872, 8.723745209160066 ], [ -76.427049948468564, 8.72294596243813 ], [ -76.428084273752717, 8.723030035925612 ], [ -76.4277566968195, 8.722275237817334 ], [ -76.428554510044776, 8.721756934334957 ], [ -76.427548015635836, 8.719873052017165 ], [ -76.428521263665445, 8.718756159721883 ], [ -76.428547524943937, 8.718172254949774 ], [ -76.428249495870489, 8.717889747360118 ], [ -76.426929725863872, 8.717751837940114 ], [ -76.426492877205334, 8.717239790787463 ], [ -76.426787181048169, 8.71658586376282 ], [ -76.426794479310388, 8.715341027072693 ], [ -76.427226458149704, 8.715180003409367 ], [ -76.428340282566694, 8.715460269371155 ], [ -76.428669532746909, 8.715186318859939 ], [ -76.42853736598768, 8.714379361223994 ], [ -76.428806439607015, 8.713689825207021 ], [ -76.428196753958048, 8.711015670964676 ], [ -76.428358245980633, 8.710371058293543 ], [ -76.42772735634766, 8.709813768224288 ], [ -76.427456753238388, 8.708893071997592 ], [ -76.426607709630332, 8.708648196246202 ], [ -76.42671174300456, 8.708273749527475 ], [ -76.42788679457685, 8.707515958911451 ], [ -76.426788963529958, 8.707060031725986 ], [ -76.426832059871629, 8.706333517708179 ], [ -76.426094389664158, 8.705745085954188 ], [ -76.425601945020631, 8.704831334296577 ], [ -76.426449753003027, 8.703763743900655 ], [ -76.425448332800784, 8.702519569153756 ], [ -76.426115576585474, 8.701222206733515 ], [ -76.426897595414161, 8.700837672919569 ], [ -76.427896106228985, 8.696652657997092 ], [ -76.429834392739735, 8.694899842834747 ], [ -76.429962090369628, 8.69445647699523 ], [ -76.429057241498242, 8.691270193758182 ], [ -76.428196683514741, 8.69049181961782 ], [ -76.421322699988835, 8.687290475035775 ], [ -76.417257351047851, 8.68767844846125 ], [ -76.416249603997144, 8.686155141186305 ], [ -76.416249433209074, 8.684938888696927 ], [ -76.415543374835366, 8.68354965584885 ] ] ] } },
{ "type": "Feature", "properties": { "CIRCUITO": "San Pedro - El Tres - Turbo", "LONG_INTER": 22.0, "ORDEN": 3, "NOMBRE_VIA": "El Bobal - San Pedro de Urabá", "CODIGO_VIA": "90AN01", "MPIO_NOMBR": "TURBO", "SUBREGION_": "URABA", "Long_km": 22.0, "AV_FISICO": 0.03, "AV_FINAN": 0.03, "CONTRATIST": "CONSORCIO URABÁ 25", "INTERV": "RENTAN - GRUPO INTECON S.A.S", "VALOR_CTO": 144973755369.0, "LOTE": 3, "PLAZO_MESE": 18, "FECHA_INI": "04/02/2026", "CTO": "25OO111B2822", "Shape_Leng": 21872.142872600001 }, "geometry": { "type": "MultiLineString", "coordinates": [ [ [ -76.395265455089685, 8.28780509785947 ], [ -76.401754233155742, 8.284267565381075 ], [ -76.403357510780339, 8.284371018883441 ], [ -76.407882943837507, 8.285487045055397 ], [ -76.411438063534874, 8.285260695498614 ], [ -76.412337676664208, 8.284763813740536 ], [ -76.415206261280801, 8.282175535640354 ], [ -76.417420686778826, 8.280905156759244 ], [ -76.419444885560353, 8.280426953710759 ], [ -76.423736350814409, 8.280741976981162 ], [ -76.429158097112747, 8.276153407956105 ], [ -76.429483402942083, 8.275264608856858 ], [ -76.429213235548644, 8.273733082602826 ], [ -76.429437324006642, 8.272947627875304 ], [ -76.435026615801974, 8.266981057955224 ], [ -76.43655038624901, 8.263133806004012 ], [ -76.437626627290015, 8.262042212035432 ], [ -76.438458024028108, 8.260180937571659 ], [ -76.439082105146653, 8.257377941997389 ], [ -76.440745717565363, 8.255469260842908 ], [ -76.442065134746287, 8.252302056253765 ], [ -76.443958936767217, 8.250224235687627 ], [ -76.445527305285253, 8.245795613416714 ], [ -76.446523643302356, 8.241860826995984 ], [ -76.448360975710315, 8.23925414641403 ], [ -76.448329156396937, 8.235919796008297 ], [ -76.451016399928108, 8.232339603578566 ], [ -76.456513566294618, 8.230110601764139 ], [ -76.463465327460369, 8.229613140189008 ], [ -76.465457041594078, 8.22886104852582 ], [ -76.466567685866394, 8.227838345689648 ], [ -76.467445656925364, 8.227612967745145 ], [ -76.47090431281751, 8.228312817304662 ], [ -76.472953449703041, 8.228086620618491 ], [ -76.473771605323392, 8.226912895892621 ], [ -76.47439490015897, 8.226502003965754 ], [ -76.476426934548627, 8.226730788501165 ], [ -76.477614013940951, 8.226194271994391 ], [ -76.478239766084755, 8.225358965158915 ], [ -76.478830294091111, 8.223594597548441 ], [ -76.480347329712757, 8.222268807285081 ], [ -76.486077398070009, 8.21945954351448 ], [ -76.487653537708766, 8.219566867298337 ], [ -76.489198286839411, 8.220690630322949 ], [ -76.492683892442997, 8.220925420592165 ], [ -76.494048759884109, 8.220353405395592 ], [ -76.497139577051755, 8.220775690255179 ], [ -76.498091203885878, 8.220274287872988 ], [ -76.499370819282959, 8.218811474952764 ], [ -76.502876089937388, 8.218193745770321 ], [ -76.503894979791909, 8.217318450756824 ], [ -76.510013820944081, 8.217244428412105 ], [ -76.510997896791508, 8.216507169494701 ], [ -76.512567533595615, 8.216312335187276 ], [ -76.514333803945547, 8.21434006485117 ], [ -76.517332185545115, 8.214395836620991 ], [ -76.518181700657806, 8.213790134370264 ], [ -76.51921261406558, 8.213563277639023 ], [ -76.520391354794228, 8.212226000946279 ], [ -76.520727419818826, 8.211075453000035 ], [ -76.521839128026599, 8.210338201076485 ], [ -76.522045647916087, 8.207722345257134 ], [ -76.525771053538122, 8.202487469117651 ], [ -76.525596038863213, 8.202062306315026 ], [ -76.524778432961, 8.201580667541567 ], [ -76.523278403764337, 8.198852357263318 ], [ -76.520285273387159, 8.195716807998725 ], [ -76.519644770075161, 8.193779488151611 ], [ -76.519473001409565, 8.192462048520429 ], [ -76.519894496880298, 8.190443369666619 ], [ -76.521270154578019, 8.189229968318184 ], [ -76.521934649867134, 8.18793136259869 ], [ -76.521899435539794, 8.186496971694643 ], [ -76.522546112151716, 8.185944965885486 ] ] ] } },
{ "type": "Feature", "properties": { "CIRCUITO": "Titiribi - Armenia", "LONG_INTER": 10.0, "ORDEN": 2, "NOMBRE_VIA": "Alto del Chuscal - Armenia - Titiribí", "CODIGO_VIA": "60AN08-1", "MPIO_NOMBR": "ARMENIA", "SUBREGION_": "OCCIDENTE", "Long_km": 5.0, "AV_FISICO": 0.03, "AV_FINAN": 0.03, "CONTRATIST": "CONSORCIO EL PROGRESO", "INTERV": "RENTAN - CONSORCIO TEMPORALES", "VALOR_CTO": 104855613958.0, "LOTE": 2, "PLAZO_MESE": 18, "FECHA_INI": "10/02/2026", "CTO": "25OO111B2821", "Shape_Leng": 4901.4943828699998 }, "geometry": { "type": "MultiLineString", "coordinates": [ [ [ -75.785033567565847, 6.148628707816552 ], [ -75.786069237033345, 6.148930002093205 ], [ -75.789567660425604, 6.151955415183829 ], [ -75.791176542819315, 6.152062563871239 ], [ -75.791451573707036, 6.153082107556522 ], [ -75.792708589682917, 6.153758762068993 ], [ -75.792910051929454, 6.154710976273697 ], [ -75.79402430948177, 6.155132923531345 ], [ -75.794903272767158, 6.156102858792628 ], [ -75.795994000662873, 6.156639812783997 ], [ -75.797032241431339, 6.156362576461421 ], [ -75.79774649106578, 6.156785907770249 ], [ -75.79852997774401, 6.156578608343883 ], [ -75.799322022322002, 6.156921168245467 ], [ -75.799792093632831, 6.156414663725944 ], [ -75.800417900526796, 6.156337907704478 ], [ -75.800814519516862, 6.155868174859463 ], [ -75.802060874458533, 6.155328212790712 ], [ -75.80346332193001, 6.153787171728647 ], [ -75.80409811239322, 6.151790646022534 ], [ -75.805027066410005, 6.15031643546095 ], [ -75.805700352317956, 6.148489615916228 ] ], [ [ -75.807125603247897, 6.145511979642961 ], [ -75.807867269777205, 6.144033485072489 ], [ -75.807373542257594, 6.142974704696551 ], [ -75.807021751892236, 6.140708427588798 ], [ -75.807596942743658, 6.139322858306895 ], [ -75.808168055764384, 6.139154685901053 ], [ -75.80911529691187, 6.137371591477357 ], [ -75.808963550803171, 6.135963086434225 ], [ -75.809210842894771, 6.133424238318428 ], [ -75.808460453717558, 6.131724053059143 ] ] ] } },
{ "type": "Feature", "properties": { "CIRCUITO": "Titiribi - Armenia", "LONG_INTER": 10.0, "ORDEN": 2, "NOMBRE_VIA": "Alto del Chuscal - Armenia - Titiribí", "CODIGO_VIA": "60AN08-1", "MPIO_NOMBR": "TITIRIBÍ", "SUBREGION_": "SUROESTE", "Long_km": 5.0, "AV_FISICO": 0.03, "AV_FINAN": 0.03, "CONTRATIST": "CONSORCIO VIAS ANTIOQUIA MM 2025", "INTERV": "RENTAN - SADING GROUP S.A.S", "VALOR_CTO": 72870090400.0, "LOTE": 5, "PLAZO_MESE": 12, "FECHA_INI": "05/02/2026", "CTO": "25OO111B2824", "Shape_Leng": 4783.5629603699999 }, "geometry": { "type": "MultiLineString", "coordinates": [ [ [ -75.79170987211775, 6.075447955898341 ], [ -75.791959973095118, 6.075715236040208 ], [ -75.791929922953173, 6.076508155818083 ], [ -75.792838747923412, 6.077158316983005 ], [ -75.792515423720829, 6.079454308000511 ], [ -75.791855883961148, 6.080274207579442 ], [ -75.792120498157786, 6.080839520671279 ], [ -75.792796064631091, 6.080333940819491 ], [ -75.792932113614668, 6.081761017636929 ], [ -75.793499299111332, 6.08298940700133 ], [ -75.793269322682519, 6.084568106885676 ], [ -75.79244630321358, 6.085727456298425 ], [ -75.792979013251866, 6.08631083756487 ], [ -75.792377443353629, 6.086546130124518 ], [ -75.792370425254646, 6.087599206593441 ], [ -75.791752841655651, 6.088161582297573 ] ], [ [ -75.796150830492422, 6.06604331564633 ], [ -75.795711290487844, 6.067409900877679 ], [ -75.796072957865576, 6.068765324441825 ], [ -75.795695576486821, 6.069603393930218 ], [ -75.796126485253637, 6.070672950511197 ], [ -75.796589236112965, 6.070753620286663 ], [ -75.796562616627227, 6.072502252484747 ], [ -75.797135875052078, 6.073551090736486 ], [ -75.796728975460269, 6.073502529814368 ], [ -75.796133131223016, 6.072453927161248 ], [ -75.795503737875052, 6.072039223633824 ], [ -75.795640680529971, 6.071400632749901 ], [ -75.794670676200525, 6.070416712774738 ], [ -75.794514601412928, 6.070625340015202 ], [ -75.795041228844369, 6.071458472068359 ], [ -75.794652589123345, 6.072423196749534 ], [ -75.794786209767736, 6.073307497643722 ], [ -75.794373392249369, 6.073218501001375 ], [ -75.794010670483686, 6.072428120231376 ], [ -75.794140208638609, 6.071431293602237 ], [ -75.792673987533689, 6.070301908256562 ], [ -75.792488638493907, 6.070569137178858 ], [ -75.792978857788825, 6.071943707453559 ], [ -75.792651171133954, 6.072951742595029 ], [ -75.793232106116974, 6.074389522661995 ], [ -75.792086993416575, 6.072671170723801 ], [ -75.791655618780112, 6.07284254139111 ] ] ] } },
{ "type": "Feature", "properties": { "CIRCUITO": "Guarne - Yolombal", "LONG_INTER": 5.0, "ORDEN": 2, "NOMBRE_VIA": "Guarne - San Vicente", "CODIGO_VIA": "60AN12", "MPIO_NOMBR": "GUARNE", "SUBREGION_": "ORIENTE", "Long_km": 3.85, "AV_FISICO": 0.03, "AV_FINAN": 0.03, "CONTRATIST": "POR DEFINIR (RENTAN)", "INTERV": "RENTAN - POR DEFINIR", "VALOR_CTO": 108554215084.00002, "LOTE": 1, "PLAZO_MESE": 15, "FECHA_INI": "20/01/2026", "CTO": "4600018900", "Shape_Leng": 3729.36510847 }, "geometry": { "type": "MultiLineString", "coordinates": [ [ [ -75.402406878177871, 6.317466506066353 ], [ -75.402054863329553, 6.318079531967765 ], [ -75.401402362238485, 6.317898632674874 ], [ -75.401017617948227, 6.31886604143421 ], [ -75.399875531836784, 6.319394477907903 ], [ -75.400892305555573, 6.320681362607067 ], [ -75.400706061527416, 6.321403698497964 ], [ -75.401268690014277, 6.321579412399749 ], [ -75.400736259112975, 6.322729574938789 ], [ -75.400635159692044, 6.323822826164715 ], [ -75.401276243835269, 6.324850227045813 ], [ -75.40053550738034, 6.327074750917524 ], [ -75.40126564880525, 6.329718376104938 ], [ -75.399569404088339, 6.332858480243824 ], [ -75.400075322110936, 6.333990429558551 ], [ -75.397745391094119, 6.334091278010186 ], [ -75.396988425879016, 6.333571044619068 ], [ -75.396549057776326, 6.334511432895816 ], [ -75.395458489737365, 6.333773865075433 ], [ -75.394686811326949, 6.334058747538783 ], [ -75.392709970175645, 6.333970201709894 ], [ -75.391318901030033, 6.332672351475901 ], [ -75.391568925133555, 6.331219773305848 ], [ -75.390884166639623, 6.330976944360768 ], [ -75.390088648235817, 6.331686316558086 ] ] ] } },
{ "type": "Feature", "properties": { "CIRCUITO": "Guarne - Yolombal", "LONG_INTER": 5.0, "ORDEN": 2, "NOMBRE_VIA": "Guarne - San Vicente", "CODIGO_VIA": "60AN12", "MPIO_NOMBR": "SAN VICENTE", "SUBREGION_": "ORIENTE", "Long_km": 1.15, "AV_FISICO": 0.03, "AV_FINAN": 0.03, "CONTRATIST": "POR DEFINIR (RENTAN)", "INTERV": "RENTAN - POR DEFINIR", "VALOR_CTO": 108554215084.00002, "LOTE": 1, "PLAZO_MESE": 15, "FECHA_INI": "20/01/2026", "CTO": "4600018900", "Shape_Leng": 1126.63161416 }, "geometry": { "type": "MultiLineString", "coordinates": [ [ [ -75.390088648235817, 6.331686316558086 ], [ -75.389435311354603, 6.332251256711042 ], [ -75.38843915386957, 6.33191975713575 ], [ -75.387129863258323, 6.332644143404949 ], [ -75.386620503064833, 6.332312768828182 ], [ -75.386160523774265, 6.33141508584491 ], [ -75.385012749473432, 6.330704181682752 ], [ -75.383657118240578, 6.331904412090599 ], [ -75.38173384954311, 6.33243241429036 ] ] ] } },
{ "type": "Feature", "properties": { "CIRCUITO": "Ebejico - Miserenga", "LONG_INTER": 1.0, "ORDEN": 2, "NOMBRE_VIA": "La Miserenga (Cruce Ruta 62) - Ebéjico - Heliconia - Alto del Chuscal", "CODIGO_VIA": "62AN17", "MPIO_NOMBR": "EBÉJICO", "SUBREGION_": "OCCIDENTE", "Long_km": 1.0, "AV_FISICO": 0.03, "AV_FINAN": 0.03, "CONTRATIST": "CONSORCIO EL PROGRESO", "INTERV": "RENTAN - CONSORCIO TEMPORALES", "VALOR_CTO": 104855613958.0, "LOTE": 2, "PLAZO_MESE": 18, "FECHA_INI": "10/02/2026", "CTO": "25OO111B2821", "Shape_Leng": 960.42472454599999 }, "geometry": { "type": "MultiLineString", "coordinates": [ [ [ -75.71380713072584, 6.347240658856549 ], [ -75.715586632206538, 6.348752419715872 ], [ -75.715593789063064, 6.350325036004166 ], [ -75.716246578851212, 6.351347896442091 ], [ -75.71597584864827, 6.3524134626604 ], [ -75.716524526399738, 6.352849114374904 ], [ -75.716275334306914, 6.353419270794468 ], [ -75.716878802310376, 6.354382512486028 ] ] ] } },
{ "type": "Feature", "properties": { "CIRCUITO": "San Pedro de Urabá - Arboletes", "LONG_INTER": 30.0, "ORDEN": 3, "NOMBRE_VIA": "San Pedro de Urabá - El Tambito", "CODIGO_VIA": "62AN02-2", "MPIO_NOMBR": "ARBOLETES", "SUBREGION_": "URABA", "Long_km": 4.8, "AV_FISICO": 0.03, "AV_FINAN": 0.03, "CONTRATIST": "CONSORCIO URABÁ 25", "INTERV": "RENTAN - GRUPO INTECON S.A.S", "VALOR_CTO": 144973755369.0, "LOTE": 3, "PLAZO_MESE": 18, "FECHA_INI": "04/02/2026", "CTO": "25OO111B2822", "Shape_Leng": 4744.2670792099998 }, "geometry": { "type": "MultiLineString", "coordinates": [ [ [ -76.415543374835366, 8.68354965584885 ], [ -76.415018515712532, 8.683061266389252 ], [ -76.411753153481939, 8.682869389890499 ], [ -76.407504395750735, 8.681042554183845 ], [ -76.406473439893361, 8.679190425871848 ], [ -76.406475668109039, 8.677034220385826 ], [ -76.405696609249077, 8.674908937687425 ], [ -76.404308551571305, 8.674142755726342 ], [ -76.402901876785762, 8.674306039914967 ], [ -76.401811824094551, 8.674018505203087 ], [ -76.400437715755359, 8.673111317548695 ], [ -76.400010793833843, 8.669951821644037 ], [ -76.398853060766299, 8.668880946060529 ], [ -76.399327031662025, 8.667834489075165 ], [ -76.397388682972547, 8.664070148020706 ], [ -76.397481471314634, 8.662449338726269 ], [ -76.395853950587366, 8.662156121118876 ], [ -76.395078003120929, 8.661283057238135 ], [ -76.394082789164074, 8.661265061796097 ], [ -76.393472953916472, 8.660650617968763 ], [ -76.392611176429313, 8.660798354122102 ], [ -76.392078229181664, 8.659677589076413 ], [ -76.390978837122731, 8.659598001552292 ], [ -76.390682155577352, 8.658429879249331 ], [ -76.389517870200891, 8.658461587488359 ] ] ] } },
{ "type": "Feature", "properties": { "CIRCUITO": "Ebéjico - Heliconia - Medellin", "LONG_INTER": 28.76, "ORDEN": 2, "NOMBRE_VIA": "La Miserenga (Cruce Ruta 62) - Ebéjico - Heliconia - Alto del Chuscal", "CODIGO_VIA": "62AN17", "MPIO_NOMBR": "HELICONIA", "SUBREGION_": "OCCIDENTE", "Long_km": 17.53, "AV_FISICO": 0.03, "AV_FINAN": 0.03, "CONTRATIST": "CONSORCIO EL PROGRESO", "INTERV": "RENTAN - CONSORCIO TEMPORALES", "VALOR_CTO": 104855613958.0, "LOTE": 2, "PLAZO_MESE": 18, "FECHA_INI": "10/02/2026", "CTO": "25OO111B2821", "Shape_Leng": 16795.910494100001 }, "geometry": { "type": "MultiLineString", "coordinates": [ [ [ -75.787823977166312, 6.265174963088729 ], [ -75.787734053995834, 6.263517677248601 ], [ -75.785147704827097, 6.258062362311094 ], [ -75.783875616614992, 6.256416921283332 ], [ -75.781904077509623, 6.255126866926289 ], [ -75.780661315081687, 6.253971419509102 ], [ -75.779860170814842, 6.252740023232235 ], [ -75.778776478668931, 6.252171170258509 ], [ -75.777890300924099, 6.248599949660922 ], [ -75.77595316388431, 6.24649551957475 ], [ -75.77555375662341, 6.246990409632011 ], [ -75.775527390265538, 6.247942917861947 ], [ -75.774788773368513, 6.248301403107666 ], [ -75.774657114089322, 6.249121629060014 ], [ -75.774046479089179, 6.249609745379611 ], [ -75.773416250633417, 6.249521712964671 ], [ -75.772289311072953, 6.250877983426597 ], [ -75.7716067458705, 6.250482380648113 ], [ -75.771154733609194, 6.250561461640114 ], [ -75.770854576894294, 6.250028610636738 ], [ -75.770274139639213, 6.250207414841419 ], [ -75.769566964054206, 6.249839326004962 ], [ -75.768542367752346, 6.249829099393844 ], [ -75.767289544788184, 6.250385592953159 ], [ -75.766309284931566, 6.251745687037658 ], [ -75.765330972606421, 6.251548839477387 ], [ -75.764520129100717, 6.250593791482435 ], [ -75.763516458974124, 6.251047677048335 ], [ -75.762713678920193, 6.250317544574341 ], [ -75.762136363948457, 6.250625258802499 ], [ -75.760822537789863, 6.250055145577706 ], [ -75.759431645756308, 6.250326112713481 ], [ -75.759089628030523, 6.250639007056903 ], [ -75.758469612439868, 6.251545664608014 ], [ -75.759296544896415, 6.252242960809781 ], [ -75.758967810100572, 6.25248814399339 ], [ -75.757750837318298, 6.252330357249645 ], [ -75.757384607656832, 6.250782932309317 ], [ -75.756879322517648, 6.250733600355983 ], [ -75.755623251371318, 6.252132934491835 ], [ -75.755574414666611, 6.253533337046627 ], [ -75.753022799805578, 6.256203570590562 ], [ -75.752024872644569, 6.256434955054959 ], [ -75.750845475063585, 6.257155371483854 ], [ -75.750583464552378, 6.256975276014649 ], [ -75.751149677364566, 6.256614843978111 ], [ -75.750825455307506, 6.255617303595712 ], [ -75.751177330573952, 6.254802245465049 ], [ -75.750441557129918, 6.254683424231775 ], [ -75.751031369475299, 6.253468059934824 ], [ -75.751665493718889, 6.253125901925461 ], [ -75.750652353203492, 6.252528828269155 ], [ -75.751801616014617, 6.252464185251533 ], [ -75.750596688663435, 6.251609553205217 ], [ -75.749856694612703, 6.25170519869678 ], [ -75.749858261442014, 6.251421355394768 ], [ -75.750504559905451, 6.251068671826132 ], [ -75.749945162919374, 6.250368002548357 ], [ -75.749246600568043, 6.250607274018011 ], [ -75.748777654385449, 6.251155008132367 ], [ -75.748804512299174, 6.252054225572142 ], [ -75.748180524323303, 6.251798660211159 ], [ -75.748401007533573, 6.250481055668747 ], [ -75.748024865091764, 6.249456403061149 ], [ -75.749085285730374, 6.248786620488964 ], [ -75.748751641459293, 6.24825364916426 ], [ -75.748902943077312, 6.2476591621441 ], [ -75.748468619063701, 6.247790750215021 ], [ -75.748508720068898, 6.248412340411269 ], [ -75.747422994581015, 6.248800364692073 ], [ -75.747096797717518, 6.249255248985015 ], [ -75.747434728725707, 6.250335096013831 ], [ -75.746531728097992, 6.251054452044814 ], [ -75.746337764554511, 6.251634391109681 ], [ -75.746632602936231, 6.252189201240996 ], [ -75.745950086524687, 6.25329587768389 ], [ -75.745644680750274, 6.253276046116857 ], [ -75.745058826124946, 6.252236453267163 ], [ -75.744391253145977, 6.251991302954245 ], [ -75.744642462067674, 6.250610645332931 ], [ -75.744382110319023, 6.250192803636023 ], [ -75.7432100485902, 6.249707000483312 ], [ -75.743868318220123, 6.248684036961344 ], [ -75.742656764478923, 6.247496161510859 ], [ -75.743393182095303, 6.247160471012648 ], [ -75.743793993708209, 6.245609202192083 ], [ -75.742300293928864, 6.244783560426995 ], [ -75.742176501172878, 6.242838395058314 ], [ -75.74272025751371, 6.242034599499398 ], [ -75.742065061523405, 6.242037610696364 ], [ -75.741905368194537, 6.241770047989683 ], [ -75.742085878966961, 6.241134427927939 ], [ -75.743255522639174, 6.240816524313706 ], [ -75.742094372377409, 6.240299536620541 ], [ -75.74294421182762, 6.240218916421275 ], [ -75.743198058825314, 6.239812755641513 ], [ -75.741800163329771, 6.238923259651791 ], [ -75.741863721456099, 6.238416442666787 ], [ -75.741414172201161, 6.238105887057979 ], [ -75.742004479199721, 6.238038508389566 ], [ -75.741272803097445, 6.236987571168759 ], [ -75.74185178952709, 6.236394503472795 ], [ -75.740530753097644, 6.23588343852014 ], [ -75.740372231152406, 6.23531606932116 ], [ -75.739801534812429, 6.235242549632471 ], [ -75.739317127735333, 6.233661077460384 ], [ -75.739435982222943, 6.232907194180249 ], [ -75.738861999048439, 6.232629658236251 ], [ -75.739717823916521, 6.231136104342889 ], [ -75.739195702122686, 6.229671242803517 ], [ -75.738263954986309, 6.229149173106014 ], [ -75.738878850379535, 6.228190138771689 ], [ -75.73852901874082, 6.227025973546365 ], [ -75.739204370710027, 6.226804530443722 ], [ -75.739854283263554, 6.225968863314632 ], [ -75.741111915280172, 6.225657662824267 ], [ -75.741423708063891, 6.225003673433135 ], [ -75.741361911751, 6.223515337450514 ], [ -75.739418001879997, 6.221841713379695 ], [ -75.739917656364781, 6.221212970452553 ], [ -75.739801674054775, 6.220942294508304 ], [ -75.737879153420323, 6.221001570485417 ], [ -75.737106881118592, 6.220355944591424 ], [ -75.736169028181777, 6.218144441826608 ], [ -75.736534129351398, 6.217294723502995 ], [ -75.736154429210629, 6.216758629205613 ], [ -75.737432050016025, 6.21511602858553 ], [ -75.736585412141466, 6.212749370616535 ], [ -75.736783991001701, 6.212127107909587 ], [ -75.735962931601662, 6.211610847826023 ], [ -75.735440878287136, 6.210173436482786 ], [ -75.73437747722879, 6.210081471171179 ], [ -75.734328544908678, 6.20981570854549 ] ] ] } }
]
}
